Date,Headline
2020-10-01,A standoff over further federal aid and concern over the pandemic’s duration are pushing companies to eliminate jobs.
2020-10-01,With few people traveling and lawmakers deadlocked on a stimulus package American Airlines and United Airlines are cutting more than 30000 jobs.
2020-10-01,After Tuesday’s debacle right-wing activists and politicians accused Chris Wallace and the Commission on Presidential Debates of being biased against President Trump.
2020-10-01,BitMEX made itself a haven for hackers and illegal transactions American prosecutors said.
2020-10-01,Banks collected at least $13 billion in fees on Paycheck Protection Program loans according to a New York Times analysis. But the largest lenders say costs wiped out most of what they took in.
2020-10-01,Many of the posts on the pages include false or misleading information.
2020-10-01,The unemployment insurance system — the main artery for delivering financial assistance to laid-off workers — has been besieged during the coronavirus crisis by fraud schemes aimed at bilking the government out of hundreds of millions of dollars.
2020-10-01,House Democrats on Thursday pushed through a $2.2 trillion stimulus plan that would provide aid to families schools restaurants businesses and airline workers advancing a wish list with little chance of becoming law.
2020-10-01,Shares in the Swedish retailer H&M rose more than 7 percent after the company said online sales were growing strongly and the company had already returned to profit in the third quarter.
2020-10-01,Pandemic programs have lowered the barriers to collecting benefits and the usual security methods haven’t kept up.
2020-10-02,Many people who lost their jobs in the first weeks of the coronavirus crisis now officially count as long-term unemployed.
2020-10-02,As the president clashes with the courts some companies and investors say tougher limits on temporary work visas will help push jobs overseas.
2020-10-02,Trump administration officials on Friday put a positive spin on a lackluster jobs report that alarmed economists insisting that a “V-shaped” recovery was intact even as the pace of monthly job gains had slowed substantially.
2020-10-02,Stories about Trump’s taxes the Proud Boys and Chris Wallace’s debate performance dominated social media feeds this week.
2020-10-02,Overnight hundreds of tweets were posted casting doubt on President Trump’s positive coronavirus test result.
2020-10-02,The anchor who sat about 12 feet from President Trump at Tuesday’s debate also criticized one of Mr. Trump’s pandemic advisers.
2020-10-02,The network is taking precautions after Lachlan Murdoch Sean Hannity and other key Fox figures attended the debate moderated by Chris Wallace.
2020-10-02,Payrolls grew last month but permanent layoffs are rising the labor force is contracting and fewer women are employed.
2020-10-02,Tesla reported record deliveries in the third quarter as growing interest in electric vehicles and other cars boosted sales across the industry.
2020-10-02,Trump administration officials claim the Chinese-owned app presents a security risk to American users.
2020-10-03,No patients were affected but the incident was another reminder of the risks in the increasingly common assaults on computer networks.
2020-10-03,Soon a wave of people will have been out of work for more than six months the threshold for long-term unemployment.
2020-10-04,President Trump’s coronavirus diagnosis throws markets — and his campaign — into turmoil.
2020-10-05,While the drug has not been shown to effectively treat Covid-19 many people on Twitter and Facebook urged President Trump to take it.
2020-10-05,Testing alone won’t stop the spread of Covid-19 as President Trump’s illness shows.
2020-10-05,The pandemic and wildfires have underscored issues of housing and growth. Will the disruptions and dislocations force the state to chart a new course?
2020-10-05,Some of President Trump’s supporters viewed his appearance in an S.U.V. to greet supporters as a sign that he was overcoming his illness.
2020-10-05,Ms. Rovner the former president of Warner Bros. Television joins the executive team being put together by Mark Lazarus.
2020-10-05,Cineworld the parent company of the second largest chain in the U.S. is closing all its theaters in the country as studios keep postponing releases and audiences remain reluctant to return to the movies.
2020-10-05,Mr. Pearlstine came out of retirement two years ago to steady the newspaper one of the country’s largest after years of turmoil under its previous owner.
2020-10-05,Medical experts said the president’s message downplayed the dangers of the coronavirus. But it fell into a gray area for the social media platforms.
2020-10-05,The bible of surfing and surf culture which became part of the company that owned The National Enquirer last year is closing after a six-decade run its editor said.
2020-10-05,At least three correspondents have tested positive for the coronavirus along with the press secretary and two of her deputies.
2020-10-06,The head of a family business is trying to keep eight hotel properties afloat despite fewer travelers and worried lenders. He may not succeed.
2020-10-06,Recent commercial real estate transactions in New York.
2020-10-06,Experts have said repeatedly that the coronavirus poses a far more serious threat than influenza viruses.
2020-10-06,It’s a small but telling detail in The Times’s exposé on the president’s taxes.
2020-10-06,President Trump said he was calling off the talks just hours after Jerome H. Powell the Federal Reserve chair argued that it was better to overdo the pandemic policy response to avert “tragic” fallout.
2020-10-06,In a report led by Democrats lawmakers said Apple Amazon Google and Facebook needed to be checked and recommended they be restructured and that antitrust laws be reformed.
2020-10-06,The company said an earlier effort to curb the conspiracy movement’s growth didn’t properly address its increasing popularity.
2020-10-06,The vice president’s team objected to the safety measure but later acquiesced. An aide to Senator Kamala Harris criticized her opponent’s dismissal of the need for dividers.
2020-10-06,Read the report.
2020-10-06,Lawmakers said they found multiple problems with each of the four giant tech companies.
2020-10-07,The Defense Department last month awarded a handful of unexpected and inexperienced companies with multimillion-dollar contracts to produce disposable medical gowns to protect workers on the front lines of the coronavirus pandemic.
2020-10-07,She said she had “obvious concerns about working indoors during an outbreak.” The White House Correspondents’ Association pushed for more information on known infections.
2020-10-07,Hours after Facebook cracked down on all QAnon groups pages and Instagram accounts conspiracists integrated the prohibition into their narrative.
2020-10-07,QAnon #TrumpCovidHoax and other conspiracy theories may be part of a larger authority crisis created by the internet.
2020-10-07,President Trump cut off negotiations over a new aid package on Tuesday. Economists of all stripes agree that could be a costly mistake.
2020-10-07,In notes from their September meeting Federal Reserve officials said optimism about a strong rebound hinged on government help.
2020-10-07,Political ads will be banned indefinitely after polls close on Nov. 3 and the company plans new steps to limit misinformation about the results.
2020-10-07,A misdirected money transfer of nearly $1 billion and a string of other mistakes prompted regulators to call for a major internal revamp.
2020-10-07,Investors are warming to the possibility of a “blue wave” as Joseph R. Biden Jr. rises in the polls and the chances of a contested election diminish.
2020-10-07,An award-winning magazine may have reached the end after Laurene Powell Jobs’s Emerson Collective a major media player severed ties with its parent company.
2020-10-08,More than 800000 Americans filed new applications for state unemployment benefits.
2020-10-08,Some corporate bosses who received stock awards this year are sitting on gains of millions of dollars.
2020-10-08,The split-up strategy reflects how decisively computing has shifted to the cloud.
2020-10-08,An experimental antibody cocktail taken by the president has not yet been proven effective against the illness caused by the coronavirus.
2020-10-08,A celebrity news agency in Los Angeles also agreed to turn over photos of the couple’s young son and destroy its copies after a settlement in an invasion-of-privacy case.
2020-10-08,Trump administration officials have said the Chinese-owned app presents a security risk to American users.
2020-10-08,The complaint says the contractor HCL refused to negotiate with the union and retaliated by shipping work to Poland.
2020-10-08,The matchup was second only to Sarah Palin’s debate with Joe Biden in 2008 according to Nielsen.
2020-10-08,The president is falling behind in the polls but his Facebook page is more engaged than ever.
2020-10-08,The deficit is a direct result of the federal response to the coronavirus pandemic.
2020-10-09,What started as a coronavirus stopgap is likely to have a permanent impact on the way people shop along with giving them a new reason to continue to visit beleaguered physical stores.
2020-10-09,The platform is trying to address growing concern that falsehoods could lead to instability. Most of the changes will start on Oct. 20.
2020-10-09,Facebook complaining about a bad policy that the company helped initiate is more than an eye-rolling joke.
2020-10-09,Attendance has been low since the July reopening but health officials and worker unions also say safety protocols have kept the coronavirus at bay.
2020-10-09,Owners are flummoxed by how the loan forgiveness phase of the Paycheck Protection Program will work as lenders await clarity and guidance.
2020-10-09,With more Americans riding bikes there’s new pressure to find ways to make the streets safer for everyone.
2020-10-09,Van Halen obituaries a Netflix indictment and a Proud Boys trolling campaign were the week’s most-engaged news stories on social media.
2020-10-09,Channing Dungey a vice president of original series at Netflix is leaving the streaming service after less than two years the company said on Friday.
2020-10-09,Fortnite’s parent company Epic Games had broken its contract with Apple a federal judge found. The case goes to trial next year.
2020-10-09,Contracting Covid-19 may have hospitalized President Trump and jeopardized his re-election campaign. But it’s been great for his Facebook page.
2020-10-10,As the coronavirus resumes spreading rapidly across the continent hopes for an economic revival have given way to diminished expectations.
2020-10-11,A top editor is now reviewing Rukmini Callimachi’s reporting on terrorism which turned distant conflicts into accessible stories but drew criticism from colleagues.
2020-10-11,The picturesque Gard desperately needs more employment. But environmentalists are pushing back at what they see as a looming blight.
2020-10-11,Covid-19 Essentials may be the country’s first retail chain dedicated solely to products required because of an infectious disease.
2020-10-11,People are getting defrauded as they turn to Square’s Cash App and PayPal’s Venmo to do more online banking in the pandemic.
2020-10-11,Conservatives have raised questions about public decency on the Chinese-owned service but opposition groups see an effort to stop criticism of the country’s leadership.
2020-10-12,The billionaire chief of Apollo Global Management had a far deeper relationship than previously known.
2020-10-12,Leon Black whose $9 billion fortune could buy the best counsel in the world paid at least $50 million to Mr. Epstein for advice and services after most others had deserted him.
2020-10-12,People are engaging more on Facebook with content from outlets that publish falsehoods and distortions even though the social network has tried limiting misinformation new research found.
2020-10-12,The gap between the Democrats’ proposed $2.2 trillion relief package and the White House’s $1.8 trillion offer may look relatively small in the grand scheme of things. But an agreement on the aid that many say is needed to keep the economic recovery on track seems remote despite frenzied talks in recent days.
2020-10-12,Paul Milgrom and Robert Wilson were honored for work that has pushed auctions into new and useful territory.
2020-10-12,Mark Zuckerberg Facebook’s chief executive once cited Holocaust denial as something he would allow on the social network for free speech reasons.
2020-10-12,The move was one of the biggest by Bob Chapek since he became C.E.O. in February.
2020-10-12,Samsung and Fila distanced themselves from the K-pop band becoming the latest example of multinational companies deferring to Chinese patriotic sentiment.
2020-10-12,Just being a customer now makes people a target for inescapable corporate advocacy.
2020-10-12,A monthslong dispute centers on the New York public broadcaster’s planned changes to its diversity council and its leader’s statement on racism.
2020-10-13,Workers have proposed that Amazon let all employees including warehouse workers get a paid day off on Election Day.
2020-10-13,Baseless claims are circulating online about a Democrat-led coup inflaming tensions in an already turbulent election season.
2020-10-13,Apple did not markedly increase the cost of its newest devices from last year.
2020-10-13,The newest iPhones have 5G capability and improved design features. But Apple was vague about just how much faster the phones would be.
2020-10-13,Here are three steps to take to arrive at an answer.
2020-10-13,The company’s smart speaker product has not been as successful as Amazon Echo and Google Home.
2020-10-13,A company operating in the shadow of government regulators has some very particular rules about what workers can say about it.
2020-10-13,The social network which prohibits misinformation related to the coronavirus has also banned other types of content in recent days.
2020-10-13,The newest iPhones are expected to run on next-generation 5G cellular networks. Let’s get real about what that means.
2020-10-13,The president’s financial disclosure report shows his biggest creditors. There is none bigger than Deutsche Bank.
2020-10-14,The misinformation touches on ballot boxes the “deep state” and a conspiracy involving the coronavirus and the vote.
2020-10-14,These days nothing goes without saying.
2020-10-14,The Justice Department said the company had helped fix the price of chicken and passed the cost to consumers.
2020-10-14,Treasury Secretary Steven Mnuchin said on Wednesday that he did not expect an economic relief package to be enacted before the Nov. 3 election as he and Speaker Nancy Pelosi of California have continued to struggle to reach an agreement on a broad package to support the economy.
2020-10-14,The skyscraper the iconic urban office tower still captivates by offering jaw-dropping views and the thrill of hovering in the clouds. But in the pandemic the groundscraper — a building as horizontal as a skyscraper is vertical — has been grabbing attention.
2020-10-14,The health organization said it continued to advocate a “do it all” approach including shutdowns when necessary.
2020-10-14,False news is on the rise. We can fight the spread with a simple exercise: Slow down and be skeptical.
2020-10-14,Trading activity gave the big banks a boost while their consumer businesses slumped. And they aren’t counting on more stimulus either.
2020-10-14,Stan Richards the 87-year-old founder of the Richards Group criticized the diversity of a proposed Motel 6 ad and commented on white supremacists.
2020-10-14,A lawsuit claims Jones Day helped trick Warren Buffett’s organization into buying a German company for five times what it was worth.
2020-10-15,The biggest U.S. retail trade group will offer the Covid-19 Customer Conflict Prevention credential to help de-escalate disputes.
2020-10-15,YouTube has played a bigger role in moving QAnon from the fringes to the mainstream than most platforms.
2020-10-15,The airline has to figure out which planes to stash in the desert and which ones to park at airports without knowing when demand will recover.
2020-10-15,Rachel Maddow of MSNBC criticized the decision to air the town hall opposite ABC’s Biden forum tonight. NBC stars and producers also objected as Savannah Guthrie prepared to moderate.
2020-10-15,The biotech firm said it was under scrutiny about claims it made on its involvement in Operation Warp Speed the federal program to develop Covid-19 cures.
2020-10-15,C-SPAN suspended Steve Scully who would have moderated the second presidential debate after he admitted to lying about his Twitter account being hacked.
2020-10-15,Hopes for a rebound of the American economy have been clouded by layoffs a surge in virus cases and a lack of fresh federal aid.
2020-10-15,It had blocked an unsubstantiated New York Post article about the Bidens but said late Thursday that it would allow similar content to be shared.
2020-10-15,The companies have said they would do more to stop misinformation and hacked materials from spreading. This is what that effort looks like.
2020-10-15,Facebook and Twitter clamped down on an unsubstantiated New York Post article about Hunter Biden. YouTube has gone a different route.
2020-10-16,Ray McGuire is stepping down from Citigroup to join the crowded race for Gracie Mansion.
2020-10-16,Hunter Biden a “Two and a Half Men” star’s death and Amy Coney Barrett’s empty notepad carried the week on social media.
2020-10-16,Sinclair will edit Eric Bolling’s online program before televising it the host said. He walked back his statements on masks but reaffirmed a false theory on the pandemic’s origins.
2020-10-16,The latest change underlined how rapidly social media platforms are shifting their positions in the days leading up to the election.
2020-10-16,President Trump tweeted about one of the site’s stories on Friday. It is unclear whether he knew it was a joke.
2020-10-16,Nielsen figures showed Joseph R. Biden Jr. drawing 15.1 million viewers against 13.5 million for President Trump a ratings obsessive.
2020-10-16,Coca-Cola said that plans to streamline its brands were hastened by supply chain disruptions and changing consumer behavior caused by the pandemic.
2020-10-16,Many companies do not expect their workers to return to offices until next summer and even then things may never be the same as before judging by the comments executives made this week highlighted in today’s DealBook newsletter.
2020-10-16,Every airline is struggling but each struggles in its own way.
2020-10-16,The Business Roundtable a group of chief executives of major U.S. companies announced on Thursday initiatives meant to advance racial equity and justice and to reduce the “economic opportunity gap in communities of color.”
2020-10-18,Ultranauts has been developing creative ways to hire manage and motivate a far-flung and diverse work force for seven years.
2020-10-18,Some reporters withheld their bylines and questioned the credibility of an article that made the tabloid’s front page on Wednesday.
2020-10-18,A nationwide operation of 1300 local sites publishes coverage that is ordered up by Republican groups and corporate P.R. firms.
2020-10-19,The tweet from Dr. Scott Atlas one of the president’s top science advisers was debunked by many experts and deleted by Twitter.
2020-10-19,Marking a potentially significant step toward the reopening of the Disneyland Resort in California a coalition of unions representing thousands of workers has informed Gov. Gavin Newsom that it is generally satisfied with the health measures laid out by the company for operating safely.
2020-10-19,With the price of a barrel stuck around $40 and no recovery in sight companies are combining to cut costs and ride out the pandemic.
2020-10-19,Under her leadership Warner Bros. is expected to be a big supplier for Warner Media’s newish streaming app HBO Max.
2020-10-19,Tax enforcers from five nations are investigating Euro Pacific Bank which operates in a U.S. territory criticized in the past for its lax financial regulation.
2020-10-19,More than a million people passed through airport checkpoints on Sunday the first time the Transportation Security Administration has screened that many people since mid-March.
2020-10-19,CVS Health announced on Monday that it planned to hire 15000 workers to prepare for expected increases in coronavirus and flu cases in the United States during the fall and winter months.
2020-10-19,Will it help or hurt the economy?
2020-10-19,In Hamilton business owners are walking a tightrope between keeping people safe from the coronavirus and not driving them away.
2020-10-20,The new iPhone has an improved design but it’s undermined by the wireless industry’s messy rollout of ultrafast 5G networks.
2020-10-20,The suit is the first antitrust action against the company to result from investigations by American regulators.
2020-10-20,Here’s the U.S. government’s case against Google.
2020-10-20,Googling something was all we once did with Google. Now we spend hours a day using its maps videos security cameras email smartphones and more.
2020-10-20,The huge haul for “Demon Slayer” showed how audiences can quickly return in countries where they feel safe to head to theaters.
2020-10-20,The baseless espionage narrative which fueled right-wing conspiracy theories for years has quietly faded from view.
2020-10-20,We are publishing the full list so readers can see whether the sites target their area.
2020-10-20,A graphic on an evening news broadcast in Arkansas showed President Trump winning the state three weeks before Election Day.
2020-10-20,The Justice Department’s antitrust case points to restrictive contracts a focus that a professor said “is as old as the Sherman Act.”
2020-10-20,A foreign subsidiary of the Wall Street giant will plead guilty under an agreement with the Justice Department according to a person familiar with the deal.
2020-10-21,The Department of Justice’s lawsuit against Google is big complicated and could take years to resolve. Today’s DealBook newsletter addresses five questions that arise from the government’s action:
2020-10-21,Democrats unveiled a proposal to close a loophole in the Civil Rights Act of 1964 after a New York Times report on obstacles faced by customers.
2020-10-21,Even if you don’t have an expensive camera you can capture memorable images with your smartphone the right software and a few tricks.
2020-10-21,Ms. Pelosi said she remained upbeat about the prospects for a compromise but allowed for the possibility that it would wait until after the election.
2020-10-21,The company started by Jeffrey Katzenberg and Meg Whitman had a high-profile launch and megawatt Hollywood stars involved but failed to find an audience.
2020-10-21,An unlikely collection of lawyers activists economists and academics is fueling the tech backlash armed with funding from billionaire sponsors.
2020-10-21,False and misleading information is being spread widely in Spanish researchers say.
2020-10-21,TikTok’s changes follow in the footsteps of its larger and more popular contemporaries.
2020-10-21,The European Union sold its first batch of bonds to finance virus-relief programs. Demand among buyers was high and comes when the U.S. is borrowing heavily.
2020-10-22,Even as President Trump’s overall approval ratings have fallen during the pandemic voters continue to give him comparatively high marks on the economy. That appears to be true even for people bearing the brunt of the pandemic-induced recession.
2020-10-22,Any action would follow the Justice Department’s landmark suit this week against Google as a bipartisan tech backlash ramps up.
2020-10-22,With temporary layoffs turning permanent and career paths derailed economists say a new coronavirus wave could derail the recovery.
2020-10-22,“I feel that you both have insulted ‘60 Minutes’ and me by not answering any of our questions” Ms. Stahl tells Vice President Mike Pence.
2020-10-22,President Trump has blamed Democratic officials’ rules for impeding the recovery. But even where restrictions are few business is far from normal.
2020-10-22,The move is an escalation of the  pressure being put on executives at the country’s second-largest private employer.
2020-10-22,President Trump is behind in many swing-state polls but his social media accounts are attracting as much attention as ever.
2020-10-22,Nancy Pelosi said she believed she and Steven Mnuchin the Treasury secretary were “just about there” in their negotiations.
2020-10-22,All told Goldman will pay billions in penalties and disgorgement in Malaysia the United States and Hong Kong for its role in the looting of the 1Malaysia Development Berhad fund.
2020-10-22,The battered Chinese giant won’t say how many of its new handsets it can produce. U.S. restrictions may have curtailed access to essential components.
2020-10-23,Do compensation clawbacks deter wrongdoing?
2020-10-23,A memo tells officials to hold back on news releases about enforcement decisions saying they can linger unfairly online if citations are overturned.
2020-10-23,“I’m jealous” said Chris Wallace the moderator of the unruly matchup last month just after the debate which featured a more civil President Trump.
2020-10-23,A group that also includes Lyft and DoorDash has spent nearly $200 million to support a California proposition that could save them from a new labor law.
2020-10-23,About 10 million fewer Americans watched Thursday’s Biden-Trump debate than the candidates’ first more chaotic matchup in Cleveland last month.
2020-10-23,In contrast CNN and MSNBC gave more airtime to the Podesta cache four years ago according to the Atlantic Council’s Digital Forensic Research Lab.
2020-10-23,After the candidate called for a “transition” away from oil and gas executives said the country would need fossil fuels for decades to come.
2020-10-23,It’s still possible that Guitar Center could avert bankruptcy as it did earlier this year.
2020-10-23,Spurred by recent social unrest many U.S. companies are trying to make it easier for workers and urging their customers to cast their ballots.
2020-10-23,Stories about Pope Francis separated children and 50 Cent’s Trump endorsement dominated engagement on social media this week.
2020-10-24,Since 2016 the Falun Gong-backed newspaper has used aggressive Facebook tactics and right-wing misinformation to create an anti-China pro-Trump media empire.
2020-10-24,Even the most educated and high-achieving women do not participate equally with their husbands in long-term financial decision making according to a study.
2020-10-24,Google searches and Facebook posts about Joseph R. Biden Jr.’s son rose after President Trump’s misleading comments at Thursday’s debate.
2020-10-25,Breitbart The Washington Examiner and others amplify false claims of rampant cheating in what a new Harvard study calls a “propaganda feedback loop.”
2020-10-25,The parent of Dunkin’ and Baskin Robbins is negotiating with a private-equity-backed company for a takeover that values the coffee company at nearly $9 billion.
2020-10-25,In a landmark antitrust complaint the Justice Department is targeting a secretive partnership that is worth billions of dollars to both companies.
2020-10-25,A stumbling effort to prop up the domestic generic drugs sector underscores the challenges of a Trump administration industrial policy.
2020-10-25,Inside the White House’s secret last-ditch effort to change the narrative and the election — and the return of the media gatekeepers.
2020-10-25,It wasn’t simple to become a do-it-all education tool almost overnight.
2020-10-26,Investors get “a reality check about what a renewed round of lockdowns will have on earnings.”
2020-10-26,The incumbent governor and some of his allies argued without showing any evidence that there were voting irregularities and fraud.
2020-10-26,The effort is meant to preemptively debunk some false and misleading information about the election.
2020-10-26,Leon Black Apollo Global Management’s co-founder and leader has been facing questions from investors over his ties to the convicted sex offender. One has already opted to withhold new investment.
2020-10-26,The tech giant which is preparing for a mega I.P.O. has transformed personal finance in China. Regulators have taken notice.
2020-10-26,After banning the first Sacha Baron Cohen satire the country has created tourism ads adopting its catchphrase.
2020-10-26,Dunkin’ Brands the parent of Dunkin’ and Baskin Robbins is negotiating with a private equity-backed company for a sale that values the restaurant chain at nearly $9 billion. The potential takeover reported first by The New York Times on Sunday would come at a 20 percent premium to Dunkin’s share price on Friday which was already trading near a high.
2020-10-26,The tech giant’s coming share sale will be among the largest ever. But the company has made most of its impact in just one country: China.
2020-10-26,The Alibaba online finance spinoff which offers people in China a one-stop shop for loans investments and more will list shares in Hong Kong and Shanghai.
2020-10-27,Government data on Thursday will show a record-setting rebound in economic output. But the numbers are misleading.
2020-10-27,Recent commercial real estate transactions in New York.
2020-10-27,With state and city government support developers are building laboratories for medical research and incubator spaces for biotech start-ups amid the race for a coronavirus vaccine.
2020-10-27,A former employee accuses JPMorgan Chase of failing to stop what she said was racially driven bullying. The bank says race had nothing to do with it.
2020-10-27,Dubious stories about George Soros Ukraine and vote-by-mail have spread widely on social media this year and we may just be warming up.
2020-10-27,Proposition 13 in 1978 curbed property tax increases. Now voters may strip protection for commercial buildings helping hard-hit local budgets.
2020-10-27,When his skyscraper proved a disappointment Donald Trump defaulted on his loans sued his bank got much of the debt forgiven — and largely avoided paying taxes on it.
2020-10-27,Their animosity is likely to be on full display at a hearing on Wednesday with the leaders of Facebook Google and Twitter.
2020-10-27,On his new program the former “Daily Show” host will “explore topics that are currently part of the national conversation and his advocacy work” Apple said.
2020-10-28,If there is one thing Republicans and Democrats can agree on it’s that the internet giants have become too powerful and need to be restrained. Many lawmakers also agree that the companies should be stripped of a law that shields websites from liability for content created by their users.
2020-10-28,The company is putting $50 million in Black- and Latino-led venture capital firms.
2020-10-28,Conservatives have said for years that online social media platforms censor their views. But their evidence is largely anecdotal and conservative accounts frequently perform extremely well online.
2020-10-28,It used to be unusual to see a top tech executive face tough questioning before lawmakers on Capitol Hill. But that has changed in the past few years. Now the chief executives of Facebook Google and Twitter are old hands at Congressional hearings.
2020-10-28,In their prepared remarks the leaders of Facebook Twitter and Google detailed why they supported Section 230.
2020-10-28,X
2020-10-28,Ford Motor reported a big jump in profit in the third quarter after a yearslong restructuring and a rebound in sales after the pandemic shut down dealerships and factories for about two months this spring.
2020-10-28,President Macron pledged massive financial aid to prevent a wave of bankruptcies and layoffs from hitting the eurozone’s second-largest economy.
2020-10-28,The S&P 500 was down 3.5 percent after France and Germany announced new lockdown measures an unwelcome reminder of the recovery’s fragility.
2020-10-28,Republican senators accused the leaders of Twitter Facebook and Google of censorship. Democrats denounced that as posturing.
2020-10-29,Sales of costumes and decorations have been strong with some seeing the holiday as a last hurrah before winter and the pandemic send people back inside.
2020-10-29,The White House celebrated economic growth numbers for the third quarter released on Thursday even as Joseph R. Biden Jr.’s presidential campaign sought to throw cold water on the report — the last major data release leading up to the Nov. 3 election — and warned that the economic recovery was losing steam.
2020-10-29,Mr. Black the billionaire chief executive of Apollo Global Management said others’ continued association with Mr. Epstein had given him “misplaced comfort” in doing business with him.
2020-10-29,Mr. Greenwald will join other high-profile journalists who have left major media outlets to work largely on their own at Substack.
2020-10-29,Amazon Apple Facebook and Alphabet reported the latest in a string of enormous quarterly profits on Thursday.
2020-10-29,Walmart said the move was motivated by protests and looting that have roiled Philadelphia this week after police killed Walter Wallace Jr. on Monday.
2020-10-29,Researchers found that bots have helped spread falsehoods related to the coronavirus and far-right conspiracy theories such QAnon and “pizzagate.”
2020-10-29,The right-wing commentator whose page performs better than those of major news organizations is perplexed by his social media success.
2020-10-29,Third-quarter growth set a record fueled by federal assistance. But recent signs point to a loss of momentum in job gains and production.
2020-10-30,A move by senators suggests a new priority: moving corporate America away from a focus on shareholders.
2020-10-30,Bernard Arnault the chairman of LVMH Moët Hennessy Louis Vuitton and the richest man in Europe is no stranger to public battles.
2020-10-30,As attorney general for six years Kamala Harris took a moderate realpolitik approach to going after big business aides say.
2020-10-30,Stores are making plans for how to deal with potential civil unrest stemming from Tuesday’s election.
2020-10-30,The real estate industry has long enjoyed uniquely favorable tax treatment — thanks in part to Mr. Trump’s actions before and after he became president.
2020-10-30,The photo-sharing site said it would temporarily remove its “recent” tab to slow the spread of harmful content before Tuesday’s election.
2020-10-30,Record quarterly growth inspires little joy as the threat of a double-dip recession looms.
2020-10-30,The latest sell-off has come as a second wave of cases forced more lockdowns in Europe threatening the economic recovery and spooking investors around the world.
2020-10-30,In a media environment dominated by streaming and battered by the pandemic companies see a rare opportunity to catch a huge audience all at once.
2020-10-30,Halloween decorations Harry Styles and a QAnon-adjacent missing children story broke up a wall of pre-election political news.
2020-10-31,Complicated ballot counts and a president’s baseless claims of vote-rigging are two of the challenges facing TV anchors and executives.
2020-10-31,Inspire Brands backed by Roark Capital is assembling a portfolio of quick-service restaurant chains it thinks will withstand the pandemic.
2020-11-01,Despite pledges for debt relief and expanded programs the World Bank and International Monetary Fund have delivered meager aid say economists.
2020-11-02,Trump made the legacy media great again. Here’s what’s next for them.
2020-11-02,Plenty of offices will be empty until well into 2021 so there’s no time like the present to seek feedback from the boss and brush up on your skills.
2020-11-02,The sites are key conduits for communication and information. Here’s how they plan to handle the challenges facing them before on and after Tuesday.
2020-11-02,Some of the state’s ballot propositions could have profound implications for companies.
2020-11-02,Yet another change in the producing ranks at an NBC institution that has been stuck in third place.
2020-11-02,At the end of a turbulent campaign the global news organization has a big role to play with 4000 reporters collecting vote counts from county clerks in 50 states.
2020-11-02,With Election Day imminent a prominent Texas business leader last week appeared to urge her employees to consider voting for Donald J. Trump and other Republican candidates.
2020-11-02,Pennsylvania Ohio and Texas topped the list of places seeing the most vote-by-mail distortions according to new data.
2020-11-03,Here’s a guide to what will and won’t happen today.
2020-11-03,Here are six common false election-related rumors that voters might see today.
2020-11-03,Recent commercial real estate transactions in New York.
2020-11-03,Hoping to reinvent itself Hamilton turned to art and even punctuation. Now a huge sports complex may bring it new purpose.
2020-11-03,To battle false information YouTube cut its recommendations to fringe channels and instead promoted major networks especially Fox News.
2020-11-03,Twitter’s act curtailed the distribution of President Trump’s tweet about absentee ballots according to an analysis.
2020-11-03,Small businesses are fighting what they say is unfair competition from Amazon and big retailers as a nationwide lockdown takes effect.
2020-11-03,Sandwiched between Tuesday’s election and the Friday’s October jobs report the Federal Reserve is set to announce its November policy decision.
2020-11-03,Many of the misleading or false claims about voting on Tuesday have focused on swing states like Pennsylvania just as they did in the weeks before the election.
2020-11-03,A message to “stay home” has reached the majority of area codes in the country in recent months.
2020-11-04,Gap which has since deleted the tweet said the sweatshirt was not actually a product for sale.
2020-11-04,There are three things we can say with some certainty.
2020-11-04,There remains a huge information gap that is ripe for exploitation.
2020-11-04,Election night coverage on CNN Fox News and MSNBC felt like a waiting game. Then after 11 p.m. the plot twist came.
2020-11-04,President Trump’s false tweet about a stolen election was throttled but hundreds of other accounts took up the effort to share it.
2020-11-04,Twitter Facebook and YouTube remained on alert as the lack of a clear election result kept the online misinformation flowing.
2020-11-04,Much of it has targeted swing states that remain too close to call.
2020-11-04,Screenshots of an election map suggested that 100 percent of a vote update in Michigan went to Mr. Biden. The reason: A typo that was quickly fixed.
2020-11-04,Investors pushed up stocks of companies they believed would be protected by a Republican Senate even if Joe Biden wins the presidency.
2020-11-04,The president and his aides have been critical of the cable network that includes some of his most ardent media allies.
2020-11-05,Nice hardware? Check. Fair price? Check. Cool exclusive games? T.B.D.
2020-11-05,Unfounded rumors about the gathering were shared by President Trump and others.
2020-11-05,The Federal Reserve made few changes to its policy statement during a week fraught with uncertainty.
2020-11-05,“We remain in a very stressful time” one economist said as initial filings for state jobless benefits again exceeded 700000 in a week.
2020-11-05,On Day 1 of new restrictions the Bank of England and British Treasury announced expanded efforts to support the nation’s finances.
2020-11-05,New rules put in place by the companies over the last four years have helped them avert their greatest fears.
2020-11-05,The company had said it would closely monitor posts that contain misinformation about the election or prematurely declare an outcome.
2020-11-05,Even “Fox & Friends” a warm venue for the president sounded doubts about his talk of a stolen election. CNN and MSNBC dismissed the claims.
2020-11-05,In its short life span it was one of the fastest growing groups in Facebook’s history and a hub for those trying to delegitimize the election.
2020-11-05,New measures would slow down the flow of information and make election misinformation less visible according to people with knowledge of the matter.
2020-11-06,The industry has enjoyed a boom. Is a bust next?
2020-11-06,With a winning combination of solid hardware and software Sony’s new console makes us excited about the next generation of gaming.
2020-11-06,Investors in what would have been the world’s largest share sale are getting refunds as Beijing shows entrepreneurs the importance of listening to the Communist Party.
2020-11-06,Under President Trump agencies have eased bans on Wall Street risk-taking and loosened consumer protections and anti-discrimination laws.
2020-11-06,New research indicates that pollsters may not have captured the Trump support swirling around the online conspiracy theory.
2020-11-06,Anchors navigated another day of anxiety and suspense at Fox News which has reported that Joseph R. Biden has accrued 264 electoral votes and at CNN NBC CBS and ABC which have him at 253.
2020-11-06,Twitter has flagged 15 of the president’s four dozen tweets since polls closed acting more aggressively to combat false or misleading information.
2020-11-06,U.S. payrolls grew by 638000 in October and unemployment fell to 6.9% but lockdowns could stifle a rebound in restaurant and retail work.
2020-11-06,Rupert Murdoch’s tabloid has turned critical as the president seems headed to defeat. Col Allan a wizard there says he plans to retire next year.
2020-11-06,Run-of-the-mill clerical errors have been used as false evidence of voter fraud in Michigan.
2020-11-07,On Fox News Donna Brazile recalled that her mother and grandmother could not vote. “Just scoot over and let women also share in the leadership of this country” she said.
2020-11-07,The news networks pledged restraint going into election night. Four days later anchors waited until a fresh batch of Pennsylvania votes allowed them to project a winner.
2020-11-07,The MSNBC anchor said she had tested negative but planned to stay home after a “close contact” tested positive for the virus.
2020-11-07,The viral claim stemmed from a lawsuit that a federal judge in the state had already cast doubt on.
2020-11-09,The technology giant said it had suspended future business with the iPhone assembler Pegatron pending corrective actions. The Taiwanese manufacturer broke rules limiting student employee work hours.
2020-11-09,They were increasingly outspoken in the Trump era. They may not be when Biden takes over.
2020-11-09,Since President Trump took office corporate America has been thrust into the culture wars like never before. The atmosphere would probably be different with a Biden administration.
2020-11-09,What do you do when your local business is thrust into the spotlight as the improbable stage for a political campaign’s news conference challenging the outcome of the presidential election?
2020-11-09,U.S. aircraft frozen orange juice and handbags will cost more in an escalation of the Boeing-Airbus subsidy battle.
2020-11-09,Some lawyers at Jones Day and Porter Wright which have filed suits about the 2020 vote said they were worried about undermining the electoral system.
2020-11-09,Many of the false and misleading accusations spiked online after President Trump and his allies shared the claims on social media.
2020-11-09,News of Pfizer’s Covid-19 vaccine progress and Joseph R. Biden Jr.’s victory gave investors reason to cheer.
2020-11-09,Democrats are eyeing the programs as a backup option if they can’t strike a deal to aid states and localities and believe they may be needed to backstop markets. Republicans want them off the table.
2020-11-09,Some activists have downplayed the damage to businesses from looting and arson in racial justice protests around the country. But some small entrepreneurs are struggling.
2020-11-10,United Airlines said Tuesday that it would return to Kennedy International Airport in February a move that could intensify competition between large airlines once the pandemic is brought under control.
2020-11-10,Some of President Trump’s most prominent allies helped to set the rumors in motion.
2020-11-10,The European Union and its 27 member states are moving closer to deploying its landmark stimulus package worth 750 billion euros or $890 billion to help them out of the deep recession the pandemic is inflicting on the bloc.
2020-11-10,Sources of renewable energy are expected together to be the main generators of electricity by 2025 eclipsing coal the International Energy Agency said.
2020-11-10,The Fed governor is seen as a top candidate for the job though some progressives try to paint her as a centrist who was soft on China.
2020-11-10,Apple unveiled three new Mac computers that use processors the company created itself ending its reliance on Intel.
2020-11-10,The German company BioNTech founded by two scientists has teamed up with Pfizer on a vaccine that was found to be more than 90 percent effective.
2020-11-10,Fox News has lasted through “multiple presidents and they’re going to be around for multiple more” said one right-wing media executive.
2020-11-10,For years followers of the pro-Trump conspiracy theory had been assured that the president would win re-election in a landslide.
2020-11-10,Ratings surged with 21 million watching six networks but Fox News viewers tuned out at a higher percentage as the coverage went on.
2020-11-11,The star journalist exposed himself on a video conference call last month. “We take workplace matters seriously” a Condé Nast executive said.
2020-11-11,The gaming console coming out in its latest version on Thursday has become the Japanese giant’s centerpiece product.
2020-11-11,Some Republicans said that software from the company caused widespread problems. Evidence shows that it did not.
2020-11-11,The social network told advertisers about its timeline in an update on Wednesday.
2020-11-11,Many publications have refused to acknowledge the president-elect.
2020-11-11,A successful ballot measure in California makes drivers and other workers contractors but the companies face continued pushback.
2020-11-11,Matt Drudge and Donald Trump boosted each other four years ago. Now his site says in prominent type “The World Moves On.”
2020-11-11,The campaign has urged the company to more aggressively police misinformation for more than a year.
2020-11-11,The hashtag #MaidenGate has spread even though the tweet that planted the rumor contained no evidence of the supposed fraud.
2020-11-11,Since the election millions have migrated to alternative social media and media sites like Parler Rumble and Newsmax.
2020-11-12,The president has been furiously sharing Newsmax clips and retweeting supporters who say they are turning to the network.
2020-11-12,Twitter is the first social media platform to publicly disclose how it performed during the election.
2020-11-12,Top congressional Democrats renewed calls for a sweeping coronavirus relief package on Thursday insisting that voters had given President-elect Joseph R. Biden Jr. and his party a mandate to fight the pandemic aggressively.
2020-11-12,Almost from the moment the election ended President Trump and his allies have relentlessly attacked the integrity of both the voting and vote counting a narrative they have sought to advance in nearly 20 lawsuits filed in the past eight days.
2020-11-12,A British equal rights commission found no evidence of illegal pay practices but said the broadcaster needed to “rebuild trust with women.”
2020-11-12,A country-inspired song about the election has gone viral on social media but its claims of election fraud are false.
2020-11-12,President Trump has tweeted about some of the statements made on the conservative cable network.
2020-11-12,The Federal Reserve chief warned that a vaccine was still too uncertain to count on and lawmakers signaled that more support was not imminent.
2020-11-12,The company has experienced deep losses in its theme park division because of the pandemic but investors don’t seem to care at the moment.
2020-11-12,“Technically it looks like we’re in a recovery” one economist said “but we’re still so much in the hole.”
2020-11-13,In October pubs had a new pitch to lure in customers: They became work spaces. Less than a month later they were forced to shut again. Now they hold out hope for December.
2020-11-13,The incoming administration has proposed a series of changes that could affect more than 42 million student loan borrowers. Here’s what to expect.
2020-11-13,Progressives want the president-elect to move leftward on competition rules but he may pursue a more moderate path.
2020-11-13,Porter Wright withdrew from a federal lawsuit it had filed days earlier. A top Jones Day lawyer said the firm wouldn’t take on new election litigation.
2020-11-13,Events are being planned in many U.S. cities on Saturday by groups that are spreading false claims about voter fraud.
2020-11-13,The food delivery company’s performance renewed questions about whether “gig economy” businesses can turn a profit.
2020-11-13,The Chinese-owned social media app now has until Nov. 27 for a deal that would give American companies more ownership of the service.
2020-11-13,President Trump’s last-ditch efforts to reverse the election seem to come down to a far-fetched scenario one in which Republican-led state legislatures choose the members of the Electoral College overturning the will of voters.
2020-11-13,Money poured into equity markets after Joseph R. Biden Jr. was declared president-elect and Pfizer and BioNTech announced that their vaccine candidate was highly effective.
2020-11-13,"“The Rush Limbaugh Show"" and others have raised the baseless idea of election fraud more than some other radio shows according to an analysis."
2020-11-14,With the recovery slowing and coronavirus cases surging Democrats must decide whether quick action on federal aid is more important than its scale.
2020-11-15,The deal sealed on Sunday stands as a potent symbol of Beijing’s growing economic sway in Southeast Asia at a time of uncertainty over Washington’s economic ties with the region.
2020-11-15,Sports leagues large employers and colleges are turning to devices that could usher in more invasive forms of surveillance.
2020-11-16,Matthew Sheffield grew disillusioned after years of working in conservative media.
2020-11-16,President-elect Joseph R. Biden Jr. addressed the slowing American economic recovery on Monday amid the crosswinds of rising coronavirus deaths and soaring optimism over a vaccine.
2020-11-16,Jay Clayton who has led the securities regulator since 2017 will leave by the end of the year.
2020-11-16,The incoming administration’s first economic test is coming months before Inauguration Day. President-elect Joseph R. Biden Jr. must decide whether to push Democratic leaders to cut a quick deal on a package much smaller than they say is needed or to hold out hope for a larger one after he takes office Ben Casselman and Jim Tankersley reported in The New York Times.
2020-11-16,The counties won by Joe Biden experienced worse job losses on average during the initial wave of pandemic layoffs than the counties where President Trump was strongest.
2020-11-16,The president has mischaracterized the ballot counting process falsely claimed victory and lodged baseless accusations of fraud.
2020-11-16,The drop was $1.2 billion for the first nine months of 2020 in the first comprehensive look at the company’s finances as it moves to go public.
2020-11-16,In a public letter 59 top specialists called the president’s fraud assertions “unsubstantiated” and “technically incoherent.”
2020-11-16,WPP one of the largest advertising companies in the world is further condensing its sprawling operations by folding its Geometry agency into its VMLY&R agency.
2020-11-16,Fringe outlets that most aggressively pushed false information about voter fraud have seen their share of those viewers grow after the election.
2020-11-17,World leaders enjoy exceptions on the social media platforms but that can change once they no longer hold office.
2020-11-17,On Day 2 of the DealBook Online Summit we will hear from more top leaders from business policy and culture on the world’s economic challenges innovation in the age of Big Tech and the role of corporations in addressing racial inequality.
2020-11-17,The staff member denied that he was arrested and a photo purportedly showing his arrest was actually that of the actor Cuba Gooding Jr.
2020-11-17,Content moderation came up the most. Republicans asked more questions. And Mark Zuckerberg was on the hook for more answers.
2020-11-17,The issue of how the social media companies sort through content dominated the hearing.
2020-11-17,President Trump claimed that there was “large scale voter discrepancy” in Clark County Nev. A review of votes there showed the contrary.
2020-11-17,Tesla will join the S&P 500 next month earning a mark of corporate maturity that may only add to the remarkable rise in its stock price.
2020-11-17,The longest-serving late-night host is leaving late night.
2020-11-17,The conspiracy stems from a Fox Business appearance last Friday by a lawyer making claims about the election results.
2020-11-17,Jack Dorsey defended Twitter’s moderation policies against attacks from Republicans and Democrats and urged lawmakers to focus instead on oversight of the algorithms that help moderate and recommend content.
2020-11-18,A false rumor about Scytl an election tech provider is making the rounds on right-wing social media.
2020-11-18,In media appearances and social media posts this past week Rudy Giuliani President Trump’s personal lawyer spread debunked claims of barred poll workers and a voting software company.
2020-11-18,An internal review started after Jeffrey Epstein’s ties to the company were revealed has not produced any public findings. Some employees question whether workplace issues have been properly addressed.
2020-11-18,Skipping travel this year to stop the spread of Covid-19? Here’s how to digitally reimagine the holiday from meal prep to after-dinner activities.
2020-11-18,It will take weeks if not months for American United and Southwest to get the plane back into service — and reassure travelers about its safety.
2020-11-18,Apple agreed on Wednesday to pay $113 million to settle an investigation by more than 30 states into its past practice of secretly slowing down older iPhones to preserve their battery life.
2020-11-18,For a few hours on Tuesday it looked as though two Republican officials in Wayne County Mich. might reject the will of hundreds of thousands of voters.
2020-11-18,The accusations from the campaign spread widely on social media.
2020-11-18,She takes the reins at a time of rising tensions between management and the paper’s union.
2020-11-18,A research project that has been studying misinformation on the site said 34 percent of videos it studied spread false election claims.
2020-11-19,The influx of star podcasters looms over a dispute between the union and managers at the Spotify-owned digital media company founded by Bill Simmons.
2020-11-19,Once they had digital media almost to themselves. Now in a deal led by the BuzzFeed founder Jonah Peretti two giants of the web plan to join forces to better compete in an increasingly crowded field.
2020-11-19,A survey sheds light on why many companies aren’t testing workers. There is also “confusion and uncertainty as to how tests work” a researcher said.
2020-11-19,General Motors says it will increase its investment and model offerings over the next five years “to expedite the transition to E.V.s.”
2020-11-19,At a rambling news conference on Thursday Rudolph W. Giuliani President Trump’s personal lawyer mixed misleading statements wild conspiracy theories and outright fabrications as he attempted to suggest that Mr. Trump still had a viable pathway to winning the election.
2020-11-19,The gaming site and app which is popular with tweens has benefited from the pandemic but continues to lose money.
2020-11-19,Mr. Biden said he believed his choice would satisfy both the moderate and progressive wings of the Democratic Party.
2020-11-19,The Treasury Department asked the Federal Reserve to return unused funds downsizing the next secretary’s ability to restart the economic support.
2020-11-19,With coronavirus cases increasing again in the United States the “fragility of the recovery” is in jeopardy one economist said.
2020-11-19,U.S. airlines expect Thanksgiving to be their busiest period since the pandemic began. But with new virus fears a return to normal is nowhere in sight.
2020-11-20,Trump’s Treasury secretary said Congress wanted key economic supports to end by Dec. 31 a view he expressed only after the vote count in the presidential election.
2020-11-20,The president shared an article that said his sister Elizabeth Trump Grau was supporting his claim that he had won the election. But the article was based on posts from an impostor Twitter account.
2020-11-20,Lauren Williams the website’s editor in chief is also leaving. The departures come against a backdrop of change in the digital media business.
2020-11-20,Stories about the Georgia recount Charlie Brown TV specials and Keanu Reeves dominated the week on social media.
2020-11-20,Spurred by small retailers’ anger over Amazon’s grip on sales especially during lockdown France has delayed the start of holiday discounts.
2020-11-20,The who’s who includes the conservative activist Charlie Kirk Jim Holt of Gateway Pundit Eric Trump — and the president himself.
2020-11-20,Narrowing the candidate pool may not lead to the diverse representation the incoming administration is seeking.
2020-11-22,The announcement that “Wonder Woman 1984” will be released in theaters and on HBO Max on Christmas Day is the clearest sign that streaming is now central to the film industry’s business model.
2020-11-22,A once-niche conservative cable network owned by a longtime friend of the president lures audiences by refusing to declare an electoral winner.
2020-11-22,The filing by the nation’s largest retailer of musical instruments highlights the growing gap between the strongest and weakest companies in the pandemic.
2020-11-22,The next president promises to do for old-line newspaper columnists what Donald Trump did for cable. What a time to be George Will!
2020-11-23,In choosing Tony Blinken as secretary of state the Biden team suggests a return to global cooperation.
2020-11-23,The nonprofit marketing group led a polio vaccine campaign in the 1950s. Now it is working on a $50 million ad blitz to counter concerns about coming treatments.
2020-11-23,In an early analysis the drug maker zeroed in on a promising dosing plan for its vaccine.
2020-11-23,Intel and Nvidia chips power a supercomputing center that tracks people in a place where government suppresses minorities raising questions about the tech industry’s responsibility.
2020-11-23,Black Friday has long been the biggest shopping day of the year with doorbuster deals inspiring some die-hard shoppers to camp out all night in front of big-box stores.
2020-11-23,The former Fed chair a labor market expert appears poised to become one of few people to ever have wielded economic power from the White House the Federal Reserve and the president’s cabinet.
2020-11-23,The video of a crowd singing happy birthday to the president-elect was from 2019.
2020-11-23,New research found that a handful of social media accounts had an outsize influence on false election information. President Trump topped the list.
2020-11-23,Researchers have found that a small group of social media accounts are responsible for the spread of a disproportionate amount of the false posts about voter fraud.
2020-11-23,Empty stores are turning into fulfillment centers and the market for warehouse space is booming as the pandemic rockets the retail industry into its e-commerce future.
2020-11-24,#WriteInTrumpForGA was one of Twitter’s top trending topics though such a campaign might only hurt Republicans.
2020-11-24,The company which has largely escaped the scrutiny faced by other social media outfits is being pushed to restrict misleading videos.
2020-11-24,The program has been criticized for a lack of transparency and for being used as a tax dodge but developers say it is “a great tool to have in the toolbox.”
2020-11-24,Americans have agonized over Thanksgiving this year weighing skyrocketing numbers — more than 2200 U.S. deaths from Covid-19 were reported on Tuesday for the first time since May 6 — and blunt warnings from the Centers for Disease Control and Prevention against the need after a grim and worrying year to gather with family for a traditional carbohydrate-laden ritual.
2020-11-24,The former Fed chief is poised to return to government as Treasury secretary with big challenges ahead.
2020-11-24,Employees and executives are battling over how to reduce misinformation and hate speech without hurting the company’s bottom line.
2020-11-24,To many Latinos in Hollywood every gain seems to be followed by a setback. The writer Tanya Saracho and others involved in the Untitled Latinx Project want to change that.
2020-11-24,President Trump turned his Twitter feed into a singular source of market volatility. Now investors are looking forward to markets free of presidential tweets.
2020-11-24,Recent commercial real estate transactions in New York.
2020-11-25,Wall Street notched records as relief settled in that the election is over and Janet Yellen will be the Treasury secretary in the next administration.
2020-11-25,Applications for unemployment benefits rose for the second week in a row last week the latest sign that the nationwide surge in coronavirus cases is threatening to undermine the economic recovery.
2020-11-25,Portraying itself as a good guy in a seedy corner of home sales Divvy has received mixed early reviews. But the bulk of its clients will soon have to decide whether to buy or back out.
2020-11-25,Some big companies say they can do without them. But trade fairs are essential for those that can’t afford an international sales force and play an important role in the German economy.
2020-11-25,The ad business is overrun with buzzwords and acronyms and some people are saying it’s enough already.
2020-11-25,Harvard recently held a private meeting for executives to talk candidly about the pandemic.
2020-11-25,According to internal surveys ‘decision-making related to hate speech and misinformation’ has been a factor in employee sentiment.
2020-11-25,Claims for new unemployment benefits and other data suggest that the recent increase in infections is threatening the economic recovery.
2020-11-25,Some trial participants only got a partial dose of AstraZeneca’s vaccine. Experts said the company’s spotty disclosures have eroded confidence.
2020-11-25,Excessive screen time can be harmful to our well-being but we can free ourselves from tech’s hooks with goals rules and boundaries.
2020-11-26,An exhibition at the Detroit Institute of Arts highlights the relationship of art and car culture over the past 70 years.
2020-11-26,After more than 15 years the Meadowlands complex began a phased opening in late 2019 but before customers could shop at its stores the pandemic hit and completely upended the retail industry.
2020-11-26,As China fights to end extreme poverty while also recovering from the economic damage of the coronavirus the supposed wisdom of building huge statues in poorer areas to grow tourism is coming under harsh scrutiny.
2020-11-27,It took more than 15 years for the American Dream mall to begin opening its doors in October 2019. The massive shopping and entertainment complex in East Rutherford N.J. faced numerous delays as it cycled through developers and billions of dollars in funding.
2020-11-27,A rise in demand for heating equipment has left some products back-ordered for months possibly jeopardizing prospects for some businesses of getting through the pandemic intact.
2020-11-27,The latest data firmly establishes India’s position among the worst-performing major economies despite government spending meant to blunt the pandemic’s impact.
2020-11-27,The company has added 427300 employees in 10 months bringing its global work force to more than 1.2 million.
2020-11-27,Two court rulings threaten to further entrench distinctions in Japan between “regular” workers and the growing ranks of nonregular employees many of whom are women.
2020-11-27,Britain and the European Union don’t trust each other much and global banks are caught in the middle.
2020-11-27,Video responses to set questions online games that measure a person’s traits and skills: The future of interviews is coming to a wider variety of professions in the pandemic.
2020-11-28,The emergence of vaccines has taken the edge off the worst fears but a meaningful economic recovery probably remains distant.
2020-11-29,On one side: Amazon. On the other: a new alliance of brands and platforms. Who will win?
2020-11-29,Cars have had the technology for decades but bikes from BMW and Ducati will offer the safety systems for the first time with some adjustments.
2020-11-30,The nonprofit organization All Raise is working on an expansion as diversity in the tech industry remains elusive.
2020-11-30,Ajit V. Pai the Republican chairman of the Federal Communications Commission said Monday that he would leave his post the day that President-elect Joseph R. Biden Jr. is sworn in capping a tenure of sweeping deregulation across the telecommunications industry.
2020-11-30,The social network was said to be paying close to $1 billion for the maker of customer relationship management software.
2020-11-30,Researchers at DeepMind say they have solved “the protein folding problem” a task that has bedeviled scientists for more than 50 years.
2020-11-30,The law prohibits the governor from interfering in elections.
2020-11-30,Exxon Mobil announced on Monday that it would significantly cut spending on exploration and production over the next four years and would write off up to $20 billion of investments in natural gas.
2020-11-30,Arcadia Group the British retail company owned by Philip Green that includes the Topshop clothing chain has gone into administration a form of bankruptcy the company said Monday. It is one of the biggest retail collapses in Britain since the start of the pandemic.
2020-11-30,Foot traffic was down considerably and internet sales surged during a holiday weekend altered by the coronavirus.
2020-11-30,Why the rush to hire so many people?
2020-11-30,Meredith Corporation has parted ways with J.D. Heyman the editor in chief of Entertainment Weekly magazine the company confirmed on Monday.
2020-12-01,Debenhams and Arcadia Group the owner of Topshop collapsed despite extensive government programs meant to shore up British businesses.
2020-12-01,The move caps an acquisitive streak by Salesforce and ends Slack’s run as an independent publicly traded company.
2020-12-01,In the past half century it has been common for vice presidents-elect to resign from their previous posts in late December or January.
2020-12-01,Amazon’s cloud computing business and Apple’s Macs are increasingly using the companies’ homegrown chips.
2020-12-01,As the busiest shopping period of the year gets underway two of Britain’s largest high-street retailers have collapsed.
2020-12-01,Jerome H. Powell the chair of the Federal Reserve and Steven Mnuchin the secretary of the Treasury are testifying before the Senate Banking Committee. In prepared remarks they painted starkly different visions of the challenges facing the United States economy in the months ahead further exposing a rift that began to show earlier this month.
2020-12-01,Geoffrey S. Berman the former U.S. attorney for the Southern District of New York who was fired by President Trump in June has joined the law firm of Fried Frank Harris Shriver & Jacobson the firm said on Tuesday.
2020-12-01,Recent commercial real estate transactions in New York.
2020-12-01,The world will start to recover only gradually next year from a devastating global recession brought on by the coronavirus pandemic but the revival is unlikely to repair an income divide that is leaving more people around the world poorer because of the crisis the Organization for Economic Cooperation and Development said Tuesday.
2020-12-01,Nasdaq asked the Securities and Exchange Commission on Tuesday for permission to adopt a new requirement for the companies listed on its main U.S. stock exchange: have at least one woman and one “diverse” director and report data on boardroom diversity. If companies don’t comply they would face potential delisting reports the DealBook newsletter.
2020-12-02,The approval for a U.S. start-up’s “cultured chicken” product is a small victory for the nascent laboratory meat industry. Less clear is whether other countries will follow.
2020-12-02,A mochi seller in Kyoto and many of Japan’s other centuries-old businesses have endured by putting tradition and stability over profit and growth.
2020-12-02,The nation’s economic recovery from the pandemic will hinge to some extent on how quickly people can change jobs: whether show managers can become electricians whether taxi drivers can become plumbers how many cooks can manage software for a bank.
2020-12-02,The president-elect’s economic team says that it’s all about workers.
2020-12-02,The Salesforce C.E.O.’s planned acquisition of Slack will have him competing directly with the Goliath that is Microsoft.
2020-12-02,The three-month pilot program involves just 1000 doses in seven big cities. It’s not clear how much impact that will have as demand surges.
2020-12-02,Newly released data gives the most detailed accounting yet of the pandemic aid provided to 5.2 million businesses that sought forgivable loans.
2020-12-02,The person writing the check is still the most important customer.
2020-12-02,Many homeowners at risk of foreclosure can breathe a little easier — for another month at least.
2020-12-02,The chair of the Federal Reserve and the Treasury secretary are testifying before the House Financial Services committee Wednesday their second appearance on Capitol Hill this week.
2020-12-03,Nicholas Thompson is leaving Condé Nast for the top business job at the venerable publication owned by Laurene Powell Jobs’s Emerson Collective.
2020-12-03,Timnit Gebru one of the few Black women in her field had voiced exasperation over the company’s response to efforts to increase minority hiring.
2020-12-03,The decline was the first in three weeks despite a resurgence of Covid-19 cases. Economists warn of more job losses ahead.
2020-12-03,Seventeen movies will each arrive in theaters and on HBO Max simultaneously the biggest challenge yet to Hollywood’s traditional way of doing business.
2020-12-03,Federal regulators warned in a report to Congress on Thursday that the risks to financial stability in the United States are “elevated” and that the outlook for the global economic recovery remains uncertain.
2020-12-03,Oil producers in the OPEC Plus group reached a compromise on a modest production increase but the talks revealed strains in the group.
2020-12-03,The complaint which targets the company’s hiring of immigrants on temporary visas opens a new front in Washington’s battle against Big Tech.
2020-12-03,As stores reopened in England following a monthlong lockdown shoppers at one of the country’s biggest retailers have been met with an unwelcome surprise.
2020-12-03,Delta Air Lines said Thursday that it would assist federal coronavirus contact tracing efforts becoming the first airline to do so after the industry spent years resisting government requests for help.
2020-12-03,The step goes beyond what the social network previously did on vaccine falsehoods by taking down the false claims entirely.
2020-12-04,To the list of generous support measures that France has rolled out to shield workers and businesses from the pandemic add a new one: footing the bill for vacation pay.
2020-12-04,Experts weigh in with one thing to do right now.
2020-12-04,The findings point to the potential of upward mobility for people without a college degree.
2020-12-04,The American economic recovery continues to slow stranding millions who have yet to find a new job after being thrown out of work by the coronavirus pandemic.
2020-12-04,As a standoff over federal aid persists state and local governments are making deep budget cuts. “Everything’s going to slow down” one official said.
2020-12-04,Millions of middle-income earners may find that paying for their own health care is a huge burden. Here are some tips.
2020-12-04,Citing the coronavirus pandemic’s economic fallout the Connecticut daily’s parent company tells staff members they will work remotely into 2021.
2020-12-04,November’s hiring of 245000 the fifth straight monthly easing in new employment reinforces calls for action on a fresh relief package.
2020-12-04,While a compromise package gaining steam in Congress would provide urgent help to the economy some people and businesses would be left out in the cold.
2020-12-04,Stories about Elliot Page BTS and a rare “Christmas Star” dominated social media this week.
2020-12-05,The season is adding pressure on retailers strained by a pandemic surge in e-commerce and limited by shippers to deliver gifts on time.
2020-12-05,In one Southern California city flying drones with artificial intelligence are aiding investigations while presenting new civil rights questions.
2020-12-05,The White House did not extend a Dec. 4 deadline for the Chinese internet company ByteDance to sell TikTok.
2020-12-06,The campaign’s empathetic digital strategy held up surprisingly well against President Trump’s passionate digital following.
2020-12-07,The $908 billion bipartisan aid package that is gaining support in Congress will not solve all of the nation’s economic problems but economists say that the federal government should pass it anyway.
2020-12-07,If there was ever a year to get your holiday shopping done early this is it. The pandemic surge has experts predicting three billion packages will course through the nation’s shipping infrastructure during the holiday season — about 800 million more than were delivered last year Michael Corkery and Sapna Maheshwari report in The New York Times.
2020-12-07,Tear-jerker scenes and reminders of the coronavirus pandemic are part of a not-so-cheery seasonal ad blitz.
2020-12-07,“Monster Hunter” disappeared from theaters in China after online critics labeled a snippet of dialogue — a pun about knees — racist and called for a boycott.
2020-12-07,Company executives once said having cars that can drive on their own would be a salvation for their business. But the effort turned into a legal and financial headache.
2020-12-07,The office of Georgia’s secretary of state dedicated part of a news conference to what was called “Disinformation Monday.”
2020-12-07,Ms. Jones currently a senior vice president at the network will become the highest-ranking Black woman in the TV news industry.
2020-12-07,If studios are no longer trying to maximize ticket sales what will that mean for often lucrative pay packages tied to a film’s performance in theaters?
2020-12-07,The false claim about the Georgia Republican was shared by some liberals on Twitter.
2020-12-08,The Oxford-AstraZeneca effort held great promise to help arrest the pandemic. But a series of miscues caused it to fall behind in the U.S.
2020-12-08,Queasy Americans fighting upset stomachs and worries about the pandemic have stocked up on prescription and over-the-counter medications making them scarce in some parts of the country.
2020-12-08,The law prohibits the governor from interfering in elections.
2020-12-08,Facebook Twitter and other companies have gotten better at catching bots. But fake accounts created by real humans are trickier.
2020-12-08,The town is mad about the studio’s decision to put movies on HBO Max and in theaters at the same time. But with a telecom giant running an entertainment company things were bound to get weird.
2020-12-08,Panelists called by Senator Ron Johnson Republican of Wisconsin deployed inaccurate information in disputing the need for mask wearing and social distancing.
2020-12-08,A day after handing its autonomous car project to a Silicon Valley start-up Uber is ridding itself of another expensive operation.
2020-12-08,Mr. Musk said on Tuesday that he had moved to be near a new factory Tesla is building outside Austin.
2020-12-08,DoorDash had already raised its price range amid demand from potential shareholders as it prepares to begin trading on the New York Stock Exchange.
2020-12-08,The Silicon Valley company said hackers — almost certainly Russian — made off with tools that could be used to mount new attacks around the world.
2020-12-09,The announcement by the United Arab Emirates that it approved a Chinese vaccine was met with silence from China and raised more questions.
2020-12-09,Some big-budget movies will first go to theaters. Other offerings will debut online. All will ultimately strengthen Disney+.
2020-12-09,The Trump administration announced Wednesday that it was filing a challenge to measures that Canada uses to protect its dairy market the first enforcement action taken under a new trade agreement that the countries agreed to last year.
2020-12-09,The researcher one of the company’s best-known Black female employees said she was fired last week.
2020-12-09,Honda’s plant in England was forced to halt operations because its parts hadn’t arrived. Soon U.K. ports will face a mountain of customs declarations.
2020-12-09,Regulators are accusing the company of buying up rising rivals to cement its dominance over social media.
2020-12-09,The delivery company’s shares closed at $190 each 86 percent above its initial public offering price of $102 in a sign of investor appetite.
2020-12-09,The company said that it was making the change because the deadline for recounts and audits of the election had passed.
2020-12-09,The livestreaming site announced new guidelines after contending with claims that its streamers were too easily abused.
2020-12-09,A sous-chef’s search for job security shows how cooks managers and servers at upscale dining establishments have been hit hard by the pandemic.
2020-12-10,Jarred by the death of George Floyd and the issues of racial injustice raised in its wake the chief executives of three dozen companies are starting an initiative to provide a million jobs for Black workers in the next decade.
2020-12-10,The recent coronavirus surge is taking a toll on jobs that one economist calls “a slow-moving disaster.”
2020-12-10,Exxon Mobil is struggling to find its footing as demand for oil and gas falls and world leaders and businesses pledge to fight climate change.
2020-12-10,The F.T.C. and more than 40 states seek to break up the tech giant.
2020-12-10,Planes are one part of an elaborate supply chain to move billions of doses of vaccines around the world.
2020-12-10,A blitz of new projects includes 10 series from the “Star Wars” universe for Disney+ which now has 87 million subscribers. Hulu will also get a major content boost.
2020-12-10,The home-rental company’s blockbuster I.P.O. followed that of the delivery company DoorDash. Investors piled into both.
2020-12-10,The central bank said it expected the economic impact of the pandemic to last well into 2022 prompting an expansion of relief programs.
2020-12-10,The credit card companies had launched separate investigations earlier this week into their financial ties with MindGeek the parent company of Pornhub.
2020-12-10,A flurry of rumors online has prompted concern. But scientists assert the claims are baseless.
2020-12-11,As Covid-19 killed thousands the biggest stories on social media were about immigration K-pop and the death of a “Friday” star.
2020-12-11,The home-rental company’s stock debut briefly left its own chief speechless.
2020-12-11,A group of experts gathered to debate the prospects for compromise in an era of partisanship.
2020-12-11,A pandemic relief program allows no forgiveness of overpayments even when recipients are not at fault and the funds are already spent.
2020-12-12,It’s a debate that’s roiling boardrooms around the world.
2020-12-12,The deal for the biopharmaceutical company is the latest big takeover this year even amid the pandemic.
2020-12-12,UPS and FedEx normally rivals are working side by side to ship the coronavirus vaccine developed by Pfizer and BioNTech the first of the vaccines to win U.S. government approval.
2020-12-12,After witnessing head-turning results for the initial public offerings by Airbnb and DoorDash the gaming company said it would wait to test the market.
2020-12-13,Big tech companies now exert huge influence over what stories get told. The message is clear: Be careful whom you offend.
2020-12-13,Covid-19 health pass apps could help reopen businesses and restore the economy. They could also unfairly exclude people from travel and workplaces.
2020-12-13,Jason Kilar’s decision to release 2021 movies simultaneously in theaters and on HBO Max has angered many in the industry including some of the star filmmakers his company relies on.
2020-12-14,As regulators seek ways to curb the company’s power there is more focus on the vast index — hundreds of billions of web pages — behind its search engine.
2020-12-14,Photographers around the country captured how the pandemic has brought many hectic holiday traditions to a halt.
2020-12-14,A group of experts gathered to debate the prospects for the new White House administration’s big promises on the environment.
2020-12-14,The tech giant’s popular services like Gmail Hangouts Meet and YouTube went offline halting work across the globe.
2020-12-14,Roblox delayed its debut as Wall Street worries about a bubble.
2020-12-14,Ratings have hit new highs but executives and journalists at both networks are uneasy about the year ahead.
2020-12-14,The suit had been brought by Françoise Brougher Pinterest’s former chief operating officer who said she was fired after speaking up about mistreatment.
2020-12-14,The coronavirus vaccinations are starting. Now Americans need to be persuaded to trust and accept them.
2020-12-14,The veteran journalist took charge of the newsroom two years ago in an effort to bring stability to the paper under new ownership.
2020-12-14,Millions face a steep and immediate drop in spending power when federal jobless benefits end this month with a sharp rise in the poverty rate.
2020-12-15,Recent commercial real estate transactions in New York.
2020-12-15,The process of creating prefabricated units that can be quickly assembled has shifted as developers turn to medical buildings affordable housing data centers and even a Chick-fil-A restaurant.
2020-12-15,Union leaders and policy experts say the next administration could do plenty on behalf of workers through regulation and other powers.
2020-12-15,European Union and British authorities released draft laws to halt the spread of harmful content and improve competition.
2020-12-15,Emergency pandemic funding to help renters must be distributed by Dec. 30. But getting the money to those who need it is no small task.
2020-12-15,Smaller companies that are key to the cold storage and distribution of Covid-19 vaccines are seeing a flurry of new investments.
2020-12-15,The veteran editor gets more power and two new job titles — chief content officer and global editorial director of Vogue — as part of a broader shake-up.
2020-12-15,The social network said it made the change because of the“importance of expressing voice and using our tools to reach voters.”
2020-12-15,It’s meaningless theater.
2020-12-15,While the Constitution gives Congress the final say in the election there is no chance that it will agree to overturn the results.
2020-12-16,Investors see a path to riches in the “cold chain.”
2020-12-16,Drops in November and October raise questions about how retailers are faring in the all-important holiday shopping season.
2020-12-16,Walgreens and CVS staff will soon begin vaccinations at tens of thousands of long-term care facilities. Some staff and residents are wary and there are thorny issues of consent.
2020-12-16,Financial hardship and a battened-down economy are making this a challenging season. The New York Times would like to hear how you have been affected.
2020-12-16,Even if you’ve never done a year-end newsletter there’s still time to squeeze in a personalized message before the calendar flips the page.
2020-12-16,Central bank officials left rates near-zero at their December meeting and tied bond buying to their employment and price goals.
2020-12-16,The suit focuses on the advertisements that generate a vast majority of the company’s profits.
2020-12-16,The website for the tech titan’s cloud business described facial recognition software that could detect members of a minority group whose persecution has drawn international condemnation.
2020-12-16,Twitter said on Wednesday that it would begin removing misinformation about coronavirus vaccines. The planned takedowns which will begin next week were announced as misinformation about the vaccines which are just starting to be distributed in the United States is increasing.
2020-12-16,The social network said it opposed changes that Apple was making to the tracking of apps and would provide information for an antitrust complaint against the iPhone maker.
2020-12-17,There remains widespread confusion about a key element of the plan to protect some of the most vulnerable Americans against the coronavirus report Rebecca Robbins and Jessica Silver-Greenberg for The New York Times: how nursing homes will get consent to vaccinate residents who aren’t able to make their own medical decisions.
2020-12-17,Facebook’s slap at Apple shows Silicon Valley is feeling the regulatory heat.
2020-12-17,The Bank of England which has been battling not only a pandemic but the threat of a disruptive exit from the European Union made no changes to its monetary policy Thursday amid signs that both threats could be receding.
2020-12-17,Millions of investors have turned to Robinhood in recent years lured by a sales pitch of no trading fees. The charges announced on Thursday apply to Robinhood’s disclosures from 2015 to late 2018 the regulator said.
2020-12-17,Google received a kernel of good news on Thursday when European Union authorities approved its acquisition of the fitness-tracking company Fitbit after a lengthy review to determine whether the $2.1 billion takeover violated antitrust laws.
2020-12-17,The site focuses on service journalism for North Carolina’s largest city. Now it has been scooped up in a deal valued at nearly $5 million and will be a partial model for other cities.
2020-12-17,More than 30 states said that the company downplayed websites that let users search for information in specialized areas.
2020-12-17,The cryptocurrency company Coinbase has joined the rush of start-ups looking to go public.
2020-12-17,Pfizer’s vaccine has 10 ingredients. None can track your location.
2020-12-17,“It’s going to be a challenging few months” one economist says. A new pandemic relief bill from Congress could soften the blow.
2020-12-18,The president championed an Indiana factory facing a shutdown four years ago. Hundreds of jobs were kept and overtime abounds. Can the revival last?
2020-12-18,QAnon “superspreaders” have continued to be active on Facebook even after the company banned the conspiracy movement from its platform two months ago according to a report released on Friday.
2020-12-18,The Times cited an institutional failure and determined the “Caliphate” team gave too much credence to the claims of a supposed former terrorist.
2020-12-18,The cryptocurrency giant’s initial public offering holds big potential — and significant risks.
2020-12-18,A group of experts gathered to debate the prospects for cooperation and competition between the world’s most powerful economies.
2020-12-18,Earlier this year the regulator froze buybacks and put a lid on banks’ dividend payouts. Now it is slightly loosening those restrictions.
2020-12-18,U.S. prosecutors have charged a company executive based in China with conspiring to terminate online meetings about the Tiananmen Square massacre.
2020-12-18,When Mr. Warnock a Georgia Senate candidate quoted the Rev. Jeremiah A. Wright Jr.’s use of the phrase “God damn America” it was part of an academic discussion.
2020-12-18,The electric-car maker will be the biggest addition in the history of the benchmark index. Will that settle down its swings?
2020-12-19,This year was all about the SPAC.
2020-12-19,Thousands of internal directives and reports reveal how Chinese officials stage-managed what appeared online in the early days of the outbreak.
2020-12-19,The Fed’s emergency lending authorities are a key part of its job. Republicans want to curb them. Democrats are pushing back.
2020-12-20,Regulators are relying on insiders like Dina Srinivasan who left her digital ad job after concluding that “Facebook and Google were going to win and everybody else is going to lose.”
2020-12-20,Through a streamlined operation Ms. Scott has given away $6 billion this year much of it to small charities and nonprofits.
2020-12-20,Apple is shuttering all 53 of its stores in California as well as more than a dozen stores across Tennessee Brazil Mexico and the United Kingdom because of a surge of coronavirus cases in those places the company said.
2020-12-21,A former tech industry insider is now playing a key role in the wave of antitrust lawsuits against the giant tech companies.
2020-12-21,Financial markets were jolted on Monday after the emergence of a fast-spreading coronavirus variant led to the suspension of some trade and travel with Britain as well as another lockdown in London a new threat that overshadowed progress in Washington toward a long-awaited economic aid package.
2020-12-21,Since the release of the highly anticipated Cyberpunk 2077 video game on Dec. 10 thousands of gamers have created viral videos featuring a multitude of glitches and bugs — many hilarious — that mar the game and render it virtually unplayable for many users.
2020-12-21,Congress finally reached a stimulus deal. Some worry it’s too little too late.
2020-12-21,A plunge in ridership at the international high-speed train mirrors wider troubles gripping Europe’s railway industry.
2020-12-21,Christie Smythe helped break the story of Mr. Shkreli’s arrest in 2015. Then she “started to fall for him” she said and quit her job at Bloomberg News.
2020-12-21,Disney on Monday cleared up a lingering question at its movie division: Alan Bergman 54 was named chairman succeeding Alan F. Horn 77 a venerable figure in Hollywood who has led Walt Disney Studios since 2012. Mr. Horn will continue to serve as chief creative officer.
2020-12-21,The stimulus package being negotiated in Washington includes $285 billion for a renewed Paycheck Protection Program.
2020-12-21,The company said people use its services because they choose to not because they lack alternatives.
2020-12-21,The moratorium will now run through Feb. 28. It had been set to expire at the end of the month.
2020-12-22,In an S.E.C. filing Group Nine said it planned to merge with similar companies but did not cite any agreements with specific partners.
2020-12-22,Another dose of relief is finally on the way for the millions of Americans facing financial distress because of the pandemic.
2020-12-22,The conservative social media personalities who spread baseless rumors of election fraud are starting to focus on the races that will decide control of the Senate.
2020-12-22,Developers and investors see more opportunities in commercial real estate as businesses and consumers gobble up more data.
2020-12-22,Rosemary Vrablic who oversaw hundreds of millions of dollars in loans to President Trump’s company will leave the bank next week.
2020-12-22,Brendan Eich’s opposition to same-sex marriage cost him his job at Mozilla. Now his doubts about the pandemic are getting him in trouble at the start-up Brave.
2020-12-22,The owner of LA Weekly another independent publication plans to restart The Voice next month. In addition to reviving the website Brian Calle plans a quarterly print edition.
2020-12-22,Tip pools will be allowed only if the waiters and waitresses receive the standard minimum wage in their city or state.
2020-12-22,The 160-page civil complaint alleges the retailer knew its system for detecting illegitimate prescriptions was inadequate.
2020-12-22,The election expected early next year will be one of the few times that employees of the e-commerce giant have had an opportunity to decide whether to join a union.
2020-12-23,A decline in consumer income and spending poses a further challenge to the recovery as jobless claims remain high and benefits approach a cutoff.
2020-12-23,Jerome H. Powell’s central bank slashed rates bought bonds in huge sums and rolled out never-before-tried loan programs that shifted its identity. The backlash is already beginning.
2020-12-23,The Trump campaign had circulated the mother’s name while arguing there was widespread voter fraud that helped propel Joseph R. Biden Jr. to victory.
2020-12-23,The president threatened to upend a hard-fought compromise but he may not get what he wants.
2020-12-23,From videoconferencing to fitness apps the best tech helped us endure a hard year. But there were also low points.
2020-12-23,Even with the prospect of new federal aid many Americans face a holiday of tough choices trying to celebrate while dealing with pressing needs.
2020-12-23,Beijing and Brussels were on the brink of an agreement to roll back restrictions on investment. But the deal’s fate is uncertain amid growing animosity toward China and increasingly vocal opposition.
2020-12-23,The podcast which The Times now says did not meet its editorial standards and a related report on ISIS had been named finalists in the 2019 international category.
2020-12-24,Beijing’s drive to free itself from reliance on imported semiconductors has lifted start-ups and big firms alike. Some have flamed out. But there has been progress.
2020-12-24,Jack Ma and other entrepreneurs prospered under Beijing’s laissez-faire attitude toward the business side of the internet. The dynamic is shifting as the companies have grown in power.
2020-12-24,As the pandemic ravaged small businesses across America some were surprised — and conflicted — about their success.
2020-12-24,Amid the challenges of 2020 there are reasons to be optimistic heading into the new year.
2020-12-24,Two couples have spent years on the road with about 50 square feet or less to call home. It takes wanderlust — and a seriously concise kitchen plan.
2020-12-24,The Alibaba chief paid for pushing back against Beijing. But the shift in attitude also speaks to a growing wealth gap and diminished opportunities for the young.
2020-12-24,The free-trade pact would help both sides avoid tariffs but Britain would still face economic costs from being outside the European Union.
2020-12-24,Musical medicine? Corona-fighting herbs? “Human beings haven’t changed all that much” a marketing professor says of the similarities between ads from 1918 and recent months.
2020-12-24,Bryan Fogel’s examination of the killing of the Saudi dissident Jamal Khashoggi had trouble finding a home among the companies that can be premier platforms for documentary films.
2020-12-24,India’s film industry which relied on theatrical releases is experimenting with going straight to streaming services such as Amazon Netflix and Disney’s Hotstar.
2020-12-25,As Covid inoculations begin the economic downturn stands to be reversed but developing countries are at risk of being left behind.
2020-12-25,Many have put capacity restrictions in place even as new lockdowns may spook visitors.
2020-12-26,Investors of all stripes piled into stocks this year creating levels of froth reminiscent of the dot-com boom. Analysts say there’s room to go higher but some worry about a bubble.
2020-12-26,China is vague about why vessels that carried Australian coal to its ports can’t unload their cargo. “We’re all depressed; our mental health is deteriorating” one sailor said.
2020-12-27,The coronavirus has disfigured Gallup a small New Mexico town near Native American reservations that is now one of the hardest hit places in the country.
2020-12-27,The country’s central bank made clear its displeasure with the financial technology company adding to the growing scrutiny of Chinese internet giants.
2020-12-27,Walter Hamada who runs DC Films is overseeing a dizzying number of projects part of a swarm of comics-based stories coming from Hollywood.
2020-12-27,Financially pressed Americans are looking forward to extended unemployment benefits and a $600 check finally signed into law by the president.
2020-12-28,Employers are struggling to deal with the unused days that have piled up during the pandemic.
2020-12-28,Urban and rural fortunes diverge in the state with the pandemic compounding troubles that predated it.
2020-12-28,With a scathing front-page editorial the Trump-friendly tabloid joined another of Rupert Murdoch’s papers The Wall Street Journal in attacking the president’s attempts to undo the election result.
2020-12-28,Mike Strizki powers his house and cars with hydrogen he home-brews. He is using his retirement to evangelize for the planet-saving advantages of hydrogen batteries.
2020-12-28,She is the breakout star of the newsletter platform Substack doing the opposite of most media as she calmly situates the news of the day in the long sweep of American history.
2020-12-29,Recent commercial real estate transactions in New York.
2020-12-29,American Airlines used the plane which was grounded in March 2019 after two fatal crashes on a flight from Miami to New York.
2020-12-29,The industry employs millions and the upheaval it experienced played out in the lives of many Americans.
2020-12-29,Nearly 70 percent of the city’s total carbon emissions come from buildings. A project to retrofit nine buildings with green technology is pioneering a new solution.
2020-12-29,A New Jersey man was accused of shoplifting and trying to hit an officer with a car. He is the third known Black man to be wrongfully arrested based on face recognition.
2020-12-29,Across the country local governments plan to inoculate 50 million people against the coronavirus by early next year. But the vaccines have not officially been approved.
2020-12-29,Black policyholders suspect discrimination as they deal with insurers but it is impossible to prove because the insurers keep a lid on claims data.
2020-12-29,An analysis of internal pay data at the San Francisco company Coinbase shows disparities that were much larger than those in the tech industry.
2020-12-30,The deal valued at $300 million is the latest in a string of acquisitions as streaming platforms expand beyond music and video.
2020-12-30,While lawmakers debate increasing the payments to $2000 most Americans are expected to save not spend their $600 checks.
2020-12-30,A photo retrospective of how the pandemic changed the business world and ruptured the economy in 2020 — creating some winners and tragically too many losers.
2020-12-30,The agreement which would roll back restrictions on investment faces some opposition in Europe and objections from the Biden camp.
2020-12-30,This year technology firms big and small stepped up to help with the Covid-19 pandemic and other thorny challenges.
2020-12-30,Sinopharm a state-controlled company said its candidate had a 79 percent efficacy rate in interim late-stage trials. But crucial questions remained unanswered.
2020-12-31,Roma Torre a signature presence at the New York City cable news channel is among the group of women who are departing.
2020-12-31,The power and prestige of cars like a 1990 Lamborghini might compel some owners to take a Sunday drive. But with odometers this low the investment would take a hit.
2020-12-31,Applications dipped slightly during Christmas week but at around 800000 are well above historical levels.
2020-12-31,Alden Global Capital already Tribune’s biggest shareholder is known for its practice of slashing costs in its newsrooms.
2020-12-31,Banks have the power to decide whether to let overdrawn customers gain access to the stimulus money being deposited into their accounts but they have taken different approaches.
2020-12-31,The new year brings another round of increases nearly a decade after workers started campaigning for higher pay.
2020-12-31,The “billionaire millennial” Lin Qi was working with Netflix and the “Game of Thrones” creators to bring a Chinese best seller to the screen. The police have a suspect and fans have questions.
2020-12-31,The hackers gained more access than the company previously understood though they were unable to modify code or get into its products and emails.
2020-12-31,This year was awful but it gave rise to some interesting social trends. Here’s what they tell us about the economic future.
2021-01-01,The workouts are real even if the impossibly beautiful scenery is not.
2021-01-01,The move follows an order from the Trump administration which says the companies are tied to China’s military. But they don’t need Wall Street as much as they once did.
2021-01-01,G.E.’s giant machine which can light up a small town is stoking a renewable-energy arms race.
2021-01-01,Starting the new rules on a holiday helped with some predicting more confusion and backups in the days ahead.
2021-01-02,The milestone seemed unreachable just three years ago and comes as Tesla has seen a string of profitable quarters and a buoyant stock.
2021-01-02,Some Republicans who once scolded about fiscal austerity are now embracing government spending underlining that the public supports more generous relief.
2021-01-02,A website called Not Amazon was created to drive sales to more than 4000 independent stores in four cities. The initiative aims to keep expanding.
2021-01-03,A Beltway school of journalism wants to get back to just-the-facts-ma’am reporting. But how do you cover this Republican Party?
2021-01-03,It’s another way to reach students without internet or computers during the pandemic.
2021-01-03,Students and recent graduates struggle to get hired as the oil industry cuts tens of thousands of jobs some of which may never come back.
2021-01-03,A cable-era way of watching TV comes to streaming with the debut of Discovery+ an on-demand platform with lots of nature shows and cooking programs.
2021-01-04,Wall Street began the year with a tumble on Monday with the S&P 500 suffering its steepest decline in more than two months as it retreated from record territory.
2021-01-04,Some companies are having trouble surviving and making money installing panels because of intense competition and the high costs of doing business.
2021-01-04,Surveillance and censorship bolster Beijing’s uncompromising grip on power. But in the country’s cities and streets people have resumed normal lives.
2021-01-04,Despite new pandemic aid he confronts an economic crisis unlike any since he last entered office in 2009. And political headwinds have only stiffened.
2021-01-04,Shareholders of the two companies voted to join forces in an effort to cope with a major technology shift and plummeting sales.
2021-01-04,The company Haven had promised to disrupt the way large corporations deliver benefits to their employees.
2021-01-04,Chief executives and other leaders from many of America’s largest businesses on Monday urged Congress to certify the electoral vote on Wednesday to confirm Joseph R. Biden Jr.’s presidential victory.
2021-01-04,Lindsay Peoples Wagner will leave her job as the editorial leader of the Condé Nast publication to take over New York Magazine’s style and culture site.
2021-01-04,The hosts of “Fox & Friends” warn of “anarchy” and say they have not seen evidence of fraud while a Fox News colleague Mark Levin says the Constitution is being “destroyed” by Democrats and the media.
2021-01-04,The failed streaming company led by Jeffrey Katzenberg and Meg Whitman is in talks with Roku about a deal.
2021-01-05,The judgment against Lai Xiaomin a former chairman of Huarong Asset Management followed a shift away from capital punishment for white-collar crimes.
2021-01-05,Keith Poole the deputy editor in chief of The Sun will become editor in chief of The New York Post Group which encompasses the print newspaper and related websites.
2021-01-05,Recent commercial real estate transactions in New York.
2021-01-05,Research into the health effects of natural and man-made surroundings is spurring the development of psychiatric facilities that feel more residential and welcoming.
2021-01-05,General Motors said its vehicle sales in the United States fell 12 percent in 2020 but increased 5 percent in the fourth quarter from the same period a year earlier a hopeful sign for the auto industry at the end of a difficult year.
2021-01-05,Not every technology needs to be in the hands of billions of people to make a difference.
2021-01-05,Tatiana Akhmedova is trying to recoup part of a $615 million judgment owed by her ex-husband by suing her elder child who she says has been shielding his father’s assets.
2021-01-05,Oil prices rose to levels not seen since February. The two major oil producers had been moving in lock step since an April agreement to cut output.
2021-01-05,Carmakers say new models should also help lift the industry in 2021 after a 15 percent decline in its slowest year since it recovered from the Great Recession.
2021-01-05,The White House took a surprise parting shot at China on Tuesday by banning the popular Chinese payment service and other applications.
2021-01-06,The early gains came as investors bet that Senate victories by Democrats would lead to a surge in federal spending. Analysts said that premise didn’t change even as a mob engulfed the Capitol.
2021-01-06,The exchange made its second abrupt reversal after the Trump administration and Congress pressed it to remove the companies.
2021-01-06,The success of a computer chip maker points to a path for companies like Google and Facebook.
2021-01-06,Richard Sharp will step into a role that requires a politician’s touch as the broadcaster faces threats to its funding from the governing Conservative Party.
2021-01-06,News producers prepared for an unusual political event and switched to chronicling the siege by a pro-Trump mob.
2021-01-06,Minutes from the central bank's December gathering show that the chair Jerome H. Powell and his colleagues were hoping for a 2021 rebound.
2021-01-06,Payments must be sent by the government by Jan. 15 the I.R.S. said. If yours isn’t sent by then you’ll have to claim it as a rebate on your 2020 taxes.
2021-01-06,Stephen J. Adler will retire in April from the global news organization which employs about 2500 journalists.
2021-01-06,Hours after supporters of President Trump stormed the Capitol industry groups and C.E.O.s called for an end to the chaos.
2021-01-06,The moves came after critics and even some allies of the social media companies said they had failed to prevent the misinformation that led to chaos on Wednesday.
2021-01-07,Sinovac Biotech has sold more than 300 million doses to the developing world filling a gap left by Western countries.
2021-01-07,Mark Zuckerberg Facebook’s chief executive said the risks of Mr. Trump using the service were too great even as Twitter lifted its lock on the president’s account.
2021-01-07,Shopify the company that powers e-commerce sites for more than one million merchants said on Thursday that it had closed two online stores tied to President Trump including those run by the Trump Organization and the Trump campaign.
2021-01-07,Wednesday was a dark moment in American history. We look at the forces that led us here.
2021-01-07,The federal government released updated rules for lenders just before midnight on Wednesday for the next round of Paycheck Protection Program lending but it did not set a date for when it expects to begin taking applications.
2021-01-07,After years of gentle wrist slaps social media companies are finally revoking President Trump’s megaphone.
2021-01-07,The company agreed to a deferred prosecution agreement with the Justice Department.
2021-01-07,Many in corporate America endorsed the president’s economic policies which were good for them and gave him mainstream business credibility. It was “fool’s gold” one said on Thursday.
2021-01-07,Employers remain cautious about hiring one economist says “but the resurgence of the virus is really the main culprit.”
2021-01-07,Mr. Musk’s net worth was $188.5 billion at 10:15 a.m. in New York on Thursday $1.5 billion more than that of Jeff Bezos.
2021-01-08,Unemployment rates for Hispanic workers shot up in December even as the jobless rate moderated for Black workers and held roughly steady for whites showing that the costs of recent job losses were being felt unevenly across demographic groups.
2021-01-08,The German lender will enter a deferred prosecution agreement to resolve charges stemming from its attempts to win business in several countries.
2021-01-08,The Federal Reserve raised rates from near zero in 2015. The discussion back then — and developments since — will inform their future policy.
2021-01-08,A small group of lenders that focus on underserved borrowers will get priority when the Paycheck Protection Program resumes.
2021-01-08,Here are the top false and misleading narratives on social media as compiled by Zignal Labs.
2021-01-08,If you’re anticipating a stimulus payment that hasn’t yet landed continue to monitor your bank accounts — and your snail mail.
2021-01-08,The unfounded rumor has been spread widely on social media.
2021-01-08,U.S. employment fell by 140000 in December as virus cases surged. Leisure and hospitality businesses were hit hard but some industries showed growth.
2021-01-08,The president’s preferred megaphone cited “the risk of further incitement of violence.” It acted after Facebook Snapchat Twitch and other platforms placed limits on him.
2021-01-08,A site called Dlive where rioters broadcast from the Capitol is benefiting from the growing exodus of right-wing users from Twitter Facebook and YouTube.
2021-01-09,Google and Apple told Parler a social network popular with far-right conservatives that it must better police its users if it wants a place in their app stores.
2021-01-09,As allies abandon the president his favorite network revives familiar villains for the Biden era. And the prospects for a Trump TV media venture are “greatly diminished.”
2021-01-09,The ability of a handful of people to control our public discourse has never been more obvious.
2021-01-09,Law enforcement has used the app to identify perpetrators Clearview AI’s C.E.O. said.
2021-01-09,Users of major mobile carriers can no longer access a service that detailed the personal information of police officers a possible sign that the city is turning to tactics used in mainland China.
2021-01-09,What should corporate leaders do in a moment like this?
2021-01-09,An order issued on Saturday empowers Beijing to tell companies to ignore U.S. restrictions and allows them to sue other businesses if they comply.
2021-01-09,As Britain adjusts to life outside of the European Union businesses are contending with delays service cancellations and piles of paperwork.
2021-01-10,The 737-500 that crashed near Jakarta was a 26-year-old workhorse without the new technology that plagued the 737 Max.
2021-01-10,The companies pulled support for the “free speech” social network all but killing the service just as many conservatives are seeking alternatives to Facebook and Twitter.
2021-01-10,Tim Berners-Lee wants to put people in control of their personal data. He has technology and a start-up pursuing that goal. Can he succeed?
2021-01-11,An unsubstantiated claim that Ginni Thomas the wife of Supreme Court Justice Clarence Thomas and a prominent conservative activist “paid” for dozens of buses to ferry demonstrators to Washington have proliferated online after a pro-Trump mob breached the Capitol last week.
2021-01-11,The anchor Martha MacCallum will be replaced by a conservative host at 7 p.m. and CNN will expand Jake Tapper’s afternoon show.
2021-01-11,70 Faces Media a nonprofit publisher of several Jewish-interest sites and a wire service has purchased The Jewish Week.
2021-01-11,The social network which had fast been gaining right-wing users said that Amazon had conspired with Twitter but did not provide any direct evidence.
2021-01-11,Cumulus Media warned employees at 416 stations that they would be fired if they continued to back Trump’s false claims of voter fraud.
2021-01-11,A handful of unelected tech executives have tremendous influence on public discourse. Is that right?
2021-01-11,Tough sacrifices may still be required but many see a post-pandemic resurgence in the year ahead.
2021-01-11,Several Wall Street banks and other companies have said they are reviewing their political giving after a pro-Trump mob stormed the Capitol building.
2021-01-11,Corporate America is rethinking its political donations.
2021-01-11,The Paycheck Protection Program reopens this week and underserved borrowers — including women-led businesses and those run by Black Latino and Asian owners and other minorities — will be first in line to tap the new funds The New York Times’s Stacy Cowley reports.
2021-01-12,Recent commercial real estate transactions in New York.
2021-01-12,Airports across the United States are devoting more space to freight shipments as online shopping surges in the pandemic.
2021-01-12,The streaming service’s movies feature Oscars winners and box office stars and are a reminder of its power in a Hollywood that has been irrevocably changed during the pandemic.
2021-01-12,If you’re struggling to register for a vaccine don’t (only) blame bad tech and local officials.
2021-01-12,“The Office” “Grey’s Anatomy” and “Criminal Minds” each accounted for more viewing time than any other show or movie on streaming platforms last year according to Nielsen.
2021-01-12,Walmart on Tuesday said it would “indefinitely” suspend contributions to members of Congress who voted against certifying the results of the presidential election as businesses come under pressure to respond after a mob stormed the Capitol last week.
2021-01-12,Senate Democrats plan to prioritize a bill containing more Covid relief including additional $1400 payments to many Americans and money to accelerate vaccine deployment as their “first order of legislative business” when they assume control of the chamber.
2021-01-12,Senator Sherrod Brown of Ohio says his agenda including an emphasis on global warming and racial justice will focus on “the dignity of work.”
2021-01-12,Since the siege on the Capitol Mike Lindell a strong supporter of President Trump has continued advertising heavily while repeating misinformation about the election and the attack.
2021-01-12,A letter signed by executives at 26 stations carrying “The Daily” accuses The Times of ethical lapses. A high-level Times editor acknowledges mistakes.
2021-01-13,One of the country’s premier “toxic tort” lawyers is accused of misappropriating money from families of victims of the Lion Air crash that led to the grounding of Boeing’s 737 Max. And that’s just the beginning.
2021-01-13,If you are still using your phone’s camera only for selfies and quick videos you’re barely touching its potential.
2021-01-13,Robert Swan who has held the job for two years is leaving the Silicon Valley chip giant after an activist investor pressed for change.
2021-01-13,Why there was a backlash this week to WhatsApp and what if anything has changed.
2021-01-13,On Wednesday the company said the temporary suspension covers any ads that reference candidates the election its outcome the upcoming presidential inauguration the impeachment process the Capitol riots or planned protests about any of these subjects.
2021-01-13,The encrypted messaging services have become the world’s hottest apps over the last week driven by growing anxiety over the power of the biggest tech companies and privacy concerns.
2021-01-13,As the Murdoch tabloid navigates a fraught political moment high-level editors instructed reporters not to base articles on reporting by four news outlets that President Trump has falsely labeled “fake news.”
2021-01-13,The sweeping ban which was based on concerns about forced labor in the region could compel companies to reorganize their multinational supply chains.
2021-01-13,After giving small lenders a head start the Paycheck Protection Program will open for all applicants on Tuesday the Treasury Department said on Wednesday.
2021-01-13,Federal regulators said the app shared sensitive health details on millions of users for years with numerous third parties — including Facebook’s and Google’s analytics units.
2021-01-14,One company may have a harder time than most separating itself from the controversy at the Capitol.
2021-01-14,The documentary filmmaker Laura Poitras said First Look Media ended its contract with her because of her public criticisms an accusation the company denied.
2021-01-14,President Biden’s plan is aimed at helping battle the virus and alleviate the economic toll it has taken.
2021-01-14,Weekly filings for jobless benefits hit the highest level since July as the pandemic’s resurgence batters the service industry.
2021-01-14,Jerome H. Powell chair of the Federal Reserve said the central bank remained far from dialing back support for the economy.
2021-01-14,A series of headlines have brought attention to the Queens Daily Eagle a small outlet in the borough where the president was born.
2021-01-14,Human rights groups and activists have spent years urging the companies to do more to remove content that encouraged violence.
2021-01-14,Facebook and Twitter have kicked out the online horribles. Are they going where we can’t find them?
2021-01-14,Regulators and airlines fear more disruptive and violent behavior leading up to Joe Biden’s swearing-in. Some lawmakers want rioters barred from flying.
2021-01-14,The hardest-hit owners will be eligible for another loan from the Paycheck Protection Program.
2021-01-15,The biggest banks in the United States have begun to pare back the enormous reserves they had socked away in case of an economic disaster.
2021-01-15,With money flowing into exchange-traded funds a handful of traditional mutual funds are changing form.
2021-01-15,The program is ending in part because Disney expects pent-up demand to far outstrip capacity when the resort eventually reopens.
2021-01-15,President-elect Joe Biden’s $1.9 trillion economic plan will run up big debts.
2021-01-15,Consumer spending fell 0.7 percent the Commerce Department reported as the economic recovery showed signs of stalling.
2021-01-15,The company faced a backlash from users who worried the changes made the messaging service less secure.
2021-01-15,How did a case meant to lower prices instead possibly lead to higher prices?
2021-01-15,Low taxes and light regulation made the party popular with corporate America for decades. President Trump and his supporters have frayed those bonds.
2021-01-15,Officials pushed factories to reopen the same way they forced the country to shut down. In one small town it led to a chili-sauce-fueled revival.
2021-01-15,Hundreds of thousands of insured businesses will be paid for lost earnings after the coronavirus lockdowns forced them to close ending a long-running battle with insurance companies.
2021-01-16,There are multiple websites disappearing slots and even attempts to game the system. Here’s our guide to what you have to do to get a dose in your arm.
2021-01-16,Big business breaks with Republicans.
2021-01-16,Jack Dorsey the chief executive had reservations about locking the president’s account. But the calls for violence that his tweets provoked were too overwhelming.
2021-01-16,The Trump administration raised hopes of a speedy process for nursing homes and assisted living facilities. Patience is wearing thin.
2021-01-17,Facebook was going to compete with Google for some advertising sales but backed away from the plan after the companies cut a preferential deal according to court documents.
2021-01-17,The company has boomed in popularity during the pandemic but getting its exercise bikes delivered has proved a struggle one that is angering new customers.
2021-01-17,Valerie Gilbert posts dozens of times a day in support of an unhinged conspiracy theory. The story of this “meme queen” hints at how hard it will be to bring people like her back to reality.
2021-01-18,Why did the network insist an agreement with the family of a murdered young man remain undisclosed until after the election?
2021-01-18,The Chinese economy grew 2.3 percent last year the country’s National Bureau of Statistics announced on Monday in Beijing.
2021-01-18,South Korea’s family-run conglomerates helped rebuild the country after the Korean War but they are now seen by many as corrupting influences on the political system.
2021-01-18,Chemical companies facing costly new regulations and extra tariffs are looking to the continent.
2021-01-18,Nearly a year into the experiment digital racing appears to be paying off for fans race teams and even tracks.
2021-01-18,The Paycheck Protection Program’s loose rules allowed organizations that have questioned the safety of vaccines to qualify for aid.
2021-01-18,Artists say officials tied to the country’s ruling party use pressure to stem criticism. Streaming services hoping to tap the Indian market’s potential have been caught in the middle.
2021-01-18,Policymakers are eager to return to the period of low unemployment that preceded the pandemic and are less concerned than in previous eras about sparking inflation and taking on debt.
2021-01-18,The government is expanding university capacity but some young people worry that the option will only postpone a crisis stemming from a shortage of well-paying work.
2021-01-18,Companies have struggled to keep their ad dollars from going to online outlets that promoted fraudulent theories about the 2020 election.
2021-01-19,Rivian which has raised another $2.65 billion plans to sell a pickup truck and S.U.V. it has worked on for more than a decade.
2021-01-19,A new Supreme Court case will take on “dark money” in politics.
2021-01-19,Recent commercial real estate transactions in New York.
2021-01-19,As their fiscal woes become worse some government officials are looking more closely at public-private partnerships as a way to jump-start their economies.
2021-01-19,The average price for a one-way domestic flight dropped to $135 last summer its lowest level in at least two decades according to analysis of federal data.
2021-01-19,The pandemic has damaged the economy and cost millions of people their livelihoods. These are some of the areas that demand Joe Biden’s attention.
2021-01-19,Ms. Yellen took a hard line on China at her confirmation hearing on Tuesday warning that she would use a “full array” of tools to combat what she described as abusive economic practices.
2021-01-19,We need control over how our data is used. Thanks to California there’s a promising new path.
2021-01-19,The streaming giant borrowed over $16 billion in less than a decade as it built out its content library. The strategy prompted criticism that the company was unsustainable.
2021-01-19,The Blackstone chief executive stuck with President Trump despite the occasional slight and stopped short of criticizing him even after the Capitol attack.
2021-01-20,Reporters and photographers who are no strangers to conflict are among those assigned to what is usually a day of pageantry.
2021-01-20,Mr. Ma the co-founder of the retailing giant Alibaba had disappeared after criticizing Chinese regulators late last year.
2021-01-20,The small South American country has become a hot prospect for oil companies looking to produce fossil fuels while spending less.
2021-01-20,For state and local governments the pandemic has brought financial gloom: Tax collections are down public health expenses are up and their infrastructure backlog is growing.
2021-01-20,And the Trump era ends — with a series of pardons.
2021-01-20,The new administration will try to restrain Big Tech manage China and expand internet access.
2021-01-20,As President Biden took office some QAnon believers tried to rejigger their theories to accommodate a transfer of power.
2021-01-20,Eastern Iowa Airport will ask a handful of short screening questions and take the temperature of each departing passenger.
2021-01-20,Members of the far-right group who were among Donald Trump’s staunchest fans are calling him “weak” as more of them were charged for storming the U.S. Capitol.
2021-01-20,The new president’s speech on unity — “the best inaugural address I ever heard” says Chris Wallace of Fox News — follows Donald Trump’s “My Way” moment.
2021-01-21,The labor action by more than 100 union workers also included web producers and some other editorial employees.
2021-01-21,Relentless unemployment claims show the pandemic’s grip on the labor market. Help from the recent stimulus bill may lapse before an upturn arrives.
2021-01-21,The new administration can “restart” the National Highway Traffic Safety Administration which “should be leading the world when it comes to vehicle safety” the head of an advocacy group said.
2021-01-21,Big banks are sending mixed signals.
2021-01-21,Despite strict lockdowns and Brexit trade disruptions investors have turned to Britain’s stock market in the first weeks of 2021.
2021-01-21,The opening moments of both presidencies did not attract as large an audience as Barack Obama did in 2009.
2021-01-21,Unions which largely support the new president had complained that the Trump administration did little to protect workers from the coronavirus.
2021-01-21,In a showdown with New York State the National Rifle Association is trying an unusual strategy. Legal experts doubt it will work.
2021-01-21,The judge said forcing Amazon to allow the social media app back onto its cloud computing platform would not be in the public interest.
2021-01-21,In East Africa too much Facebook has been awful. So has too little Facebook.
2021-01-22,The Communist Party’s success in reclaiming the narrative has proved to the world its ability to rally the people to its side no matter how stumbling its actions might be.
2021-01-22,President Biden is expected to talk about his efforts to help the economy recover from the coronavirus pandemic this afternoon and will sign two executive orders aimed at steering additional federal aid to families struggling to afford food amid the pandemic and helping workers stay safe on the job.
2021-01-22,The chief executive of United Airlines told the company’s employees this week that the carrier — and other businesses — could make the coronavirus vaccine mandatory for all workers.
2021-01-22,The pandemic dampened sales for all automakers in the spring and summer and Tesla’s plant in Fremont Calif. was idled from late March until the middle of May.
2021-01-22,She spent seven months as the section’s interim head after replacing James Bennet who resigned under pressure. Now she officially takes a job that has been a steppingstone to the top editor position at The Times.
2021-01-22,The site asks its oversight body to rule on Trump. But its justice system doesn’t work for everyone.
2021-01-22,Faced with boycotts and criminal complaints the director of “Tandav” made the edits this week. But that did not appear to satisfy some of the show’s critics who called for him to be jailed.
2021-01-22,The postponement until Oct. 8 is the surest sign yet that Hollywood does not believe the masses will be ready to return to movie theaters anytime soon.
2021-01-22,Unwinding the 2017 Trump tax cuts will be a big test for President Biden.
2021-01-22,Big business broke with Republicans in the final days of the Trump administration. That doesn’t mean executives are fully ready to embrace President Biden.
2021-01-23,“A Theory of Relativity” a 2018 article by the staff writer Elif Batuman was honored in the feature writing category.
2021-01-23,A failure to distribute the Covid-19 vaccine in poor nations will worsen economic damage with half the costs borne by wealthy countries new research shows.
2021-01-23,Microsoft Starbucks and Amazon are among the companies offering the government assistance with logistics and operations.
2021-01-23,A former Obama administration official is the front-runner to be comptroller of the currency. The prospect has angered groups hoping for more dramatic reform.
2021-01-23,When big banks see a benefit in helping companies recruit more diverse directors it’s a sign that there are not just morals at play — there is money at stake too.
2021-01-24,When companies move all employee communications online they face the same problems as the rest of the internet. But they don’t have to let bad behavior seep in.
2021-01-24,The departures include most of the executive team at Postmates the food delivery app that Uber bought last year.
2021-01-25,Is there a statute of limitations on attending “Davos in the Desert”?
2021-01-25,Are $2000 stimulus checks a good way to help the economy and fight poverty or a misuse of government resources?
2021-01-25,Google said it will make company buildings parking lots and open spaces available to serve as temporary vaccination clinics in partnership with health care providers and public health officials.
2021-01-25,The company’s latest effort to curb misinformation will start with a small number of users.
2021-01-25,Selling consumer electronics is hard forcing companies to resort to shady tactics to make money.
2021-01-25,On Monday Dominion Voting Systems filed a defamation lawsuit against the former New York City mayor.
2021-01-25,An inquiry’s finding that Leon Black the billionaire boss of Apollo Global Management paid the convicted sex offender $158 million touched off an attempt to remove him.
2021-01-25,Here are four of the most common false statements about Dominion Voting Systems by Rudolfph W. Giuliani.
2021-01-25,Regulators in Norway said Grindr had illegally shared details on users’ sexual orientation and locations with several advertising companies.
2021-01-25,Mr. Murdoch of News Corp who spoke in a video has been relatively quiet publicly in recent years. He called conformity on social media “a straitjacket on sensibility.”
2021-01-26,Restaurateurs hunting for cut-rate space in the pandemic are teaming up with eager partners in another beleaguered industry.
2021-01-26,The BlackRock chief plans to pressure companies to do more to cut carbon emissions using the weight of his firm’s $9 trillion in assets.
2021-01-26,The latest in a series of additions is seen as an attempt to compete with the growing popularity of outfits like Substack.
2021-01-26,Recent commercial real estate transactions in New York.
2021-01-26,The blaze that killed the former Zappos chief executive may have been caused by “carelessness or even an intentional act” Connecticut fire and police officials said.
2021-01-26,After leading journalists to Pulitzer Prizes in Miami Boston and Washington The Post’s executive editor said he would call it a career on Feb. 28.
2021-01-26,Verizon said on Twitter that a fiber optic cable had been cut in Brooklyn but it was not clear if that was the only cause of the outage.
2021-01-26,The company had its first $5 billion quarter for its gaming business as people looked for entertainment at home and Microsoft launched the long awaited new generation of its Xbox console.
2021-01-26,Mr. Epstein specialized in aggressively pitching ways to minimize paying taxes. And not just to Mr. Black the private equity chief executive who was his main benefactor in his later years.
2021-01-26,Lawmakers say the attack on the Capitol has generated more support for tougher regulation of the industry.
2021-01-27,The chair Jerome H. Powell said the economic outlook remained “highly uncertain” and would depend on the path of the virus.
2021-01-27,TD Ameritrade Charles Schwab and Robinhood said they had curtailed activities on certain stocks.
2021-01-27,GameStop shares have soared 1700 percent as millions of small investors egged on by social media employ a classic Wall Street tactic to put the squeeze — on Wall Street.
2021-01-27,The strong quarter was fueled by Apple’s latest iPhones and by strong sales in China.
2021-01-27,Facebook’s business rose even as it dealt with controversies around the proliferation of misinformation across its platform and as it has come under increased scrutiny by regulators.
2021-01-27,The company benefited from a jump in sales of electric cars in China and Europe but its fourth quarter earnings fell short of Wall Street’s expectations.
2021-01-27,We want to hear about a special neighborhood establishment that shut down because of the pandemic and what that loss has meant.
2021-01-27,Since taking over as the film festival’s director Tabitha Jackson has had to figure out how to hold a cinema showcase during a pandemic. Her virtual solution starts Thursday.
2021-01-27,A toy company finds that selling goods on Amazon is both key to its success and super fraught.
2021-01-27,In the wake of a correction to The Times’s “Caliphate” podcast the veteran editor will advise the audio department before taking on a broader role.
2021-01-28,Let’s have an honest conversation about GameStop.
2021-01-28,It’s called a short squeeze and it involves investors betting on which way a stock will go — up or down. These bets are placed by buying stock options and the options allow an investor to make money even if the stock itself loses value. If the stock goes up in value the bets can become losers. Investors who bet against a stock are called “shorts.”
2021-01-28,The move one of the most ambitious in the auto industry is a piece of a broader plan by the company to become carbon neutral by 2040.
2021-01-28,The European Central Bank on Thursday effectively warned eurozone banks to clean up their acts saying that many are complacent about losses they may suffer from a surge in problem loans caused by the pandemic.
2021-01-28,Robinhood said it had placed more restrictions on trades of stocks like GameStop limiting users to only selling shares they owned and buying shares they had shorted.
2021-01-28,Several popular trading platforms had already curbed trading activities in certain stocks including GameStop and AMC Entertainment Holdings the movie theater chain.
2021-01-28,This week gleeful online hordes turned the stock market upside down. This shouldn’t come as a surprise.
2021-01-28,The social network has discussed an antitrust lawsuit against Apple as tensions grow between the companies over how each treats consumer data.
2021-01-28,ABC’s evening news program routinely ranked among the highest rated telecasts in all of broadcast and cable television last year.
2021-01-28,In an industrywide changing of the guard other big newsroom jobs that have come open include the No. 1 slots at Vox HuffPost and Wired.
2021-01-29,A Massachusetts man who goes by “Roaring Kitty” on social media helped fuel the frenzy around GameStop. His $53000 investment in the company briefly reached $48 million in value.
2021-01-29,A covert online push to sway telecommunications policy in favor of the Chinese company may presage a new twist in social manipulation.
2021-01-29,Silicon Valley techies and Wall Street titans have bought homes and moved businesses there in the pandemic coaxed by an eager mayor.
2021-01-29,Severe recessions in Germany and France last year caused by the coronavirus pandemic began to improve slightly toward the end of 2020 as a second series of lockdowns had a milder impact on their economies those governments reported on Friday.
2021-01-29,The online broker raised $1 billion to prop itself up. Overcoming customer anger may be harder.
2021-01-29,With government support and lavish subsidies Chinese companies have come to dominate the market for batteries motors and other essentials Detroit may need for its new fleets.
2021-01-29,The billionaire has inserted himself into the confounding stock market drama and solidified his role as the ultimate insider outsider.
2021-01-29,They should instead focus on the big question: Can satellites bring internet access to billions?
2021-01-29,Here’s what happened when investors using apps like Robinhood began wagering on a pool of unremarkable stocks.
2021-01-29,Every carmaker is trying to figure out how to make the leap before governments force it and Tesla and other start-ups lure away drivers.
2021-01-30,Outrageous lies destroyed Guy Babcock’s online reputation. When he went hunting for their source what he discovered was worse than he could have imagined.
2021-01-30,Robinhood pitched itself to investors as the antithesis of Wall Street. It didn’t say that it also entirely relies on Wall Street. This past week the two realities collided.
2021-01-30,The rules are in flux as a new U.S. administration takes over.
2021-01-30,League of Legends teams in the U.S. lag behind their competitors in Asia so they recruit the world’s best players by offering huge salaries.
2021-01-31,An online tool targets only a small slice of what’s out there but may open some eyes to how widely artificial intelligence research fed on personal images.
2021-02-01,The recent surge in GameStop’s stock — propelled by individual investors who banded together on Reddit — has put new pressure on the Biden administration’s pick for the top job at the Securities and Exchange Commission Gary Gensler.
2021-02-01,Believe it or not there are real-world financials to consider.
2021-02-01,The precious metal jumped 11.5 percent to its highest level in eight years then gave up some of its gains as some online investors smelled a trap.
2021-02-01,The deaths of two young employees of Pinduoduo an e-commerce platform have reignited longstanding concerns about working conditions at internet giants.
2021-02-01,Robinhood the stock platform that put restraints on trading of shares like the video game retailer GameStop and the movie theater chain AMC after a frenzy of buying and selling last week has decreased the number of companies with trading restrictions to eight from 50 according to an update on its website.
2021-02-01,Many climate experts have said that such carbon capture and sequestration will be critical in the fight against climate change.
2021-02-01,Young video game pros from abroad are being lured to play in the United States.
2021-02-01,The frenzy for the troubled retailer’s stock has been a head-scratcher for the analysts who try to determine a company’s value.
2021-02-01,The high volume of trading by its customers many of them egged on by social media has put a strain on the company’s balance sheet.
2021-02-01,Large sectors of the economy are adapting to the pandemic better than originally expected and December’s economic aid package helped to increase growth adding another twist to stimulus talks.
2021-02-02,Uber has acquired Drizly the alcohol delivery service in a $1.1 billion deal the ride-hailing company said on Tuesday. The acquisition is part of Uber’s aggressive push to expand its booming delivery business during the pandemic.
2021-02-02,The Federal Trade Commission said Amazon secretly lowered hourly delivery wages and tried to mask the smaller wages by using customer tips to cover for the smaller hourly pay.
2021-02-02,A double-dip recession in the European Union appears likely after the trade bloc reported a decline in economic output in the last quarter of 2020.
2021-02-02,Facebook groups spread conspiracy theories and shield abuse. Here are ways to make them less toxic.
2021-02-02,Vlad Tenev has incited the fury of the trading app’s fans amid a stock market frenzy. His lack of preparedness on nuts-and-bolts issues was part of a pattern former employees and analysts said.
2021-02-02,The Education Department told the company to return tens of millions of dollars it had owed the government for more than a decade.
2021-02-02,Andy Jassy the chief of Amazon’s cloud computing division will become chief executive while Mr. Bezos the company’s founder will become executive chairman.
2021-02-02,Big oil companies lost billions in 2020 because of the pandemic and face broad questions about how they will adapt to climate change and regulations.
2021-02-02,After a crazy run-up the price dropped 72 percent over two days putting it just 18 percent higher than it was at the start of last week.
2021-02-02,Patrick Steel the chief executive of Politico. since 2017 said on Tuesday that he will leave the company this summer
2021-02-03,Telegram and Signal the encrypted services that keep conversations confidential are increasingly popular. Our tech columnists discuss whether this could get ugly.
2021-02-03,The Amazon founder is stepping down as C.E.O. but will continue to exert a lot of influence at the e-commerce giant.
2021-02-03,The year’s biggest TV advertising day will include nods to a difficult time — and Dolly Parton.
2021-02-03,California’s huge public retirement system for one offered only cautious support after new disclosures of financial ties between the firm’s chief Leon Black and Jeffrey Epstein.
2021-02-03,Amazon has reimagined entire industries. What happens next to the $1.7 trillion company?
2021-02-03,Keith Gill was an early endorser of GameStop on his YouTube channel. But a regulator in Massachusetts wants to know about his day job.
2021-02-03,Mr. Jassy who will become Amazon’s chief this summer has spent more than two decades absorbing lessons from Mr. Bezos.
2021-02-03,New regulatory records show the bank found that Rosemary Vrablic had engaged in undisclosed investment activity involving a client.
2021-02-04,In its fourth-quarter earnings report The New York Times Company said 2020 was its biggest year for adding subscribers.
2021-02-04,Since Representative Alexandria Ocasio-Cortez the New York Democrat took to Instagram Live on Monday to describe what the Jan. 6 riot was like from inside the Capitol complex critics have claimed that she wasn’t where she said she was or that she couldn’t have experienced what she described from her location.
2021-02-04,The Treasury Secretary met with her fellow regulators to discuss whether markets need new attention after the rise of so-called “meme stocks.”
2021-02-04,Smartmatic accused Rupert Murdoch’s network of promoting a false narrative about the 2020 election that damaged the company.
2021-02-04,Delivery apps like Uber and Instacart are branching out. How this shakes out will affect all of us.
2021-02-04,Tens of thousands of eligible music clubs theaters museums and other spaces may overwhelm a $15 billion grant fund run by the Small Business Administration.
2021-02-04,The executive who shaped the look and feel of CNN since coming aboard in 2013 helped build the Trump myth and then tried to knock it down.
2021-02-04,Policymakers said they had no plans to introduce negative rates to stimulate the economy but they wanted to be prepared.
2021-02-04,Officials are looking for signs of manipulation behind the recent market frenzy.
2021-02-04,Janet Yellen the Treasury Secretary will meet on Thursday with officials from financial market regulators including the Securities and Exchange Commission to discuss the market volatility created by retail traders the Treasury Department said after the remarkable rise in prices of “meme stocks” such as GameStop.
2021-02-05,Tracing community activism back a hundred years Nina Banks says this labor by Black women should be counted as part of the economy.
2021-02-05,Fifteen hours later a stimulus plan takes shape.
2021-02-05,The organizing effort at the century-old New York tabloid comes roughly 25 years after its editorial union was effectively broken.
2021-02-05,The likes of Frito-Lay and food delivery services are expecting a busy Sunday as more viewers stay home rather than gather in large groups.
2021-02-05,Russian news outlets with connections to the Kremlin ran disingenuous Spanish-language stories targeting vaccines made in the United States and Europe researchers said.
2021-02-05,A White House seeking to advance its agenda introduces a format that includes the president speaking with handpicked citizens.
2021-02-05,Other countries are plowing cash into homegrown technologies. Should the United States follow?
2021-02-05,The Obamas have a multiyear deal with Netflix to produce television series movies and documentaries.
2021-02-05,Donald McNeil a veteran science reporter and Andy Mills who helped make the “Caliphate” podcast were the focus of complaints inside and outside The Times.
2021-02-05,Mr. Dobbs a loyal supporter of former President Donald J. Trump was named in a $2.7 billion lawsuit filed on Thursday against the Fox Corporation and two other Fox anchors.
2021-02-06,A fight over conflict-of-interest claims began nearly two years ago. William Morris Endeavor was the last major agency to reach a new agreement.
2021-02-06,China is tightening the reins on its economy and looking out for companies that could pose risks to China’s financial system.
2021-02-06,One America News ran an extensive disclaimer before the broadcast.
2021-02-06,Eviction moratoriums don’t keep arrears from piling up and aid to renters may not reach the most vulnerable.
2021-02-06,Defamation cases have made waves across an uneasy right-wing media landscape from Fox to Newsmax.
2021-02-06,Since the Capitol riot companies have re-evaluated their political donations. Will this be a turning point or a momentary blip?
2021-02-07,Faced with the challenge of promoting products in a difficult time some companies referenced the nation’s struggles in their marketing messages while others went for nostalgia.
2021-02-07,Top editors at Hachette have told employees that they’ve learned the lessons of the Capitol siege of Jan. 6: no hate speech no incitement to violence no false narratives.
2021-02-07,Health agencies and hospitals are using different formulas to allocate the coronavirus shots exacerbating disparities in vaccine access.
2021-02-07,Fueled by amateur traders and online enthusiasm the struggling retailer’s shares took investors on a ride like no other. For them it ended in different ways including apathy defiance and regret.
2021-02-08,The electric carmaker has struggled with quality issues as it has scaled from making tens of thousand cars a year to 500000 in 2020.
2021-02-08,Even before last year one in four U.S. renters — about 11 million households — was living in a household that spent more than half its pretax income on housing and overcrowding was on the rise. By one estimate for every 100 very low-income households only 36 affordable rentals are available.
2021-02-08,The carmaker’s chief executive Elon Musk is known for promoting cryptocurrencies on his widely followed Twitter feed.
2021-02-08,The price of Dogecoin is up by more than 1600 percent this year pushed in recent days by celebrity cheerleading from the likes of Elon Musk  Snoop Dogg and  Gene Simmons.
2021-02-08,Traditional automakers and tech-focused companies like Tesla race to rule the future of cars.
2021-02-08,BP and Total plan to spend billions of dollars developing the wind farms in an effort to aid their shift to renewable energy.
2021-02-08,The move which applies to anti-vaccine posts unrelated to Covid as well targets unpaid posts to the site and particularly Facebook pages and groups.
2021-02-08,Uber and Lyft will report financial results this week for a year that upended hopes that the companies would soon turn around big losses.
2021-02-08,Other companies spent millions on ambitious commercials made for advertising’s biggest day. Reddit’s blip of an ad made in under a week connected.
2021-02-08,Bitcoin and even Dogecoin which began as a playful experiment are soaring in value as billionaires companies and celebrities promote the digital currencies.
2021-02-09,Over the course of about 90 minutes the group discussed the minimum wage expanding the use of earned-income tax credits and other ways to help stimulate the economy according to a person with knowledge of the conversation.
2021-02-09,An extended winter lockdown has shaken the usual arrangement between landlords and tenants ahead of a government review of leasing legislation.
2021-02-09,Senator Chuck Schumer of New York the majority leader said on Tuesday that he was fighting to include a federal minimum-wage increase in a sweeping bill Democrats are drafting to carry President Biden’s $1.9 trillion stimulus package but declined to say whether Democrats would seek to upend Senate rules to make sure that it survived.
2021-02-09,Buying electronics now is rough. Be patient. Shop around. And try not to break anything important.
2021-02-09,Analysts warn that low-interest rates are promoting speculative bubbles. The Fed itself has downplayed the possibility that it’s behind asset prices.
2021-02-09,Ms. Blumenstein will report to the publisher helping to oversee newsroom operations and becoming a frequent public representative for The Times.
2021-02-09,The company lost $1.14 billion for the year even as daily active users who saw ads grew 26 percent to 192 million in the fourth quarter.
2021-02-09,Lyft’s business had been improving early in the quarter but slumped in November and December as coronavirus cases climbed in the United States.
2021-02-09,On Fox News panelists offered a grim view of President Biden’s economic agenda in the run-up to the trial.
2021-02-09,Suzanne Clark will become the first woman to lead the century-old group when the change takes effect on March 11.
2021-02-10,The platform’s problems in the country offer a stark example of the difficulty of adhering to its free-speech principles amid government worries over its influence.
2021-02-10,Shows hosted by Rush Limbaugh Sean Hannity and other talk radio stars promoted debunked claims of a stolen election and urged listeners to “fight back.”
2021-02-10,The 10-episode series which makes its debut March 16 is the latest project from Mrs. Obama and Barack Obama’s production company Higher Ground Productions.
2021-02-10,Misinformation about the second impeachment trial against former President Donald J. Trump is swirling online at a much slower clip than the first impeachment trial against him — at least so far.
2021-02-10,To see where technology is headed and why follow the money.
2021-02-10,The social network which has a history of cloning its competitors has started working on an audio chat product.
2021-02-10,The incoming C.E.O. of Citi wants to take a more global approach to issues and expand banking services for poor Americans even as the bank faces pressure to get itself in shape.
2021-02-10,Uber said its losses for the quarter $968 million were a 12 percent improvement.
2021-02-10,Nadire Atas trashed the reputations of people she saw as enemies and their relatives. On Tuesday she was charged by the Toronto police with harassment and other offenses.
2021-02-10,Playing down inflation worries Jerome H. Powell said policymakers needed to focus on restoring maximum employment.
2021-02-11,Europe’s largest oil and gas producer said oil production would gradually decline 1 or 2 percent annually underscoring the company’s desire to shift to greener energy.
2021-02-11,Even as layoffs in the United States remain extraordinarily high by historical standards unemployment claims continue to decline as coronavirus cases and restrictions on activity recede.
2021-02-11,The bank’s new boss will take on a major turnaround job.
2021-02-11,Bombardier said  that it would stop building the plane at the end of the year  as it shifts attention to its more profitable and larger Challenger and Global aircraft.
2021-02-11,Senators Jeanne Shaheen and Ben Sasse sent a letter to the Treasury secretary  making the case that America’s currency should reflect the diversity of the country.
2021-02-11,Twitter is defying a democratically elected government. We should all watch what happens next.
2021-02-11,The House Financial Services Committee has scheduled a hearing into GameStop trading for Feb. 18.
2021-02-11,The attorney general of the Virgin Islands said two longtime associates of Mr. Epstein’s were “captains” of his criminal enterprise and should not be in charge of his estate.
2021-02-11,Bloomberg’s editor in chief announced the changes in a staff memo saying that the newsroom had “‘lost’ stories because we moved too slowly’” and needed to have more accountability.
2021-02-11,Prominent anti-vaccine activists remain active on Facebook and Instagram despite the company's efforts to ban all vaccine misinformation.
2021-02-12,Analysts estimate that the tax will generate up to $250 million for schools in the state in the first year. It will also probably face fierce legal challenges.
2021-02-12,A rural businessman Sun Dawu angered Beijing twice. His fate the second time around could augur the future of the world’s other superpower.
2021-02-12,Now comes the hard part.
2021-02-12,The Weyerhaeuser site near Seattle praised for its balance of building and landscape is at the center of a battle between conservationists and a developer.
2021-02-12,Its ease and affordability made it a pandemic staple for many families and a rare bright spot in an industry that has been decimated.
2021-02-12,What we need to get to a future of energy-efficient cars.
2021-02-12,The company said the attorney general Letitia James had overstepped her authority in investigating workplace safety.
2021-02-12,Two new books chronicle the early stages of the evolution of the N.B.A. into the cultural and economic force it is today.
2021-02-12,T.J. Ducklo said he would “destroy” a Politico journalist who asked about his romantic relationship with a reporter who covered President Biden.
2021-02-12,The Dutch energy company has a presence in Britain and a judge ruled there was “a real issue to be tried.”
2021-02-13,Descriptions like “very powerful” and “really stellar” on MSNBC and CNN. And “asinine” and “irrational” on Fox News.
2021-02-13,The Supreme Court denied a bid by a father and son to block their extradition. They face trial on charges they helped Japan’s most famous criminal defendant flee to Lebanon.
2021-02-13,Former executives at the tech giant give an inside account of its management culture in a new book.
2021-02-13,Mr. Pierre’s team installed floats including one dedicated to Dolly Parton.
2021-02-13,The trader who pumped up the stock on the internet will appear next week with the leaders of the Robinhood app and hedge funds that lost big during the frenzy.
2021-02-14,Other news organizations have their own personnel dramas. But none attract the spotlight the way The Times does.
2021-02-14,Is $15 an hour too much or not enough? Fresno Calif. may be a laboratory for a debate over the minimum wage that is heating up on the national level.
2021-02-14,A vote on a bill this week is part of a movement that could cost Apple and Google billions of dollars. State legislatures are becoming the fight’s new front.
2021-02-15,The 11-month-old app has exploded in popularity even as it grapples with harassment misinformation and privacy issues.
2021-02-15,The world’s third largest economy capped off a terrible year with a sharp rise in activity. Still analysts say trouble lies ahead.
2021-02-15,Administration and Fed officials argue that workers not getting enough stimulus help is a larger concern than potential spikes in consumer prices.
2021-02-15,After being cut off by Amazon and other tech giants Parler worked for weeks to find a way to get back on the internet.
2021-02-16,Mr. Sorenson the company’s third-ever C.E.O. was the first person outside the Marriott family to lead the hotel company which grew to be the world’s biggest during his tenure.
2021-02-16,Swati Sharma 34 prepares to take over the 90-person newsroom of a digital outlet known for its clearsighted articles on knotty issues in the news.
2021-02-16,Cities and states issued at least $6.1 billion in pension bonds last year. Novel ways to do so include renting property they already own under dummy corporations.
2021-02-16,State and local governments are looking to assert more control over tech companies.
2021-02-16,Private lawsuits are adding to the mounting legal pressure on Big Tech companies.
2021-02-16,Recent commercial real estate transactions in New York.
2021-02-16,A North Dakota bill that an Apple executive had warned “threatens to destroy iPhone as you know it” died in a vote on Tuesday.
2021-02-16,Most eligible people should have received their payments by now. Those who did not receive one can recover the money in their tax return.
2021-02-16,Power outages natural gas shortages and icy conditions made it hard for automakers retailers and delivery carriers to operate across much of the South and Midwest.
2021-02-16,It was one of the worst Wall Street mishaps in years: Citigroup accidentally wired $900 million last year to a group of lenders locked in a bitter dispute with the beauty company Revlon.
2021-02-17,Pathbreaking legislation showed that even a small nation can get the tech giant to bend. But the United States seems unlikely to follow.
2021-02-17,The decision is in response to a proposed law in the country that would require tech companies to pay publishers for linking to stories across their platforms.
2021-02-17,Stimulus money sent at the end of 2020 appeared to translate into spending rather than saving reversing three consecutive months of declines.
2021-02-17,Citi committed “one of the biggest blunders in banking history” a federal judge says.
2021-02-17,The private equity firm Carlyle Group plans to announce on Wednesday a $4.1 billion credit line for its portfolio companies that will tie the price of debt to the diversity of a company’s board the DealBook newsletter reports.
2021-02-17,Stewart Bainum a hotel magnate and former politician has swooped in with a plan to run it and other papers in Maryland as part of a nonprofit.
2021-02-17,With Australia moving to make the tech companies pay for news Facebook took a hard line while Google has struck deals to pay publishers.
2021-02-17,Facebook and Google exist in so many countries. Who should decide the rules in each one?
2021-02-17,Callers including Former President Donald J. Trump and Sean Hannity lavished praise on the radio star.
2021-02-17,Robinhood has responded to a long list of questions from Senator Elizabeth Warren Democrat of Massachusetts about its businesses practices and what went wrong during the height of the so-called meme stock mania. The DealBook newsletter got the first look on Wednesday at the broker’s 195-page response.
2021-02-18,The House Financial Services Committee hearing on Thursday on the GameStop trading frenzy threatens to be full of noise and bluster. The DealBook newsletter came up with questions lawmakers could ask the key players that might elicit the most illuminating responses.
2021-02-18,Jay Clayton the former Securities and Exchange Commission chairman will serve as the lead independent director of Apollo Global Management the private equity firm said on Thursday.
2021-02-18,When it comes to government intervention in the economy the political parameters have shifted.
2021-02-18,Read the letter from current and past Schwarzman Scholars and program professors.
2021-02-18,More than 160 participants in a master’s program funded by the Blackstone founder Stephen Schwarzman have urged him to stop donating to election objectors. He has declined.
2021-02-18,A big question about the future of commerce is how local businesses will succeed online.
2021-02-18,A top Federal Reserve official says climate scenario analysis could be valuable in making sure that banks mind their climate-tied weak spots.
2021-02-18,Power failures have cast a spotlight on whether energy companies and regulators are doing enough to prepare for climate change and natural disasters.
2021-02-18,Daimler reported unexpectedly strong profits underlining a rebound by traditional carmakers despite the pandemic.
2021-02-18,Lawmakers at a congressional hearing kept coming back to the chief of the stock-trading app with pointed questions and a key argument: “Something very wrong happened here.”
2021-02-19,Experts say that tourists could come back in the spring or summer but that more profitable business travelers could stay away for a year or longer.
2021-02-19,A high-profile hearing criticized Robinhood’s business model.
2021-02-19,Dividend recaps a kind of borrowing long condemned for loading up companies with debt for the benefit of their private equity owners has surged.
2021-02-19,The decision was an important victory for labor activists in the U.S. and Europe who are pushing for better wages and stronger protections for gig economy workers.
2021-02-19,The pain for such enterprises been particularly acute in the state leading some to back an effort to replace Gov. Gavin Newsom.
2021-02-19,The move comes nearly four years after a study showed that chemicals believed to cause health problems in children and reproductive issues in adults were found in mass-market macaroni and cheese packets.
2021-02-19,The president of the Federal Reserve Bank of Boston says he expects a winning streak for the digital currency Bitcoin to eventually come to an end.
2021-02-19,Big Tech likes to copy the hot new thing. But that’s not always good for the rest of us.
2021-02-20,What does the road to recovery look like?
2021-02-20,Two months after the jarring departure of a well-known artificial intelligence researcher at Google a second A.I. researcher at the company said she was fired after criticizing the way it has treated employees who were working on ways to address bias and toxicity in its artificial intelligence systems.
2021-02-21,The company said 128 jets powered by a particular Pratt & Whitney engine should get inspections. Japanese regulators ordered that the planes be grounded.
2021-02-21,A new wave of news outlets has used conventional and unconventional methods to pierce the veil of Putin’s power.
2021-02-21,Signs of economic life are picking up and mounds of cash are waiting to be spent as the virus loosens its grip.
2021-02-21,Hurt by refunds some are trying to cut the site out of bookings or taking legal action. The company says it is working to reduce tensions.
2021-02-22,The renewed Paycheck Protection Program has disbursed $140 billion this year but many applicants have had to wait weeks for lenders to resolve problems.
2021-02-22,A slew of venture-backed companies envision a world where we sit down for dinner and brag that no animals were harmed in the production of this carbon-neutral porterhouse steak. They want to Impossible Burger our entire diet.
2021-02-22,The top 25 hedge fund managers earned $32 billion last year according to Institutional Investor’s latest rankings.
2021-02-22,The complaint alleges that Mr. Lindell “exploited” false claims about election fraud to support sales of his own business.
2021-02-22,Before a hearing set for Wednesday Democrats on the Energy and Commerce Committee asked cable companies what they did to combat “the spread of misinformation.”
2021-02-22,The official rate stood at 6.3 percent in January but using an expanded metric Fed and Treasury officials say it’s closer to 10 percent.
2021-02-22,What happened to California’s Inland Empire when Amazon came to town.
2021-02-22,A proposal released by the acting chairwoman of the commission is an attempt to close the digital divide.
2021-02-22,A more generous loan formula for solo ventures is meant to get more very small businesses into the Paycheck Protection Program. But bigger applicants face a two-week pause.
2021-02-22,Many big businesses have not set targets for reducing greenhouse gas emissions. Others have weak goals.
2021-02-23,The Treasury secretary speaks on debt taxes cryptocurrencies and more.
2021-02-23,The pandemic has highlighted the United States’ dependence on China for research animals reviving calls for a “strategic monkey reserve.”
2021-02-23,The Treasury secretary dropped hints about her priorities — if you know how to interpret them.
2021-02-23,Jerome Powell’s Senate testimony allayed worries that signs of growth would lead the Fed to cut back on its support for the economy.
2021-02-23,The department store chain said that sales fell to $17.3 billion in the year that ended on Jan. 30 and that it posted a net loss of $3.9 billion.
2021-02-23,Industry experts are starting to take heed as disruptions from the pandemic and changing technological needs are hastening the demise of commercial real estate developments.
2021-02-23,Recent commercial real estate transactions in New York.
2021-02-23,Taking back control of our personal data can feel like a lost cause. But there’s hope!
2021-02-23,Fast-food chains like Chick-fil-A and Popeyes have been vying for chicken supremacy capitalizing on the sandwich’s popularity with customers.
2021-02-23,The Federal Reserve will continue to support the economy its chair Jerome H. Powell pledged even as concerns about inflation rise.
2021-02-24,The pandemic is terrible. It can also be tedious. And that tedium is shaping what people buy and how productive they are.
2021-02-24,Not the Fed it seems.
2021-02-24,The second and final day of the DealBook DC Policy Project featured discussions on the prospects of bipartisan deal-making in Washington overhauling of the financial markets and corporate America’s role in fighting the pandemic.
2021-02-24,The big-box retailer attributed the shutdown to “changes in the retail industry and the challenges posed by the Covid-19 pandemic.”
2021-02-24,The Washington Post led all news organizations with four prizes. The infectious-disease reporter Helen Branswell of Stat took the public service award for a yearlong chronicle of the coronavirus and its effects.
2021-02-24,Workhorse a small truck maker with big ambitions was counting on the deal for a surge in revenue. Its shares lost $2 billion in value.
2021-02-24,JustWatch makes finding where shows or movies are streaming online super easy. Hallelujah.
2021-02-24,The Fed chair said better caregiving options was an “area worth looking at” for Congress while reiterating the central bank’s full-employment pledge.
2021-02-24,ViacomCBS announced new content for the revamped version of CBS All Access including a weekly program from Trevor Noah the host of “The Daily Show.”
2021-02-24,“The Times is a difficult environment for many of our colleagues” the report found. People of color described “unsettling and sometimes painful day-to-day workplace experiences.”
2021-02-25,More tough headlines for the consulting firm.
2021-02-25,W. Craig Jelinek the retailer's chief executive told lawmakers that the increase was “a significant competitive advantage for us.”
2021-02-25,The Biden administration is hoping that its nominee for U. S. trade representative Katherine Tai who is scheduled to appear for her confirmation hearing on Thursday morning before the Senate Finance Committee can serve as a consensus builder and help bridge the Democratic Party’s varying views on trade Ana Swanson reports for The New York Times.
2021-02-25,Shares of the video game retailer surged as much as 76 percent in early trading on Thursday in a second day of volatile trading.
2021-02-25,Michael Saylor the chief executive of the business intelligence software firm MicroStrategy believes deeply in Bitcoin and has urged other companies to shift their corporate cash into the cryptocurrency. That’s what MicroStrategy has been doing in a bigger way than the others that have put Bitcoin on their balance sheets the DealBook newsletter reports.
2021-02-25,A co-host and a senior reporter also left the podcast after accusations that they worked against union efforts that many employees of color saw as necessary to increase diversity.
2021-02-25,Nirav Modi a jeweler whose designs once adorned the necks of A-list celebrities has lost an extradition case in Britain’s high court. Mr. Modi is wanted by the Indian government to face charges of fraud involving transactions totaling $1.8 billion with a state-run bank.
2021-02-25,The growing attraction of short-term real estate loans during the pandemic is making it easier to borrow to refurbish properties.
2021-02-25,Where the war over net neutrality stands and why it (sort of) matters today.
2021-02-25,Though it has received outsized attention for the last few years the company has not changed very much. But a recent acquisition spree signals a new course.
2021-02-26,The money aimed at low-income households is part of an effort to bridge the access gap to broadband connectivity amid the pandemic.
2021-02-26,An online spreadsheet with an anonymous minder tabulates Xi Jinping’s crackdown on speech.
2021-02-26,While much has been made of tech’s unwillingness to work with the Pentagon start-ups are still plumbing the industry’s decades-long ties to the military.
2021-02-26,The bond markets are getting fussy.
2021-02-26,Personal income and spending both surged in January as a new round of government checks hit Americans’ bank accounts.
2021-02-26,The study which the streaming giant commissioned looked at films and TV series from 2018 and 2019.
2021-02-26,Economic output grew 0.4 percent in the third quarter but the recovery is uneven with small businesses facing the brunt of the downturn.
2021-02-26,We need more ways to find new movies books and activities — especially those that challenge us.
2021-02-26,With several films competing for Golden Globes on Sunday and a number of high-priced movies coming this year the streaming service has altered its reputation in Hollywood.
2021-02-26,Robinhood the brokerage of choice for legions of online day traders is in talks with securities regulators and other authorities over a host of matters including last month’s surge in shares of GameStop and other so-called meme stocks.
2021-02-27,Rooms and beds for retirees are in short supply as the population ages leaving many vulnerable to companies pitching risky investments.
2021-02-27,But its results were bolstered by a soaring stock market in the fourth quarter Warren Buffett said in his annual letter to investors.
2021-02-27,Topeka Sam who helps women re-entering society after prison gets more than just money from Daniel S. Loeb’s $16 billion firm Third Point.
2021-02-27,Adam Neumann was said to be selling $480 million of his shares to the Japanese conglomerate which aims to take WeWork public.
2021-02-28,As automakers promise to get rid of internal combustion engines Heidelberg is trying to get rid of autos.
2021-02-28,A commercial from the parent products company Frida to be broadcast during the Golden Globes is part of a wider effort to show the struggles of the “fourth trimester.”
2021-02-28,Older adults living alone often lack access or an understanding of technology and many are unsure how to sign up for an appointment.
2021-02-28,Democracy an unassuming policy journal with an office near the White House is a place where members of the new administration have floated ideas that may now become policy.
2021-02-28,Where’s “Succession”? “Atlanta”? After the number of scripted shows fell for the first time in a decade Hollywood hopes to satisfy a restless audience with less costly fare.
2021-03-01,Heidelberg Germany is at the forefront of a movement: the push to get rid of cars entirely.
2021-03-01,The Oracle of Omaha isn’t taking as many risks as he used to.
2021-03-01,The airline is also speeding up deliveries of the planes in a show of confidence in the jet which was recently allowed to fly again after major updates.
2021-03-01,Grim forecasts held up for a few states but many took in about as much tax revenue as before the pandemic — sometimes a lot more.
2021-03-01,Critics of a strong currency say it hurts American factory workers by making imports cheap.
2021-03-01,Workhorse Group the small company that lost a contract last week to build electric delivery trucks for the United States Postal Service said Monday that it would meet with officials at the post office on Wednesday to discuss the decision.
2021-03-01,Donald McNeil who resigned last month after the publication of an article on his conduct during a student trip writes that he left the paper after “a series of misunderstandings and blunders.”
2021-03-01,Michaels has seen its business boosted by the pandemic as people turn to hobbies during stay-at-home orders.
2021-03-01,The father and son face trial on charges that they helped Mr. Ghosn Nissan’s former chief flee in a speaker box to Lebanon in 2019.
2021-03-01,How other countries’ efforts to control the internet compare with China’s Great Firewall.
2021-03-02,Recent commercial real estate transactions in New York.
2021-03-02,The future of gun control may be at stake.
2021-03-02,The University of Idaho is one of hundreds of colleges and universities that adopted fever scanners symptom checkers wearable heart-rate monitors and other new Covid-screening technologies this school year. Such tools often cost less than a more validated health intervention: frequent virus testing of all students. They also help colleges showcase their pandemic safety efforts.
2021-03-02,A unionizing campaign that had deliberately stayed under the radar for months has in recent days blossomed into a star-studded showdown to influence the workers.
2021-03-02,The pandemic has supercharged Instacart’s growth as customers eager to avoid shopping in stores turn to the company’s grocery ordering service.
2021-03-02,Her comments come after government bond yields climbed last week a jump that rippled through financial markets.
2021-03-02,This can be great but we may also lose something magical about a shared digital culture.
2021-03-02,It was the smallest audience for any Globes ceremony since NBC started broadcasting the event in 1996.
2021-03-02,Nominees to lead the Securities and Exchange Commission and the Consumer Financial Protection Bureau faced questions about the limits of their power but said they wouldn’t shy from flexing it.
2021-03-02,Mr. Lichfield had previously worked at MIT Technology Review Quartz and The Economist.
2021-03-03,Darren Woods in an interview before an annual presentation to investors also suggested there was common ground with Biden administration policies.
2021-03-03,Corporate executives around the country are wrestling with how to reopen offices as the pandemic starts to loosen its grip. Businesses — and many employees — are eager to return to some kind of normal work life going back to the office grabbing lunch at their favorite restaurant or stopping for drinks after work. But the world has changed and many managers and workers alike acknowledge that there are advantages to remote work.
2021-03-03,Shady retirement home and investment schemes have cheated China’s rapidly aging population out of hundreds of millions of dollars spurring more than a thousand criminal cases in recent years.
2021-03-03,Remembering Vernon Jordan the civil rights leader turned corporate power broker.
2021-03-03,Last year Britain’s gross domestic product shrank nearly 10 percent the worst in three centuries.
2021-03-03,The social network had prohibited political ads on its site indefinitely after the November election. Such ads have been criticized for spreading misinformation.
2021-03-03,The company said the move would provide the company with the financing needed to weather the pandemic.
2021-03-03,Career websites are seeing a mismatch between what employers and the rest of us want in jobs.
2021-03-03,The markets are stressed at the prospect of an economic rebound which is forcing investors to reassess their holdings.
2021-03-03,The acquisition by Apollo Global Management is a bet that Michaels can continue to ride the wave of enthusiasm for crafting spurred by Americans stuck at home in the pandemic.
2021-03-04,The market conniptions of recent days are a direct result of several developments that point to the brightening prospects of economic recovery. Vaccinations are rising retail sales and industrial production have been surprisingly solid and perhaps most important the Biden administration is expected to push its $1.9 trillion stimulus plan through Congress in the coming days.
2021-03-04,Even with restrictions on business activity easing in many places layoffs persist. The Texas storms were one of the latest setbacks.
2021-03-04,Businesses say that people are preparing to go out again.
2021-03-04,Jay-Z bought Tidal in partnership with other artists in 2015 for $56 million. It will be led by an interim director from Square under Jack Dorsey.
2021-03-04,A 25 percent tariff was placed on Scotch whisky in October 2019 and  exports to the United States have since dropped 35 percent.
2021-03-04,The nonpartisan office forecast a challenging long-term outlook as interest costs rise and federal spending on health programs swells along with an aging population.
2021-03-04,The 10 percent threshold for a correction is arbitrary but it is often an indication that investors have turned more pessimistic about the markets.
2021-03-04,The start-up had to decide what to do when its merchandise became virtually irrelevant during the pandemic. Revamping its focus was not easy but the company has survived.
2021-03-04,Stocks fell and bond yields rose after the Fed leader reiterated that the central bank did not plan to pull back policy support soon.
2021-03-04,How sites like Facebook and Twitter can help reduce election misinformation.
2021-03-05,The yield on the 10-year Treasury note a benchmark that influences the cost of borrowing for companies and households alike jumped sharply on Friday morning after the government reported a strong increase in hiring in February.
2021-03-05,The video platform became the latest American internet giant to take down the military’s content since the coup last month.
2021-03-05,Tim Wu’s appointment to the National Economic Council signals a confrontational approach by the Biden administration.
2021-03-05,At a conference the chiefs of the media giants made news.
2021-03-05,Ms. McCammond 27 covered the 2018 midterm elections and Joseph R. Biden’s presidential campaign for Axios.
2021-03-05,That blade was last examined in 2016. After last month’s failure Pratt & Whitney said it would recommend the inspections every 1000 flights according to the N.T.S.B.
2021-03-05,Investors appear to be reconsidering the high share price as other automakers offer more electric vehicles.
2021-03-05,To glimpse the future of entertainment on the internet pay attention to where we can watch football.
2021-03-05,Despite a better-than-expected jobs report administration officials stressed that millions of workers still needed help from a proposed $1.9 trillion stimulus package.
2021-03-05,An unusually large number of senior executives have left Goldman recently as C.E.O. David Solomon remakes the Wall Street firm.
2021-03-06,Disney had hoped to reopen its California attractions in July but faced pushback from unions.
2021-03-06,A professor and a comedian walk into Stanford’s business school … and explain why humor in the workplace can be good for both morale and the bottom line.
2021-03-06,Payments started to arrive in bank accounts on Wednesday March 17. Some banks made the cash available earlier.
2021-03-06,The pandemic has disrupted international trade driving up the cost of shipping goods and adding a fresh challenge to the global economic recovery.
2021-03-06,The stimulus payments will be $1400 for most recipients. Those who are eligible will also receive an identical payment for each of their children.
2021-03-06,The hackers started their attack in January but escalated their efforts in recent weeks security experts say. Business and government agencies were affected.
2021-03-06,Mr. Brooks has resigned from a paid post at the Aspen Institute a think tank and will be involved as a volunteer with a group he founded at Aspen the paper said.
2021-03-06,There is a big one for people who already have debt.
2021-03-07,Her new husband Dan Jewett is a high school science teacher. He has pledged to work with her in giving away much of her billions.
2021-03-07,Studios pushing toward a streaming future remain locked in a battle with theater owners eager for moviegoers to return in droves.
2021-03-07,Democrats pushed through a big aid measure for multiemployer pensions whose problems predate the pandemic.
2021-03-07,Two top editors at the channel’s new prime-time newscast resigned amid staff complaints of a right-wing tilt and concern over the involvement of the former Fox News chief Bill Shine.
2021-03-07,A saucy campaign from a fashion brand stakes out “the new normal” a world without face masks and social distancing while other companies are working on cheerful marketing messages.
2021-03-07,Consumers’ pandemic reliance on online ordering benefited the giants. For many independent retailers it helped keep the doors open.
2021-03-08,A downtown New York crowd is pushing back against the homogenization of big social media.
2021-03-08,Not by buying airplanes. Instead the newest start-up millionaires are proceeding cautiously.
2021-03-08,Climate concerns push BP and other firms to seek new roles as pollution fighters.
2021-03-08,A two-hour special revived a faded TV genre the “big-get” prime-time interview that once drew tens of millions for exclusive sit-downs with people like Michael Jackson and Monica Lewinsky.
2021-03-08,Inspired by pandemic lessons that kept customers in cars chains are adding more lanes and curbside pickup improving apps and testing menu boards that use artificial intelligence.
2021-03-08,It wasn’t all a mess. Here’s how the government and tech companies tamed foreign interference.
2021-03-08,The SPAC mogul defended a big stock sale.
2021-03-09,Recent commercial real estate transactions in New York.
2021-03-09,Mr. James has joined an expanding national movement that mixes community needs into the formula for socially responsible projects.
2021-03-09,The aircraft maker said it had received 82 new airplane orders in February about half of them for the 737 Max.
2021-03-09,The company’s ties to more than a dozen sites illustrate how conservative media companies are branching out after Facebook and Twitter began stiffer policing of false information.
2021-03-09,Offensive posts that Alexi McCammond made in 2011 when she was a teenager were recirculated over the weekend on social media.
2021-03-09,Lenders are struggling with a new Paycheck Protection Program rule intended to get more money to sole proprietors — and some banks are simply refusing to make the change.
2021-03-09,Bob Chapek the chief executive of the Walt Disney Company announced the time frame on Tuesday but did not give a specific date.
2021-03-09,As part of the cutbacks BuzzFeed closed HuffPost Canada and announced plans to decrease the size of its operations in Australia and Britain.
2021-03-09,The three participants’ ties to Netflix and Apple along with Ms. Winfrey’s desire to reach a big live-viewing audience paved the way to an old-school deal with CBS.
2021-03-09,Is the mania for subscriptions a choice or the only path in an ad system dominated by giants?
2021-03-10,Lina Khan would bring another progressive voice to competition oversight.
2021-03-10,Beijing’s leaders plot a path to go it alone vowing to spend big to fill gaps in innovation and avoid dependence on the United States and others.
2021-03-10,When a mayor volunteered his town for a study on nuclear waste his house was firebombed reflecting the lingering anxiety 10 years after the Fukushima disaster.
2021-03-10,The false information arrives on social media and fringe news sites influencing people already facing other hurdles to getting vaccinated. Some activists are going door to door to counter it.
2021-03-10,Prices have yet to show much movement but the prospect of an unbridled economy’s surging back from the pandemic has unsettled the markets.
2021-03-10,In a rare case Andrea Sahouri a Des Moines Register reporter was prosecuted after covering a protest against racism and police violence in May.
2021-03-10,To counter online misinformation it helps to knock on doors.
2021-03-10,The gaming site valued at $4 billion a year ago has benefited from the way children are passing their time in the pandemic.
2021-03-10,The chain’s vendors most of them small-business owners say they are worried they won’t be paid for orders delivered in the weeks just before the filing.
2021-03-10,Measuring design and shopping tools built into smartphone apps can help you get your next house in order.
2021-03-11,For two decades Ian Callum led the look at Jaguar Land Rover. Now he’s reimagining some vintage cars including the Jag Mark 2 and a classic Corvette.
2021-03-11,Although millions remain jobless and layoffs continue the latest data adds to evidence that distress is on the decline.
2021-03-11,The data tell the scale of upheaval.
2021-03-11,The action is a sign that the bank is worried less about inflation than about the economic distress caused by the pandemic.
2021-03-11,The Biden administration will not enforce two Trump-era rules involving retirement plans including one that effectively discouraged administrators for those plans from choosing investments based on environmental social and governance considerations the Labor Department said on Wednesday.
2021-03-11,The Tesla boss and digital prankster is striking a chord at a time of disillusionment with the tech industry and its leading tycoons.
2021-03-11,Tech leaders can run wildly successful companies. That doesn’t mean they have a crystal ball.
2021-03-11,A deed for the sale has yet to be recorded but one of the estate’s lawyers said that funds from the sale were being transferred to a compensation program for Mr. Epstein’s victims.
2021-03-11,Aviation workers will be protected from furloughs through September under the bill President Biden signed Thursday but a full travel recovery could take years.
2021-03-11,The new economic stimulus package makes a tiny change that military veterans pushed for in hopes of stemming aggressive recruiting tactics.
2021-03-12,Zhang Wenhong has drawn a huge public following with a human touch and candid advice that sometimes runs counter to the government’s authoritarian instincts.
2021-03-12,When the billionaire Robert Smith settled one of the biggest tax fraud cases ever Vista Equity Partners had already braced them. Solid returns helped too.
2021-03-12,You might not have filed this year’s return yet but you should keep in mind that Congress changed the rules on things like charitable contributions and tax breaks for educational expenses for 2022.
2021-03-12,Health departments continue to grapple with delays caused by technical problems with numerous websites used for making appointments.
2021-03-12,The pandemic has showed how much we need technology and its limits.
2021-03-12,Female garment industry union leaders are emerging at the forefront of the deadly anti-military protests and asking global brands to take their side.
2021-03-12,The payments of up to $1400 per individual are based on tax information filed with the Internal Revenue Service for 2019 or 2020.
2021-03-12,The Fed the markets and growing inequality.
2021-03-13,A former bank employee contends that the Swiss bank continued to help American clients avoid taxes long after its 2014 plea deal with the U.S. government
2021-03-13,Joshua Kushner is steering his venture capital firm out from under the shadow of his older brother — and the Trump administration.
2021-03-13,Nursing homes have manipulated the influential star system in ways that have masked deep problems — and left them unprepared for Covid-19.
2021-03-13,Each market frenzy seems crazier than the last. But all have the same roots.
2021-03-14,Amazon Live is a prominent example of how interactive video shopping popularized by TV networks like QVC has moved online.
2021-03-14,The sandwich chain’s aggressive use of product placement has made it a ubiquitous presence on the country’s television shows.
2021-03-14,“There is a why-are-we-even-doing-this feeling” one industry insider said of jockeying for nominations to be announced on Monday.
2021-03-14,Biden’s economic relief package has arrived.
2021-03-14,British TV executives see opportunity — and money to be made — in bringing American cable-style clashes to their screens.
2021-03-14,A Maryland hotel magnate who had a deal to buy The Baltimore Sun is now weighing a bid for all of Tribune’s newspapers that could thwart a hedge fund’s plan.
2021-03-14,The company has benefited in the pandemic as people turn to online shopping. It is now the most valuable start-up in the United States.
2021-03-14,Julian Reichelt editor of the tabloid-style Bild denied accusations by female employees but stepped aside while the newspaper’s owner conducts an internal investigation.
2021-03-15,Though the recession has been painful policymakers cushioned the pandemic’s blow and opened the way to recovery.
2021-03-15,Matt Granite who goes by The Deal Guy streams daily on Amazon Live covering everything from kitchen gadgets to snowblowers. Under each video is a carousel display of the products he’s discussing. When a viewer clicks that item and buys it Mr. Granite gets a cut with commissions varying from 10 percent for luxury and beauty products to 1 percent for Amazon Fresh items. Mr. Granite’s YouTube channel still brings in more revenue through ad rolls and sponsorships but he said the revenue and audience numbers for his Amazon Live videos have grown over the past year.
2021-03-15,The data provides the first glimpse into virus cases at Tesla whose chief executive Elon Musk had played down the severity of the pandemic
2021-03-15,In the year since the pandemic upended the economy more than four million people have quit the labor force. They are not counted in the most commonly cited unemployment rate which stood at 6.2 percent in February making the group something of a hidden casualty of the pandemic.
2021-03-15,Artificial intelligence technology is promising but it’s not a magic potion. Oh well.
2021-03-15,The lawsuit filed by the state attorney general and other prosecutors accuses Brookdale Senior Living of gaming Medicare’s ubiquitous star-rating system.
2021-03-15,As millions of people began working exercising and doing just about everything from home during the pandemic sales of sweatpants and dumbbells surged enough to worry the fashion industry about a shortage of leisure wear. Britain’s statisticians expect those consumer trends to stick around.
2021-03-15,The German carmaker outlined ambitious goals to build battery factories as it ties its fate to electric cars.
2021-03-15,It wouldn’t have been a Carl Hiaasen column if it didn’t go on the attack. In his Miami Herald farewell on Friday Mr. Hiaasen took aim at the sorry state of local news coverage.
2021-03-15,Viewership fell 53 percent drop compared with last year’s show to 8.8 million viewers.
2021-03-16,CtW an adviser to union pensions sent a sharply worded letter to Artisan Partners the firm that led the revolt over Emmanuel Faber’s leadership.
2021-03-16,Inter Milan’s Chinese owners spent heavily on big stars and now it is winning again. But the bill is coming due putting the team’s future in doubt.
2021-03-16,Even the big tech companies don’t have it all figured out.
2021-03-16,In France and across Europe more students are facing food insecurity as the pandemic enters its second year and job cuts in their families take a widening toll.
2021-03-16,JPMorgan Chase is currently planning for summer interns in New York and London to come to the office people briefed on the matter said on Tuesday as big financial firms anticipate a return to something approaching normality and the pandemic starts to loosen its hold on the workplace.
2021-03-16,The 18-year-old is expected to serve three years in a juvenile facility in return for the plea.
2021-03-16,The government started to send payments Wednesday. More payments will be made in coming weeks including for people who will receive theirs by mail as a check or debit card.
2021-03-16,The new legal classification which follows a U.K. court ruling last month will entitle the workers to more pay and benefits but stops short of making them employees.
2021-03-16,Once again we have socialized an industry’s losses and privatized its profits.
2021-03-16,Google said that starting July 1 it would take 15 percent of the first $1 million developers take in from certain app sales down from 30 percent.
2021-03-17,Although gasoline consumption may have peaked a report predicted that oil demand would probably increase in the coming five years.
2021-03-17,Witnesses testified on the impact of so-called payment-for-order-flow on retail trading.
2021-03-17,Key bond yields jumped on Wednesday rising ahead of the Federal Reserve’s March rate decision and a news conference where Jerome H. Powell the central bank’s chair will discuss the economic outlook.
2021-03-17,Federal efforts to prop up carriers saved jobs but taxpayers likely paid big price.
2021-03-17,You can look up the status of your stimulus check on the I.R.S. website.
2021-03-17,Newly revealed memos show that government investigators saw red flags in Google’s behavior nearly a decade ago.
2021-03-17,The Federal Reserve’s economic estimates show rates at near zero for years along with faster growth and higher inflation.
2021-03-17,The retail giant joined an international push to provide standardized digital vaccination credentials.
2021-03-17,Filers will have until May 17 the agency said Wednesday. The extra time is intended to ease the burden on Americans dealing with the economic upheaval caused by the pandemic.
2021-03-17,The unionization effort which began last summer is the largest and most viable organizing campaign among Amazon workers in the United States.
2021-03-18,Penny stocks are back. Critics are worried.
2021-03-18,Super Nintendo World opened in Osaka Japan months after initially planned and with everyone clad in masks.
2021-03-18,Charles Johnson a notorious conservative provocateur played a pivotal role at the start of the facial recognition company.
2021-03-18,New research from California illustrates both the scale and the inequality of the job losses during the pandemic — and makes clear that the crisis is far from over.
2021-03-18,Officials said the social network had failed to block objectionable political content a sign of the sacrifices it must make to remain in the vast but difficult market.
2021-03-18,The hiring of Alexi McCammond who was supposed to start at the Condé Nast publication next week drew complaints because of racist and homophobic tweets she had posted a decade ago.
2021-03-18,The change will eliminate around $1 billion in student loan debt owed by around 72000 borrowers the department said. Most of them attended ITT and Corinthian institutions that abruptly shut down years ago.
2021-03-18,A claim that the company illegally prohibits employees from discussing pay has been added to a lawsuit accusing it of paying women less than men. Disney has aggressively pushed back.
2021-03-18,Government workers have been particularly hit hard by the pandemic. Nearly 1.4 million of the 9.5 million jobs that have disappeared over the past year came from state and local work forces.
2021-03-18,The Internal Revenue Service will automatically send refunds to early-filing taxpayers who qualify for the new break on unemployment income the agency’s commissioner said Thursday.
2021-03-19,For eligible people H.S.A.s accept pretax contributions that grow tax-free and aren’t taxed if spent on qualifying expenses. But they’re underused experts say.
2021-03-19,The city of Taicang illustrates the tight ties between the countries — and how difficult it could be for President Biden to win allies in his campaign to isolate Beijing.
2021-03-19,More companies than ever are using software to screen their mountains of job applications. Getting seen by a human recruiter takes some effort.
2021-03-19,Therapy from afar. Books on the iPad. Friends via screens. Here’s the tech that’s sustained us.
2021-03-19,A group of analysts rated their job satisfaction as two out of 10 and said they were unlikely to stay at Goldman in six months if working conditions remained the same.
2021-03-19,Applicants are eligible for grants of up to $10 million from the Shuttered Venue Operators Grant fund which Congress created in the economic relief bill passed in December.
2021-03-19,Education Dept. documents filed in federal court describe a process that denied 130000 claims from borrowers who say schools misled them.
2021-03-19,In the aftermath of a diesel scandal five years ago executives made a commitment to electric vehicles that now is paying off.
2021-03-19,On platforms such as Telegram and 4chan racist memes and posts about Asian-Americans have created fear and dehumanization.
2021-03-19,The central bank had exempted safe assets from a crucial regulatory requirement in a bid to keep markets chugging last year.
2021-03-20,Big ideas for rethinking pay.
2021-03-21,The government set out to prop up the economy. It may also be propping up the market.
2021-03-21,Kedar Deshpande who took over as C.E.O. in August needs to lead the shoe seller out of the pandemic while maintaining what his predecessor built.
2021-03-21,But the giant oil company said it would pay $75 billion in dividends nearly all of it to the Saudi government.
2021-03-21,The deal is an effort by Canadian Pacific and Kansas City Southern to capitalize on an expected increase in the flow of trade as the three countries rebound from the pandemic.
2021-03-21,To keep the virus out Beijing has enacted some of the world’s toughest border controls. Lives have been upended and business has been disrupted.
2021-03-21,The author Ibram Kendi and The Boston Globe are teaming up to cover racism inspired by Boston’s 19th-century abolitionist newspapers.
2021-03-22,Here’s a novel way to raise more revenue.
2021-03-22,Turkey’s president Recep Tayyip Erdogan has repeatedly meddled in the central bank’s activities and over the years traders have dumped the lira.
2021-03-22,The DealBook newsletter’s inbox has been overflowing with reactions to a presentation by employees at Goldman Sachs.
2021-03-22,It plans to remove restrictions only once the virus acts “more like an endemic virus such as the seasonal flu” an executive wrote.
2021-03-22,Jerome H. Powell the chair of the Federal Reserve said the Fed’s research into central bank-issued digital currencies is early and exploratory — and that U.S. officials would only consider issuing a digital dollar if they believed there was a clear use and if the idea had widespread public and political buy-in.
2021-03-22,President Biden on Monday nominated Lina Khan to the Federal Trade Commission installing a vocal critic of Big Tech into a key oversight role of the industry.
2021-03-22,“The Ellen DeGeneres Show” a sturdy daytime hit has had a steep ratings decline since the host addressed accusations by former staff members that led to firings and an internal investigation.
2021-03-22,If you still find NFTs hard to wrap your head around you’re not alone. Here’s what you need to know.
2021-03-22,Multiple investors said they would donate any profits from their investments to organizations focused on survivors of sexual assault after its co-founder was accused of playing a role in a sexual assault scandal.
2021-03-22,Many musicians aren’t sharing in streaming riches. Can digital music economics change to benefit everyone?
2021-03-23,In a blow to cinemas “Black Widow” and “Cruella” will premiere on Disney+ at the same time as they arrive in theaters. Pixar’s “Luca” will now skip the big screen entirely.
2021-03-23,Yes tech companies are hiring. Here’s why they want you to notice.
2021-03-23,Married people who filed their returns jointly may receive their stimulus in two separate installments if their tax return includes something called an injured spouse claim.
2021-03-23,The Texas city is a hot spot for commercial real estate investment and a magnet for corporations looking to move to a high-tech hub.
2021-03-23,As streaming video has gained in importance during the pandemic advertisers have put more focus on Hollywood-level branded content as a way to reach viewers.
2021-03-23,The bull market born out of the pandemic has turned a year old. The remarkable turnaround has some analysts wondering if the breakneck pace is sustainable.
2021-03-23,The nation’s two most powerful economic policy officials testified together for the first time reviewing the state of the economic recovery.
2021-03-23,Patrick Gelsinger Intel’s chief executive vowed on Tuesday that Intel would become a major manufacturer of chips for other companies in addition to producing the processors that it has long designed and sold.
2021-03-23,The company’s stock was down roughly 12 percent in after-hours trading.
2021-03-23,The network’s list of hotel partners is vetted and evaluated every year and reads like a who’s who of aspirational travel. “As of March 8 2021 Trump Hotels are no longer part of the Virtuoso network” a spokeswoman said.
2021-03-24,The highest bid for Mr. Cleese’s work is now about $36000. “I think it’s very funny” he said. “At the same time we might make some money.”
2021-03-24,“We will continue to provide the economy the support that it needs for as long as it takes” Jerome H. Powell the Fed chair said at a hearing before the Senate Banking Committee.
2021-03-24,Lawyers judges and lawmakers are advancing a bold idea: The powerful algorithms used by Facebook YouTube and Twitter could make them complicit in offline crimes.
2021-03-24,Why can’t a journalist join the NFT party too?
2021-03-24,The Swedish retailer is the latest fashion business to come under pressure from Chinese consumers after a perceived misstep.
2021-03-24,Two avid readers from South Africa show what they find special about this talking and texting app.
2021-03-24,Ms. Belton the editor in chief of Black news and culture site The Root and a self-described “hard-core nerd about media” said she would prioritize diversity.
2021-03-24,The change which goes into effect the week of April 6 raises a cap that has frustrated many applicants.
2021-03-24,Stewart W. Bainum Jr. a hotel magnate made an $18.50 per share offer for the whole company while Alden Global Capital had offered $17.25 per share.
2021-03-24,Stat was one of the first outlets to extensively cover the coronavirus outbreak and saw a boost in traffic and revenue as its coverage gained attention.
2021-03-25,Mr. Dorsey’s comments in response to a question from Representative Mike Doyle Democrat of Pennsylvania appeared to be the first public acknowledgment by a top social media executive of the influence of the major social media platforms on the riot.
2021-03-25,The chief of the tabloid-style Bild newspaper “made mistakes” but does not deserve to lose his job an inquiry found. He will share power with a female colleague.
2021-03-25,Lawrence H. Summers a former Treasury secretary is among those who have voiced concerns about inflation as Washington does more to boost the economy.
2021-03-25,The debate reflects our discomfort with the power of Big Tech and our desire to hold someone accountable.
2021-03-25,Income-share agreements are gaining popularity but a new analysis highlights how calculations of what borrowers owe can penalize minorities.
2021-03-25,The leaders of Google Facebook and Twitter faced sharp questions about misinformation’s role in the attack and the mental health of children who use their products.
2021-03-25,Greg Spottiswood had faced numerous complaints over the way issues of race and gender were addressed on the show a rare prime-time CBS drama with a Black woman as a protagonist.
2021-03-25,A digital collectible based on a column in The New York Times sold at auction on Wednesday with proceeds going to the Neediest Cases Fund.
2021-03-25,The board required that Tesla reinstate the employee and that Mr. Musk delete the tweet. It also required that the company amend its confidentiality agreement.
2021-03-25,Whether banks are able to restart normal payouts which help to boost their share prices and reward investors will hinge on whether they have capital above their required minimum levels.
2021-03-26,The money-losing office space firm plans to merge with a blank-check company backed by big Wall Street investors.
2021-03-26,Dominion Voting Systems an election technology company accused the channel of advancing lies that devastated its reputation and business.
2021-03-26,The most common option for ships trying to avoid the logjam is to reroute themselves around Africa’s Cape of Good Hope.
2021-03-26,People are buying digital items like a tweet and a meme for bonkers amounts of money. Let’s take a step back.
2021-03-26,Alex Rodriguez isn’t like the other athletes getting into blank-check firms.
2021-03-26,Volkswagen had been reluctant to publicly accuse former top managers of complicity in the emissions fraud which has cost Volkswagen tens of billions of euros in fines settlements and legal fees.
2021-03-26,Tens of millions of people who receive benefits from Social Security or other programs but don’t have to file a tax return are closer to receiving payments.
2021-03-26,Bidders say they had many different motivations including fun self-promotion and a signal of support for the NFT market.
2021-03-26,Before this week’s meltdown ViacomCBS had actually been on a bit of a tear rising nearly tenfold in the past 12 months.
2021-03-26,Union members said they were prepared to walk off the job as contract negotiations with Condé Nast break down.
2021-03-27,The philanthropist Hansjörg Wyss has teamed with the Maryland hotel executive Stewart Bainum in a bid to upend Alden Global Capital’s plan to acquire the newspaper chain.
2021-03-27,Junior bankers are burning out. What should banks do about it?
2021-03-27,Google presents itself to independent sellers as cheaper and less restrictive. But it is not clear whether it can change people’s habits of going straight to Amazon.
2021-03-28,Greensill Capital promised a win-win for buyers and sellers until it all fell apart igniting concerns about opaque accounting practices.
2021-03-29,A Swiss billionaire who has donated hundreds of millions to environmental causes is a surprise new player in the bidding for Tribune Publishing the major newspaper chain that until recently seemed destined to end up in the hands of a New York hedge fund.
2021-03-29,Thousands of financial technology start-ups are riding an investor frenzy driven by a growing realization that the industry is ripe for a tech makeover writes Erin Griffith of The New York Times.
2021-03-29,Times are flush for young tech companies like Stripe and Coinbase which are having a moment as they upend the financial establishment.
2021-03-29,A journey from the Suez Canal in Egypt to Rotterdam in the Netherlands — Europe’s largest port — typically takes about 11 days. Venturing south around Africa’s Cape of Good Hope adds at least 26 more days according to Refinitiv the financial data company.
2021-03-29,A margin call on Archegos Capital Management battered stocks and banking giants alike.
2021-03-29,How can we believe that technology will help solve big problems if Uber’s great promise didn’t pan out?
2021-03-29,The Communist Party’s youth wing and official news outlets used grabby memes and hashtags to start a tsunami of nationalist fury over Xinjiang cotton.
2021-03-29,The daughter-in-law of former President Donald J. Trump appeared as a frequent guest on the cable channel during the 2020 campaign. Her hiring was the latest example of the revolving door between Fox and Mr. Trump’s circle.
2021-03-29,“They are complicit in their silence” one activist said as bills that would disproportionately affect Black citizens across the country stir public debate.
2021-03-29,The $349 million deal will help the publisher expand its back catalog at a moment of growing consolidation in the book business.
2021-03-30,Recent commercial real estate transactions in New York.
2021-03-30,“At the end of the day it was a bit of fun with the name and the brand” a Volkswagen spokesman said.
2021-03-30,Stacy-Marie Ishmael the editorial director and Millie Tran the chief product officer said on Tuesday that they planned to leave The Tribune next month.
2021-03-30,Britain’s biggest offering this year has been roiled by accusations of poor worker pay and major investors are planning to skip the listing.
2021-03-30,The I.R.S. said that many people who receive federal benefits but do not file tax returns because they don’t meet the income thresholds could receive their stimulus payments by April 7.
2021-03-30,The change still leaves millions of other borrowers in the Family Federal Education Loans program responsible for payments while the bulk of the country’s student loan borrowers have had theirs paused.
2021-03-30,Market size matters but even small changes have an outsize ripple effect.
2021-03-30,As global trade has grown shipping companies have steadily increased ship sizes — but the Suez Canal blockage showed that bigger is not always better.
2021-03-30,The vote can often involve a painstaking process that will be closely scrutinized by representatives from the union and the retail giant.
2021-03-30,On the first day of the Biden presidency Jen Psaki the White House press secretary said that the Treasury Department was “taking steps to resume efforts” to put the abolitionist Harriet Tubman on the $20 bill. “It’s important that our money reflects the history and diversity of our country” Ms. Psaki said.
2021-03-31,Prominent Black executives had called on companies to publicly oppose a wave of similarly restrictive voting bills that Republicans are advancing in almost every state.
2021-03-31,The president sees public spending rather than relying on businesses to turn tax cuts into investment as the key to competitiveness.
2021-03-31,More than 70 Black executives demanded that corporate America push back against laws they say limit voting access.
2021-03-31,The vote in Alabama is a temperature check on beliefs about Amazon and labor unions in the United States.
2021-03-31,The company which started blocking middle seat bookings in April 2020 to give passengers peace of mind is the last of the four big U.S. airlines to get rid of the policy.
2021-03-31,Workers will have the option to return in April but can continue to work from home until September.
2021-03-31,The president is hoping to make electric vehicles more affordable to turn a niche product into one with mass appeal.
2021-03-31,The arrangement is likely to create waves inside Microsoft where some employees have objected to working with the Pentagon.
2021-03-31,Tell us about your late-pandemic burnout exhaustion and lack of motivation.
2021-03-31,Some Americans who received unemployment benefits last year may have filed their federal tax returns before a new tax break became available.
2021-04-01,Unemployment claims increased slightly last week but remained near pandemic lows. A manufacturing index rose sharply.
2021-04-01,An Irish mechanic in London has developed a kit to transform classic Italian scooters into clean-riding electric machines.
2021-04-01,Some members wanted to take advantage of what they saw as a growing global thirst for oil as economies slowly expand after pandemic lockdowns.
2021-04-01,Companies still can’t resist April Fools’ Day.
2021-04-01,Gains were largely driven by technology shares and the record close was the latest in a series of new highs for the S&P 500.
2021-04-01,The pandemic has intensified a spotlight on long-running questions about how communities can do a better job supporting seniors who need care but want to live outside a nursing home.
2021-04-01,The discount airline became the second to sell shares in a public offering this year as more people begin traveling again.
2021-04-01,United will start by hiring the roughly 300 pilots who either had a conditional job offer last year or whose start dates had been canceled because of the pandemic.
2021-04-01,G.M. and Ford continue to be affected by a shortage of computer chips. Toyota’s big jump helped it outsell Ford.
2021-04-01,Hours after the companies made their statements Georgia’s governor took aim at the chief executive of Delta. And Republicans in the Georgia state legislature floated the idea of increasing taxes on Delta as retribution.
2021-04-02,FedEx and Nike are among those found to have avoided U.S. tax liability for three straight years.
2021-04-02,The primary factor holding back spending has been the pandemic. But with the vaccine rollout accelerating that could soon change.
2021-04-02,The sales numbers which cover the entire world came a day after General Motors and Ford Motor reported that their U.S. sales were up modestly.
2021-04-02,After a year of working remotely some employees are not keen to go back to the office and so far employers are being receptive to their concerns.
2021-04-02,Analysts said Saudi Arabia’s oil minister appeared to be calculating that by appeasing other oil producers he can remain in control over the longer term.
2021-04-02,The pushback came just a day after Delta Air Lines and Coca-Cola spoke out against similar efforts in Georgia.
2021-04-02,The White House proposal is essentially a statement that what we’re doing now is not working.
2021-04-02,The chief executive duties will be divided between two current company executives — Tekedra Mawakana and Dmitri Dolgov.
2021-04-02,The discussions between the digital pin board company and the app that inspired the “VSCO girls” trend are ongoing.
2021-04-02,As Americans buy more they are expected to spur trade and investment and invigorate demand for German cars Australian wine Mexican auto parts and French fashions.
2021-04-03,Banks were eager to do business with Bill Hwang and his Archegos Capital Management — until he ran out of money.
2021-04-03,Few investors have a broader view of the global tech landscape than Bob van Dijk. What does he see?
2021-04-03,At this point in the pandemic it feels that we have all collectively hit a wall. Last week The New York Times asked readers to tell us about work burnout they’re experiencing — nearly 700 people responded in two days. The responses were funny vulnerable and indicative of a universal sense of: “We’ve had enough.” The collective picture they painted was of a work force struggling to do tasks that were once easy people who know they are lucky to have a job but dream of quitting and who would do anything to never have a Zoom meeting again.
2021-04-04,A year after the Paycheck Protection Program started studies show how its design hurt Black- and other minority-owned businesses.
2021-04-05,The government’s central small business relief effort the Paycheck Protection Program has made $734 billion in forgivable loans to nearly seven million businesses. But minority-owned businesses were disproportionately underserved by the program a New York Times analysis found.
2021-04-05,Companies are wary of setting hard deadlines but increasingly are spelling out their plans for bringing employees back to the office.
2021-04-05,Small British chocolate makers emphasizing ethically sourced ingredients and bespoke batches became big sellers in Europe in recent years but have been nearly impossible to find there since January David Segal reports for The New York Times.
2021-04-05,Two months after agreeing to sell itself to the hedge fund Alden Global Capital the company behind The Chicago Tribune and The Baltimore Sun may shift course.
2021-04-05,The pitch comes as the Biden administration looks for ways to pay for a multi-trillion dollar infrastructure package.
2021-04-05,After complaints from customers and the C.D.C. the pharmacy chain will start scheduling doses three weeks apart.
2021-04-05,A veteran of the paper is appointed to lead its local coverage as candidates line up to succeed Mayor Bill de Blasio and New York City looks beyond the pandemic.
2021-04-05,We’re seeing a mania for wacky tech ideas. But tech bubbles aren’t necessarily the worst thing.
2021-04-05,The Consumer Financial Protection Bureau proposed rules that would prevent servicers from starting foreclosure proceedings until after Dec. 31 and would make it easier for lenders to offer modified loan terms.
2021-04-05,Long-awaited guidance from the C.D.C. brings cruise lines one step closer to sailing again in United States waters.
2021-04-06,Economic development agencies have created comeback plans for several midsize cities that will position them to quickly rebound from the pandemic.
2021-04-06,The 80-year-old baseball card specialist is taking the hot new route to market: merging with a SPAC.
2021-04-06,The global economy is expected to expand by 6 percent this year up from a previous projection of 5.5 percent after a contraction of 3.3 percent in 2020.
2021-04-06,Recent commercial real estate transactions in New York.
2021-04-06,Before their removal so-called violative videos accounted for 0.16 to 0.18 percent of all views on the platform in the last quarter of 2020.
2021-04-06,In siding with Google the Supreme Court gave software experts some love.
2021-04-06,A lawsuit by Wisk partly owned by the Google co-founder Larry Page says two engineers took sensitive files before joining Archer.
2021-04-06,People used Yahoo Answers to ask weird questions seek help and make jokes. But the service offered “real human reaction for better or for worse” one longtime observer said.
2021-04-06,Emerging markets are at risk of falling far behind their advanced counterparts. That’s the whole world’s problem officials warned.
2021-04-06,A district attorney filed five felony and 28 misdemeanor counts in connection with the Kincade Fire which ravaged Sonoma County.
2021-04-07,Social Finance a nonprofit is spreading a model in which training programs get paid if students get hired not just if they enroll.
2021-04-07,Jamie Dimon tells the bank’s investors to prepare for an economic upswell.
2021-04-07,The company joins a growing list of retailers that have pledged to increase their economic support of companies owned by Black entrepreneurs.
2021-04-07,In his annual letter to shareholders the chief executive of JPMorgan Chase weighed in on the nation’s economy climate change and tax loopholes.
2021-04-07,American Diesel Training a school in Ohio that prepares people for careers as diesel mechanics is part of a new model of work force training — one that bases pay for training programs partly on whether students get hired.
2021-04-07,A virtual assistant is just one tool that lets you use your voice to share your thoughts capture a moment or just get things done.
2021-04-07,The tax plan would raise the corporate rate to 28 percent from 21 percent to help fund the president’s economic agenda.
2021-04-07,More than 25 million lower-income Americans received their stimulus payments on Wednesday. Certain veterans could get theirs next week.
2021-04-07,The agreements at the two companies owned by the audio giant Spotify are a milestone for the podcasting industry.
2021-04-07,The proposal includes provisions to raise the corporate tax rate to 28 percent make it harder for companies to move profits overseas and beef up the Internal Revenue Service.
2021-04-08,Officials are calling Taiwan’s drought its worst in more than half a century. And it is exposing the enormous challenges involved in hosting the island’s semiconductor industry which is an increasingly indispensable node in the global supply chains for smartphones cars and other keystones of modern life.
2021-04-08,A total of 741000 workers filed first-time claims for state jobless benefits last week an increase of 18000 the Labor Department said.
2021-04-08,With about half the ballots counted late Thursday votes against unionization had a more than 2-to-1 advantage according to a tally by The New York Times.
2021-04-08,President Biden unveils his corporate tax overhaul.
2021-04-08,Prosecutors are accusing the French arm of Ikea the Swedish home furnishings giant and some of its former executives of engineering a “system of espionage” from 2009 to 2012 in a criminal trial that has riveted public attention in France.
2021-04-08,The streaming service will get the rights in the United States to Sony’s films after they complete their runs in theaters and on on-demand services.
2021-04-08,Revolut joins a growing list of companies that will permit employees to work from anywhere. (Even a Mediterranean beach.)
2021-04-08,Some countries are lagging behind in vaccinations and policymakers warned that no economy is secure until the world is safe from coronavirus variants.
2021-04-08,A year after starting construction on its first European auto assembly plant on the outskirts of Berlin Tesla is complaining that German regulations are too slow and inflexible risking a delay in the opening of the facility.
2021-04-09,Billions in aid has been dispensed and the social safety net has been reinforced. Will there be more ambitious steps to address longtime inequities?
2021-04-09,Her shapewear company Skims is now valued at $1.6 billion even as shoppers shifted to looser-fitting clothes during lockdowns.
2021-04-09,The retail giant defeated the closely watched drive to unionize its warehouse in Bessemer Ala.
2021-04-09,A richly valued fundraising deal cements Kim Kardashian’s billionaire status.
2021-04-09,Lucrative endorsements deals with Chinese sports brands supporting Xinjiang cotton could pull the league and its athletes back into another geopolitical firestorm.
2021-04-09,The company’s decisive victory deals a crushing blow to organized labor which had hoped the time was ripe to start making inroads.
2021-04-09,The company’s board appointed Bob Eddy the chief administrative and financial officer to serve as the company’s interim chief executive.
2021-04-09,After an election defeat in Alabama many in labor are shifting strategies wary of the challenges and expense of winning votes site by site.
2021-04-09,Airlines resumed flying the jet just months ago after it had been grounded for nearly two years because of accidents that killed nearly 350 people.
2021-04-10,Aramco is under pressure from its main owner the Saudi government to generate cash to finance state operations as well as new investments.
2021-04-10,Excess work isn’t good for anyone employers included. So why are we still doing it?
2021-04-10,The penalty is the biggest move to date in China’s campaign to tighten supervision of its internet Goliaths.
2021-04-11,Some families have come to prefer stand-alone virtual schools and districts are rushing to accommodate them — though questions about remote learning persist.
2021-04-11,A company that makes it easy to charge for newsletters has captivated an anxious industry because it embodies larger forces and contradictions.
2021-04-11,The settlement between LG Energy Solution and SK Innovation ensures that a battery plant in Georgia will go forward without hampering electric vehicle production.
2021-04-12,The film ‘Emancipation’ which is being produced and financed by Apple Studios is the first major production to cite the law as a reason to leave the state.
2021-04-12,A coalition of law firms has joined business leaders in wanting to use their clout to oppose state legislation that would make it harder to vote.
2021-04-12,A year into the pandemic there are signs that the American economy is stirring back to life with a falling unemployment rate and a growing number of people back at work. Even mothers — who left their jobs in droves in the last year in large part because of increased caregiving duties — are slowly re-entering the work force.
2021-04-12,By acquiring a provider of artificial-intelligence software the tech giant is hoping to bolster its offerings for the fast-growing field of medical computing.
2021-04-12,Relatively simple technology and a change in government policy could unleash more innovation for Americans who have difficulty hearing.
2021-04-12,The pandemic has left Britain with deep economic wounds but “Monday is a really positive start.”
2021-04-12,The global semiconductor shortage has disrupted auto production in the United States and elsewhere.
2021-04-12,The United States is doling out twice as much money as it takes in.
2021-04-12,In its eight-year history the family office that managed the fortune of Bill Hwang never publicly disclosed any stock ownership. Securities lawyers said that was highly unusual.
2021-04-12,The Star Tribune and Minneapolis Public Radio said some of their journalists were kept out of a briefing on the shooting of Mr. Wright.
2021-04-13,Small investors are becoming a force in the stock market and company executives are beginning to take notice.
2021-04-13,The mustangs at a Nevada office park are an example of the outrageous perks that businesses dangle to impress job candidates but wildlife advocates are pushing back on efforts to market them.
2021-04-13,An effort to pass on costs in Texas will echo the wildfire strategy by arguing that power companies should have taken protective steps after past cold snaps.
2021-04-13,The group of more than 650 workers at the company includes software engineers designers data analysts and product managers.
2021-04-13,The settlements of three class-action cases could prompt industrywide changes for apps and ads aimed at young people.
2021-04-13,Sony invested $200 million in a fund-raising round with other investors that valued the company at $28.7 billion.
2021-04-13,Recent commercial real estate transactions in New York.
2021-04-13,Charles Rettig the I.R.S. commissioner attributed the growing tax gap to the rise of the cryptocurrency and the abuse of pass-through provisions in the tax code by companies.
2021-04-13,Susan Zirinsky is departing while ABC News is said to be close to hiring a new leader at a time of reorganization in television news in the post-Trump era.
2021-04-13,The Swiss billionaire Hansjörg Wyss helped build a sophisticated behind-the-scenes operation that attacked Republicans and promoted Democratic causes.
2021-04-14,Dozens of companies are suddenly paying more attention to individual investors.
2021-04-14,The leader of the Japanese conglomerate stepped down as the company faces a buyout offer and an inquiry into management practices.
2021-04-14,Two months after the storm crippled large swaths of Texas insurers are sketching out a legal strategy to pin the costs on utilities and power companies that they say failed to adequately prepare for bitterly cold weather.
2021-04-14,The banks said they released large chunks of money that had been set aside to cushion themselves from losses caused by the pandemic.
2021-04-14,Technology has moved beyond staged product events. We should too.
2021-04-14,The listing is a sign of how cryptocurrencies have become mainstream.
2021-04-14,More than a decade ago Grupo Televisa of Mexico and Univision of the United States giants in the world of Spanish-language media set aside years of hostility to strike an alliance. Now the two companies are deepening their bonds to better compete in the streaming era.
2021-04-14,A new publication from a Vanity Fair veteran aims to attract writers with a revenue-sharing plan. The project has private equity backing.
2021-04-14,Her new role is just one of several changes in the world of broadcast news as the industry adjusts to shifting viewer habits.
2021-04-15,The world’s traditional growth engine reported an 18.3 percent leap in the first quarter. But consumers and small businesses aren’t fully sharing in the spoils.
2021-04-15,Focus on conflict. Feed the algorithm. Make sure whatever you produce reinforces a narrative. Don’t worry if it is true.
2021-04-15,Her speech was another example of how the Biden administration is seeking to address climate change across the vast machinery of the federal government.
2021-04-15,Why Coinbase’s public listing is a huge moment for cryptocurrencies.
2021-04-15,Shares started trading on the Nasdaq under the symbol TSP at $40 each around noon but fell as much as 19 percent.
2021-04-15,Shortly after Prince Philip the Duke of Edinburgh and husband of Queen Elizabeth II died last Friday the BBC cut away from its schedule to broadcast special coverage across its TV channels and radio stations for the entire afternoon and night.
2021-04-15,The curbs on U.S. banks’ purchases of some bonds apply to a small portion of the market but could signal a sharper aim at Russia’s access to global capital.
2021-04-15,Neeraj Khemlani a Hearst executive and Wendy McMahon formerly of ABC will serve as co-presidents of the vaunted news division.
2021-04-15,Soaring retail sales and a sharp drop in jobless claims are the latest reflection of a quickening recovery and suggest a year of remarkable growth.
2021-04-15,Twitter said on Thursday that it had blocked the account of James O’Keefe the founder of the conservative group Project Veritas.
2021-04-16,The pandemic sent 32 million people in India from the middle class last year. Now a second wave is threatening the dreams of millions more looking for a better life.
2021-04-16,The EQS has a range of 770 kilometers or about 480 miles according to Mercedes. If that figure is confirmed the EQS would dethrone the Tesla Model S Long Range Plus as the electric car with the longest range.
2021-04-16,The Biden administration removed Vietnam and Switzerland from the list of currency manipulators but it will push all three countries to address its concerns.
2021-04-16,Pay benefits and an aggressive anti-union campaign by the company helped generate votes at a warehouse in Alabama.
2021-04-16,Jake Siewert led the firm’s post-financial crisis reputation makeover.
2021-04-16,Christopher Waller said he expected inflation to ease once stimulus checks have been spent and supply chain problems are addressed.
2021-04-16,What factors are driving us to get into heated fights online and watch hateful videos?
2021-04-16,The popular drink’s main ingredient tapioca pearls could soon be in short supply because of delays in unloading cargo ships from Asia.
2021-04-16,Other European cities are eating away at Britain’s edge in financial services. The government is trying to find ways to keep it.
2021-04-17,Hansjörg Wyss was part of a serious offer for the major newspaper chain that could have prevented it from being sold to the hedge fund Alden Global Capital.
2021-04-17,A growing web of trade groups aims to influence policies that will aid (or squash) the digital gold rush.
2021-04-18,Subscriptions may be the rage but businesses of all sorts are pouring money into advertising — digital most of all.
2021-04-18,In an interview as she prepares to step down as news division head Susan Zirinsky said “I feel I have given my entire soul into rebuilding this organization.”
2021-04-18,A recent OAN segment said there were “serious doubts about who’s actually president” and another blamed “anti-Trump extremists” for the Capitol attack.
2021-04-18,TV ratings for awards shows have been in free fall especially during the pandemic and Hollywood doesn’t want the viewing public to toss its premier showcase into the entertainment dustbin.
2021-04-19,New fund-raising disclosures show a shift in giving.
2021-04-19,The company said it planned to limit posts that contain misinformation and hate speech related to the trial to keep them from spilling over into real-world harm.
2021-04-19,We know the dangers of surveillance but people are dying. Maybe we need more cameras on the roads.
2021-04-19,Doug Parker the C.E.O. said in a meeting with employees that voting rights was “an equity issue” according to a recording of the conversation.
2021-04-19,Parler had been kicked off iPhones and Android devices after the Capitol insurrection in January.
2021-04-19,The bank’s role has made it one of the targets for criticism. European heads of state former players and supporter groups of the clubs involved were among those speaking out against the plan.
2021-04-19,New programs for restaurants and live-event businesses will soon start taking applications as the Paycheck Protection Program winds down.
2021-04-19,After a Swiss billionaire pulled out of a possible deal the newspaper chain cut off talks for now with his partner the Maryland hotelier Stewart Bainum Jr.
2021-04-19,The oil company wants to create a profit-making business out of the capture of carbon emitted by petrochemical plants and other industries.
2021-04-19,Its first print incarnation since 2017 includes an article on New York’s mayoral race and another that revives the paper’s tradition of shaming landlords.
2021-04-20,A merger with either suitor would create a railroad line that stretches from Canada to Mexico.
2021-04-20,Recent commercial real estate transactions in New York.
2021-04-20,Jamie Dimon of JPMorgan Chase and LeBron James are the latest to get entangled in the debate.
2021-04-20,Companies are seeking to build buy or invest in the sector despite construction costs that are roughly triple that of an ordinary warehouse.
2021-04-20,We need dumb technology that does as little as possible and knows as little about us as possible.
2021-04-20,The company also said it planned to release iPhone software next week with a privacy feature that worries many digital-advertising companies.
2021-04-20,President Biden’s vow to work with China on issues like climate change is clashing with his promise to defend human rights.
2021-04-20,Steve Gilula and Nancy Utley have been at the top of Searchlight Pictures for more than two decades shaping the film industry with hits like “12 Years a Slave” “The Shape of Water” and “Nomadland.”
2021-04-20,The streaming service reported the addition of four million new customers for the first quarter below the six million it had forecast.
2021-04-20,The rivals put in place a system to help luxury shoppers authenticate their goods.
2021-04-21,The past year has crushed independent restaurants across the country and brought a reality to their doors: Many were unprepared for a digital world.
2021-04-21,The corporate response to civil rights has changed over the years.
2021-04-21,x
2021-04-21,Gary Gensler the new S.E.C. chairman wants to improve corporate disclosure and regulate digital assets better. But a lot awaits him already.
2021-04-21,Arrival a developer of electric vans and buses says it has come up with a cheaper way to build vehicles in small factories. But can it deliver on that promise?
2021-04-21,The lawmakers said that the companies limited the reach of conservative voices.
2021-04-21,Ms. Khan said approvals of tech mergers during the Obama administration were a “missed opportunity” to slow the growth of Big Tech.
2021-04-21,Interest was strong throughout the three-week trial and the reading of the verdict on Tuesday drew a huge viewership total for a late afternoon.
2021-04-21,The president promised on the campaign trail to overhaul opportunity zones which a new study suggests mostly fueled real estate investment in gentrifying areas in 2019.
2021-04-21,Tech executives wanted to change the world and they did. Of course we’re now questioning them.
2021-04-22,Test-driving Volkswagen’s ID.4 Ford’s Mustang Mach-E and Volvo’s XC40 Recharge: The green turf where Tesla has dominated for so long is poised to grow crowded.
2021-04-22,Switzerland’s financial regulator said it would look into whether Credit Suisse was doing a poor job monitoring the riskiness of its investments.
2021-04-22,The data can be volatile but economists see healing in the labor market.
2021-04-22,Arrival a small electric vehicle company is creating highly automated “microfactories” where its delivery vans and buses will be assembled by multitasking robots breaking from the approach pioneered by Henry Ford and used by most of the world’s automakers.
2021-04-22,High-profile business leaders have been detained sidelined or silenced as the Communist Party moves forcefully to keep companies in line. Today the best strategy is to lie low.
2021-04-22,As demand for tickets recovers airlines are calling back workers adding flights and planning for a summer they say could be normal.
2021-04-22,The company said that for now it would not recognize a newly formed union representing more than 650 Times employees.
2021-04-22,AT&T HBO’s parent company reported that HBO and the new streamer added 2.7 million subscribers in the first quarter.
2021-04-22,It may be a choice to make rules for technology too early rather than too late.
2021-04-22,Lawmakers in D.C. delivered a one-two punch.
2021-04-23,Companies like Google General Motors Rolex and Verizon spent an estimated $2 million for each 30-second spot.
2021-04-23,Turkish authorities raided offices associated with Thodex a cryptocurrency platform that suspended operations and froze accounts worth a total of $2 billion.
2021-04-23,The Small Business Administration’s earlier announcement that applications would open on Saturday was  met with a deluge of criticism.
2021-04-23,Almost every carmaker has had to curtail production hampering the economic recovery.
2021-04-23,President Biden is weighing an end to the carried interest loophole.
2021-04-23,The Biden administration is relying on Congress instead of just the Fed to fix the economy. That mix could lead to a less wealth-unequal future.
2021-04-23,In March 2020 the Federal Reserve had to step in to save the mutual funds which seem safe until there’s a crisis. Regulation may be coming.
2021-04-23,Keith Poole arrived last month with plans to make the tabloid more digital. Many on his staff have yet to hear from him.
2021-04-23,Deciphering between political rhetoric and dangerous threats online isn’t always easy.
2021-04-24,Who makes money from destroying reputations online?
2021-04-24,While millions of people struggled to make ends meet many of the companies hit hardest in 2020 showered their executives with riches.
2021-04-24,Many companies see the appeal of combining office life with work-from-home flexibility. How to strike the right balance can be less clear.
2021-04-24,Sun Dawu a rural tycoon who has been a thorn in the Communist Party’s side was detained in November as the party moved to silence critics and keep the private sector in line.
2021-04-25,Aimed at Facebook Twitter and Instagram the move sets up a clash over free speech amid a widening political and public health crisis.
2021-04-25,Denounced by politicians and reviled by food safety activists American-bred “chlorinated chickens” have become a symbol of all the U.K. fears about a looming trade deal.
2021-04-25,Nearly 8 percent of those who got initial Pfizer or Moderna shots missed their second doses. State officials want to prevent the numbers from rising.
2021-04-26,The group will issue recommendations on how the government can use existing authority to help workers join labor unions and bargain collectively.
2021-04-26,The inquiry announced with a terse one-line statement is the latest move in China’s fast-moving campaign to rein in its internet giants.
2021-04-26,Companies defend stratospheric pay for their leaders.
2021-04-26,The gap between executive compensation and average worker pay has been growing for decades. Chief executives of big companies now make on average 320 times as much as their typical worker according to the Economic Policy Institute. In 1989 that ratio was 61 to 1.
2021-04-26,The company said it would invest more than $1 billion in North Carolina with a new office in the Raleigh-Durham area and at least 3000 new jobs there.
2021-04-26,Sunday night’s pandemic-restricted telecast drew 58 percent fewer viewers than last year’s record low.
2021-04-26,The fight between the two tech giants might remodel the internet as we know it.
2021-04-26,The electric-car maker’s performance reflected increasing sales and production around the world.
2021-04-26,If you are trying to grasp Bitcoin and understand what China’s digital yuan means America’s Federal Reserve is right there with you.
2021-04-26,The European Commission chief expects provisions opening the door for vaccinated Americans and the industry sees opportunity.
2021-04-27,QAnon adherents and other far-right influencers are making thousands of dollars broadcasting election and vaccine conspiracy theories on the streaming site.
2021-04-27,The City of London the square mile in the center of London that is the heart of Britain’s financial and legal services once had more than half a million daily commuters bustling through its streets. But the coronavirus pandemic has ushered in a new era of working from home that risks leaving the area permanently depleted. The City of London Corporation its governing body is looking for ways to revive it.
2021-04-27,What the tech barons think matters. But imagine if those working in the trenches had a bigger voice.
2021-04-27,Fox is asking a court to dismiss a suit filed by Smartmatic which accused it and three of its anchors of promoting falsehoods about the company.
2021-04-27,All eligible businesses will be able to apply for the $29 billion program starting on Monday but only claims from the priority groups will be approved in the first three weeks.
2021-04-27,Alphabet posted revenue of $55.31 billion up 34 percent from a year earlier and net profit more than doubled to $17.93 billion in the first quarter.
2021-04-27,Starbucks made a profit of $659 million in the first three months of the year as quarantine restrictions were eased.
2021-04-27,We’d like to get your responses to a few headlines and ask a couple of brief follow-up questions.
2021-04-27,The comedian Sarah Silverman and The Times’s Kevin Roose Sheera Frenkel and Davey Alba explored how disinformation spreads and how we can fight back.
2021-04-27,“Digital adoption curves aren’t slowing down” Satya Nadella Microsoft’s chief executive said in a statement. “They’re accelerating.”
2021-04-28,The Federal Reserve said the economy had “strengthened” but opted to continue providing support while playing down a rise in inflation.
2021-04-28,The Samsung family in South Korea will also donate billions of dollars’ worth of art including Picasso and Monet.
2021-04-28,Tech giants have so much power. They could do more to help Indians facing such a devastating crisis.
2021-04-28,The city seeks $150 million in relief for employees accusing the fast-food giant of “complete disregard” of a law governing workweeks.
2021-04-28,Nearly 3.5 billion people now use one of Facebook’s apps every month.
2021-04-28,Ford expects the shortage to lower its operating profit this year by $2.5 billion to between $5.5 billion to $6.5 billion.
2021-04-28,More people splurged on computers as they worked and learned from home driving sales of Macs to grow by 70 percent.
2021-04-28,Alex Oh’s resignation followed a ruling over the conduct of Exxon’s lawyers during a civil case. Ms. Oh was one of the lead lawyers for Exxon.
2021-04-28,They will receive 50 cents to $3 more an hour the company said.
2021-04-28,The decision could be a win for Amazon which said it was passed over for the $10 billion Pentagon contract because of his animosity toward its founder Jeff Bezos.
2021-04-29,Twitter’s permanent ban of former President Donald J. Trump did not appear to hurt activity. The company saw a 20 percent jump in daily active users who see ads in the first three months of the year.
2021-04-29,His speech came later in his presidency than those delivered by his recent predecessors which all took place in February.
2021-04-29,The dictionary doesn’t have enough superlatives to describe what’s happening to the five biggest technology companies raising uncomfortable questions for their C.E.O.s.
2021-04-29,Stimulus payments pent-up demand and low interest rates lifted sales and prices.
2021-04-29,The high volume of orders during the pandemic has let Amazon operate more efficiently.
2021-04-29,Many truckers depend on the companionship of dogs cats birds pigs — or even a hedgehog.
2021-04-29,You can’t experience effects from being near someone who is vaccinated because it is biologically impossible for the vaccine material to be transmitted from person to person.
2021-04-29,Ransomware attacks can bring down schools and hospitals. It’s time we took them more seriously.
2021-04-29,Chicken was one of the big drivers for growth in the U.S. The company’s new chicken sandwich is selling substantially better than its previous offering.
2021-04-29,Government payments made wallets fatter and consumers took advantage.
2021-04-30,By forcing app developers to use its payment system and comply with other rules regulators said Apple broke European Union competition laws.
2021-04-30,The Berkshire chief opposes shareholder proposals on climate and diversity.
2021-04-30,Black Pound Day was created to find a sustainable way to support Black-owned businesses after the Black Lives Matter street protests faded.
2021-04-30,The carmaker’s American unit was kidding when it said it was changing its name to “Voltswagen” but publicly listed companies are not supposed to fool their shareholders.
2021-04-30,Oil prices have climbed in recent months and are now roughly where they were before the pandemic’s full force was felt.
2021-04-30,Stewart Bainum is making a third try to keep the newspaper chain away from the hedge fund Alden Global Capital which is poised to be the company’s next owner.
2021-04-30,A year ago even the tech giants were anxious. Now they have so much money it’s awkward.
2021-04-30,The nearly $5 billion loss from the collapse of Archegos Capital Management was just the latest problem for Credit Suisse’s beleaguered investment bank.
2021-04-30,At least 20 employees have posted publicly that they intend to resign or have already resigned.
2021-04-30,Inside the war between a very powerful company and a very stubborn franchisee complete with threats spies and videotape.
2021-05-01,The group known as the “Citgo 6” has been held on corruption charges. Their release may be a sign that Venezuela would like to improve relations with the Biden administration.
2021-05-01,Warren Buffett was upbeat about his company’s increase in earnings in the first quarter. And at the shareholders’ meeting he defended Berkshire’s efforts on dealing with climate change.
2021-05-01,Financial institutions have a unique power to contribute to social movements — if they choose to use it.
2021-05-02,The automaker should be able to win back some customers who drifted to Tesla and hold onto the Tesla-curious.
2021-05-02,His message is that the private sector alone cannot provide security and comfort to the vast majority of Americans.
2021-05-02,Apple and Epic Games maker of the wildly popular game Fortnite square off on Monday in a trial that could decide how much control Apple can exert over the app economy.
2021-05-02,In making the deal with the private equity firm Apollo Verizon is acknowledging that it couldn’t compete with Google and Facebook for digital ads. Instead it will concentrate on building a 5G network.
2021-05-02,Landlords cut small retailers a break on rent during the pandemic but stores are still struggling because too few office workers and tourists have returned.
2021-05-03,A new foundation is starting with $250 million in backing from influential executives and major companies.
2021-05-03,Epic has accused Apple of unfairly using its App Store’s power to take a cut of the money made in Fortnite a popular online game.
2021-05-03,The announcement raises questions about the fate of their fortune. The couple helped create the Giving Pledge but much of his Microsoft money has not yet been donated.
2021-05-03,“We will only reach our full potential when everyone can contribute to and share in the benefits of prosperity” the chair of the Federal Reserve said as he highlighted disparities made worse during the pandemic.
2021-05-03,Google plans to experiment with new office configurations and more flexibility. Will others follow?
2021-05-03,Facebook’s Oversight Board an independent panel will make the final decision on whether the company’s ban of former President Donald J. Trump should be permanent.
2021-05-03,One of the biggest newspaper jobs goes to a groundbreaking journalist who spent two decades at The Washington Post.
2021-05-03,The Small Business Administration program is offering $28.6 billion in grants to food businesses including bars and caterers.
2021-05-03,“The directors are in agreement that if something were to happen to me tonight it would be Greg who’d take over tomorrow morning” Mr. Buffett 90 told CNBC.
2021-05-03,Wealthy executives and corporate giants are giving $250 million to influence policy and counter violence.
2021-05-04,Fueled with money from Wall Street and local officials automakers plan to build eight million electric cars a year there more than Europe and North America combined.
2021-05-04,Buying an electric car can be exciting and bewildering. Consider what kind of car you want and need and where you will charge.
2021-05-04,Cannabis companies and brokers are rushing into what could be a $4.2 billion industry but for all the excitement there are significant challenges.
2021-05-04,The Copenhagen-based company cited growing customer awareness around supply chain sustainability.
2021-05-04,Ms. Yellen the Treasury secretary said that some “modest” increases might be necessary. She later clarified to say that she was not making a recommendation or providing advice to the Federal Reserve which sets monetary policy.
2021-05-04,The end of one marriage has implications for the 1600 staff members who direct $5 billion in annual grants to 135 countries.
2021-05-04,In the clearest sign yet that theaters are softening their stance toward Netflix Cinemark the country’s third-largest chain announced on Tuesday that it would show the streaming service’s upcoming zombie flick “Army of the Dead” from director Zack Snyder in more than 250 of its theaters on May 14 a week before the film will become available online.
2021-05-04,The e-commerce giant’s European retail business had record sales in 2020 but its headquarters on the continent reported a $1.4 billion loss.
2021-05-04,Some funds are still available for community financial institutions and to finish processing pending applications.
2021-05-04,People are eager to return to grocery stores but Amazon seems to be missing the opportunity.
2021-05-05,When Bill and Melinda Gates announced filed for divorce in Washington State on Monday grant recipients and staff members alike wondered what would happen to the Bill and Melinda Gates Foundation.
2021-05-05,The cryptocurrency that started as a joke is up by roughly 14000 percent this year.
2021-05-05,The free task-reminder app on your phone can keep you and your projects on track.
2021-05-05,A company-appointed panel ruled that the ban was justified at the time but added that the company should reassess its action and make a final decision in six months.
2021-05-05,“What’s to stop them from silencing you?” Senator Ted Cruz Republican of Texas replied on Twitter.
2021-05-05,What happens on Facebook has such big consequences its quasi-independent Oversight Board can only do so much.
2021-05-05,Markets gyrated this week on concern that the Federal Reserve may lift rates earlier. But its policymakers stuck with their patient script on Wednesday.
2021-05-05,Excluding a settlement in Europe Uber’s revenue in the first three months of the year was $3.5 billion an 8 percent increase from the previous year.
2021-05-05,Nick Clegg a former deputy prime minister has shaped the company’s handling of Donald Trump at every turn.
2021-05-05,Revenue at Fox Corporation dropped as fewer viewers tuned into the company’s cable channels and the Fox broadcast network. The company also announced the acquisition of OutKick Media.
2021-05-06,The easing of pandemic-related restrictions is allowing the labor market to continue its gradual return to normal.
2021-05-06,Consider it a small victory.
2021-05-06,A spike in sales to Chinese customers helped Volkswagen rebound strongly from the disruption caused by the pandemic the carmaker said Thursday underlining China’s importance to the German economy.
2021-05-06,A race is on to produce lithium in the United States but competing projects are taking very different approaches to extracting the vital raw material. Some might not be very green.
2021-05-06,The Bank of England unveiled a much brighter outlook for the British economy on Thursday saying it would return to its prepandemic levels at the end of this year as lockdowns ended consumers spent billions of pounds in extra savings and the vaccine rollout reduced public health worries.
2021-05-06,ViacomCBS reports that its decision to revamp and rebrand its streaming service seems to be paying off.
2021-05-06,The pandemic forced small businesses to adopt new digital habits and many are now here to stay.
2021-05-06,In a hearing focused on the frenzied trading of GameStop stock the new S.E.C. chairman suggests more disclosure is needed.
2021-05-06,The Federal Reserve painted a picture of a generally stable financial system but one bubbling with risk-taking that merits attention.
2021-05-06,The state attorney general’s office reached an agreement that levies millions in penalties on third-party services that generated the comments.
2021-05-07,The United States needs to quickly find new supplies of lithium as automakers ramp up manufacturing of electric vehicles.
2021-05-07,Even as a chip shortage is causing trouble for all sorts of industries the semiconductor field is entering a surprising new era of creativity from industry giants to innovative start-ups seeing a spike in funding from venture capitalists that traditionally avoided chip makers Don Clark reports for The New York Times.
2021-05-07,The Federal Reserve’s Financial Stability Report released Thursday followed an unusual six months for markets. Over that period stocks climbed steadily as the U.S. economic outlook rebounded and stories of excess began to crop up such as the frothy markets around so-called “meme stocks” such as GameStop and huge losses at a number of banks tied to problems at a hedge fund Archegos Capital Management.
2021-05-07,Officials have said that they want to see real not just forecast progress toward full employment and stable inflation.
2021-05-07,Employers are debating the pros and cons of mandating workers to get vaccinated.
2021-05-07,The World Health Organization has approved a Chinese vaccine for emergency use. The announcement comes at a time when officials in the country are warning of a domestic shortage.
2021-05-07,Cathy Merrill of Washington Media wrote in The Washington Post that people who wanted to keep working from home risked losing status as full-time workers.
2021-05-07,Everyone’s story is personal. What is yours?
2021-05-07,Really.
2021-05-07,Biden administration officials say there is no evidence that hiring has been slowed by the additional $300 per week that unemployed Americans are currently eligible to receive.
2021-05-08,Demand for the visas has increased despite Trump administration policies that made them less likely to be approved.
2021-05-08,For many midlevel engineers and food truck workers and longtime residents a region filled with extremes has become increasingly inhospitable.
2021-05-09,The government has been using its money and power to create an alternative to a global news media dominated by outlets like the BBC and CNN.
2021-05-09,While the impact has been limited so far some energy analysts warned of possible shortages and higher prices as the suspension continues.
2021-05-09,The university accused 17 students of cheating on remote exams raising questions about data mining and sowing mistrust on campus.
2021-05-10,The restaurant chain is the latest business to raise wages or offer incentives as it struggles to staff its restaurants.
2021-05-10,The South Coast Air Quality Management District in Southern California on Friday adopted a rule that would force about 3000 of the largest warehouses in the area to slash emissions from the trucks that serve the site or take other measures to improve air quality The New York Times’s Hiroko Tabuchi reports.Southern California is home to the nation’s largest concentration of warehouses — a hub of thousands of mammoth structures served by belching diesel trucks that help feed America’s booming appetite for online shopping and also contribute to the worst air pollution in the country.The rule sets a precedent for regulating the exploding e-commerce industry which has grown even more during the pandemic and has led to a spectacular increase in warehouse construction.The changes could also help spur a more rapid electrification of freight tucks a significant step toward reducing emissions from transportation the country’s biggest source of planet-warming greenhouse gases. The emissions are a major contributor to smog-causing nitrogen oxides and diesel particulate matter pollution which are linked to health problems including respiratory conditions.
2021-05-10,As companies make plans to fully reopen their offices across the United States they face a delicate decision. Many would like all employees to be vaccinated when they return but in the face of legal and P.R. risks few employers have gone so far as to require it.
2021-05-10,Energy analysts warned that a prolonged suspension of an oil pipeline could raise prices at the pump along the East Coast and leave some smaller airports scrambling for jet fuel Clifford Krauss reports for The New York Times.
2021-05-10,Two months after a botched hire Versha Sharma an editor at the news website NowThis will take over the Condé Nast site.
2021-05-10,States and cities are being given broad discretion on how they can use the money which is intended to replace public sector revenue provide extra pay for essential workers and invest in sewer water and broadband.
2021-05-10,The Colonial Pipeline shutdown has exposed vulnerabilities in the nation’s energy infrastructure and raised concerns about fuel supplies.
2021-05-10,Reliance on the pipeline has grown as rising domestic production of oil and gas has led to reduced refining capacity in the Northeast.
2021-05-10,What we can learn from Apple’s privacy labels and how we can better protect our information.
2021-05-10,“Without a doubt this is a dangerous idea that risks the safety of our children and puts them directly in harm’s way” Letitia James New York’s attorney general said in a statement.
2021-05-11,Lex Greensill’s company attracted attention in high levels of British government until it failed. Lawmakers are leading an inquiry.
2021-05-11,The group that was once assailed by the F.C.C. steadily gained influence in Hollywood over the years until scrutiny of its practices and lack of diversity led NBC to say it would not air its show in 2022.
2021-05-11,Marie Claire U.S. had been part of Hearst since 1994 in a joint venture with French company Marie Claire Album.
2021-05-11,The standard business practices developing around streaming entertainment are rotten and need to change.
2021-05-11,After more than three decades at a respected news service Ms. Buzbee becomes the successor to the star editor Martin Baron.
2021-05-11,The national average for a gallon of regular gasoline rose 2 cents on Tuesday and some airlines began to take small measures in response to the shutdown.
2021-05-11,The brightly colored steel boxes are being repurposed by developers in an effort to liven up bars cafes and restaurants inside food halls.
2021-05-11,Recent commercial real estate transactions in New York.
2021-05-11,The retailer decided to split itself into two publicly listed companies Victoria’s Secret and Bath & Body Works in a deal that is expected to close in August.
2021-05-11,President Biden says slowing climate change will create jobs. Tension between unions and environmentalists shows it’s not so simple.
2021-05-12,While drivers scrambled for fuel Colonial Pipeline said supplies would resume flowing from Texas to the East Coast in the coming days.
2021-05-12,What a difference a year makes.
2021-05-12,Growing concerns in Taiwan about a small but worsening coronavirus outbreak drove a sharp intraday plunge in its stock market on Wednesday as investors worried about new government restrictions on businesses in a place that has largely escaped the pandemic.
2021-05-12,The economic outlook has brightened considerably across Europe after lockdowns restricted growth at the start of the year. Now economists foresee the complete recovery by the end of next year from the early effects of the pandemic.
2021-05-12,Seychelles has seen a surge in coronavirus cases even though much of its population was inoculated with China’s Sinopharm vaccine.
2021-05-12,An enduring daytime TV hit suffered a sharp ratings decline after complaints of workplace misconduct clanged against the performer’s public image.
2021-05-12,The Federal Communications Commission said 825 broadband providers have agreed to offer the discounts. The program also allows for a one-time laptop subsidy of $100.
2021-05-12,Amazon has had a boss with big ideas and incredible persistence. That hasn’t always been helpful.
2021-05-12,Several thousand gas stations across the nation have run out of fuel and hundreds of others are limiting sales. “The oil and gasoline is there” one energy expert said.
2021-05-12,The decision undercuts efforts by the European Union to force big tech firms to pay more in taxes.
2021-05-13,The moves scheduled for June and July will affect roughly two million people.
2021-05-13,In a sudden U-turn Tesla stopped accepting the cryptocurrency as payment. But why?
2021-05-13,The fast-food company is raising wages at company-owned restaurants but the move still falls short of demands for a minimum wage of $15 an hour.
2021-05-13,Elon Musk said Tesla would stop accepting Bitcoin as payment for cars citing environmental reasons a move that sent the price of the cryptocurrency plunging.
2021-05-13,A new paper by liberal economists presents evidence that policymakers helped hold down wages for four decades.
2021-05-13,The companies say they always do what’s best for us but their advertising businesses suggest otherwise.
2021-05-13,The company said rivals were swarming the market and increasing competition and that it was spending heavily on marketing and development to keep ahead of its competitors.
2021-05-13,Colonial pre-emptively shut down its pipeline operations on Friday. President Biden did not rule out a retaliatory strike on those responsible.
2021-05-13,Their marital estate is enormous and complex containing assets as varied as stocks and farmland. Divvying it up could have implications for philanthropy.
2021-05-13,Profit totaled $912 million but the 103.6 million Disney+ subscribers were below analysts’ estimates.
2021-05-14,Unvaccinated employees could face restrictions like not being allowed to work on international flights.
2021-05-14,Glauber Contessoto went looking for something that could change his fortunes overnight. He found it in a joke cryptocurrency.
2021-05-14,Misinformation has flourished on Twitter TikTok Facebook and other social media about the violence between Israelis and Palestinians.
2021-05-14,Companies are navigating conflicting guidance on pandemic precautions.
2021-05-14,Retail sales held steady in April after rising 10.7 percent the previous month as Americans continued to spend government stimulus payments.
2021-05-14,In surveys and political discourse Republicans are increasingly critical of corporations but not for the reasons Democrats have long held that view.
2021-05-14,Virginia Florida Arkansas and Maryland are among dozens of states that have introduced bills to curtail the power of Amazon Google Facebook and Twitter.
2021-05-14,The hacking group which the F.B.I. has said was responsible for the ransomware attack said it had received “pressure” from the U.S.
2021-05-14,A filing on Friday marked the end of a long dispute between the company and the once-powerful executive who was fired in 2018 after accusations of sexual misconduct.
2021-05-14,The inquiry will focus a spotlight on a steel magnate and a financier whose business collapse has provoked a scandal in Britain.
2021-05-15,After new C.D.C. rules businesses are moving to change their requirements.
2021-05-15,But it will still take days for gas stations in the Southeast to restock after panic buying depleted their supplies.
2021-05-15,The rules for keeping workers safe can be difficult to navigate.
2021-05-16,A merger could be announced as soon as Monday in a deal that would offload the media business that AT&T fought to buy.
2021-05-16,Melinda French Gates voiced concerns about her husband’s relationship with Jeffrey Epstein and a harassment claim against his money manager. He also had an affair with an employee.
2021-05-16,The requirement eased because of the pandemic is being reimposed. Some say it presents an undue hardship.
2021-05-17,Spinning out WarnerMedia and merging it with Discovery caps a reversal on years of big acquisitions.
2021-05-17,The Biden administration is trying to rebuild relations with Europe but it is moving cautiously to unwind tariffs imposed by President Donald J. Trump.
2021-05-17,The I.R.S. said tax filers who needed more time could have an extra month. The federal tax deadline has arrived.
2021-05-17,A Federal Reserve household survey underlined how much Americans with less formal education and minority groups struggled in the pandemic.
2021-05-17,The media executive has hired a legal team two people briefed on the matter said. AT&T announced that it would spin off the media group and combine it with Discovery.
2021-05-17,To stay on the good side of the Chinese authorities the company has made decisions that contradict its carefully curated image.
2021-05-17,Apple built the world’s most valuable business on top of China. Now it has to answer to the Chinese government.
2021-05-17,AT&T’s WarnerMedia group is merging with the reality programmer Discovery. What does that mean for your favorite shows?
2021-05-17,Jason Kilar was named chief executive of WarnerMedia just last year but now he is negotiating his departure after being sidelined by David Zaslav the longtime leader of Discovery.
2021-05-17,Federal Reserve officials believe low and stable price expectations give them room to heal the job market. But what if outlooks change?
2021-05-18,The lawsuit claims that the former Brooks Brothers owners “put their own financial interests ahead of those of the company.”
2021-05-18,Physiological stress responses and changes in behavior are “conceivable” reasons that long hours have a negative impact on health.
2021-05-18,The retailer expressed optimism after sales soared 56 percent in the first quarter raising its forecast for the year as consumers begin to buy apparel for get-togethers.
2021-05-18,Apple touts its commitment to privacy and free speech. That’s why its China operation is so striking.
2021-05-18,Coastal developments around Australia are booming thanks to population growth and a pandemic-related appetite to be closer to the water.
2021-05-18,The tool has faced scrutiny from lawmakers and some employees inside Amazon who said they were worried that it led to unfair treatment of African-Americans.
2021-05-18,The Republican-run states are joining a movement based on the contention that jobless pay is deterring people from seeking work.
2021-05-18,Phone buddies and golf partners Jeff Zucker and David Zaslav have a 30-year history. Now Zucker may be open to working for the man he calls a “best friend.”
2021-05-18,Following its spinoff of WarnerMedia AT&T is back to primarily being a wireless company with all of the challenges that entails.
2021-05-18,JPMorgan Chase named two female executives as joint heads of its largest division potentially paving the way for the nation’s largest bank to be led by a woman.
2021-05-19,The council led by the advocacy organization Time’s Up includes heavyweight names like JPMorgan Chase Spotify and McDonald’s.
2021-05-19,Stocks slumped for a third day as a bust in cryptocurrencies bled into the broader markets pulling the S&P 500 and Nasdaq lower.
2021-05-19,The parent of Roman a digital health clinic for men announced that it would acquire a firm that offers at-home fertility tests for women.
2021-05-19,Marc Metrick the company’s chief executive says employees will have more flexibility but for reasons having to do with corporate culture “the default needs to be our office.”
2021-05-19,The time to debate the power of voice technology is now. (Before Alexa starts suggesting comfort foods.)
2021-05-19,Around the city restaurants and stores were given a green light to return to business as usual.
2021-05-19,Ahead of the company’s annual meeting some investors say they will vote against key directors who are accused of flubbing the termination of the former chief executive Steve Easterbrook.
2021-05-19,If it sells well an electric version of the best-selling vehicle in the U.S. could help accelerate the move to battery-powered transportation.
2021-05-19,The industry was decimated by the pandemic with theaters shut across the country and new films delayed by Hollywood studios. But now cinemas are ready to fill up their seats again. Will audiences follow?
2021-05-19,Randal K. Quarles the Federal Reserve’s vice chair for supervision said that the Fed needs to balance risks and that slowing down the recovery early would be a bad idea.
2021-05-20,Overwhelmed lenders and panicking borrowers are in a frenzy to grab the remaining money in the small business relief program.
2021-05-20,The Alamo Drafthouse theater chain furloughed its 3100 employees during the pandemic declared bankruptcy in December shut down three theaters as part of its restructuring plan and halted a planned project in Orlando. AMC Entertainment’s chief executive Adam Aron said this month that the chain had been “within months or weeks of running out of cash five different times between April 2020 and January 2021.”
2021-05-20,Ford unveiled an electric version of its popular F-150 pickup truck on Wednesday called the Lightning signaling a shift in the auto industry’s electric vehicle push which so far has been aimed at niche markets.
2021-05-20,The company is changing the verification process after confusion and contention making it easier for select users to request to be verified.
2021-05-20,A new report details the Biden administration’s aim to raise revenue to help pay for its infrastructure proposal.
2021-05-20,Sales of the company’s oat-based drink have soared in the past year and it has backing from some prominent investors.
2021-05-20,How the latest violence between Israelis and Palestinians encapsulates the best and worst of digital life.
2021-05-20,The European Parliament voted to refuse to ratify an investment agreement with China until Beijing lifts sanctions on European critics.
2021-05-20,Hospitals in Ireland New Zealand and Scripps Health in San Diego are reeling from digital extortion attacks.
2021-05-20,The host Chris Cuomo participated in strategy calls with aides to his brother Gov. Andrew Cuomo of New York after sexual harassment allegations emerged this year.
2021-05-21,A rebounding economy and Trump-era tariffs have helped drive the price of domestic steel to record highs.
2021-05-21,The bid by Alden Global Capital which already owns about 200 local newspapers had faced resistance from Tribune staff and last-ditch competition.
2021-05-21,In a wide-ranging interview the author of “The Age of Surveillance Capitalism” talks about why people should pay attention to how big tech companies are using their information.
2021-05-21,There was big growth in account balances during the pandemic but some states are offering promotions to attract even more savers.
2021-05-21,Resignations and reshuffles tied to the scandal continue.
2021-05-21,The chief executive of Apple which was sued by the gaming company Epic said his company had invested heavily on security and had lowered some fees in its App Store.
2021-05-21,Evictions of some popular products tell us a lot about untrustworthy internet reviews.
2021-05-21,Borrowers will receive letters from the U.S.D.A. next week with information about their loan balances.
2021-05-21,An early-morning meeting at a Greenwich Village townhouse under the watchful eye of Steve McQueen was part of a monthslong campaign.
2021-05-21,It was the third straight monthly drop in transactions after a surge in transactions earlier in the pandemic.
2021-05-22,Experts weigh in on what’s really going on in the labor market — and what companies can do to attract workers.
2021-05-22,Source of Knowledge has been a Newark mainstay for decades. It survived the past year thanks to the generosity of its customers and an owner who provides more than just books.
2021-05-23,In public radio there is either an epidemic of bullying or an epidemic of whining depending on whom you ask.
2021-05-23,Since its chance rediscovery in 2011 the heavily altered racecar has been the subject of seemingly endless legal twists and turns and acrimonious confrontations.
2021-05-23,Electric cars get all the attention but truckmakers are also under pressure to shift from fossil fuels to electricity.
2021-05-24,After its $100 billion deal to buy Time Warner and spending millions more to fight a Justice Department lawsuit that delayed the deal AT&T wants a do-over. This reversal culminated in the announcement last week that it would spin off WarnerMedia as the former Time Warner is now known to merge with the reality-TV giant Discovery.
2021-05-24,What if Time Warner had gotten a fateful phone call earlier in 2016?
2021-05-24,The European Union told airlines to avoid Belarusian airspace after the country forced a commercial flight to land in order to arrest a journalist.
2021-05-24,Companies with Bitcoin on their balance sheets may be getting nervous. Three big corporate investors in Bitcoin are Tesla MicroStrategy and Square.
2021-05-24,The latest installment in the “Fast and Furious” franchise arrived in theaters over the weekend in eight international markets and sold an estimated $162 million in tickets.
2021-05-24,The new law is a direct response to Facebook’s and Twitter’s suspensions of former President Donald J. Trump.
2021-05-24,It can be fun to try out new products but only if we know what we’re signing up for.
2021-05-24,The carrier will give away 30 pairs of tickets throughout June and give five MileagePlus members a grand prize of travel for a year.
2021-05-24,A decision over the antitrust suit filed by Epic Games and the future of the $100 billion market for iPhone apps is now in the hands of a federal judge.
2021-05-24,The comments from Pete Buttigieg came after the authoritarian leader of Belarus dispatched a fighter jet on Sunday to intercept a Ryanair plane.
2021-05-25,Recent commercial real estate transactions in New York.
2021-05-25,Air France KLM and Finnair said they would suspend flights going through the country’s airspace.
2021-05-25,The District of Columbia said in a lawsuit that Amazon had stopped merchants that use its platform from charging lower prices for the same products elsewhere online.
2021-05-25,The oil company will hold a contested election for four board seats at its annual shareholders meeting on Wednesday.
2021-05-25,Traditionally a federal backwater the agency has stumbled while shepherding $1 trillion in emergency aid. Its leader vows “a more customer-first approach.”
2021-05-25,The claim that Amazon is crushing competition is both novel and railroad baron-style old-school.
2021-05-25,The visit sent a clear message that India’s powerful ruling party is becoming increasingly upset with the company.
2021-05-25,More than 200 writers and cultural figures signed a letter opposing the University of North Carolina’s failure to give the Times Magazine correspondent tenure with her position there.
2021-05-25,The news agency known for unbiased journalism faces criticism from its own staff after a young news associate was dismissed.
2021-05-25,The pandemic hit the world of clothing rental hard. Now companies like Rent the Runway say the market is booming like never before.
2021-05-26,Its campaign is part of a global wave of actions by governments that are testing how far they can go to control online speech.
2021-05-26,Shareholders elected at least two of the four directors nominated by a coalition of investors that said the oil giant was not investing enough in cleaner energy.
2021-05-26,Metro-Goldwyn-Mayer while diminished commanded a premium price with Amazon seeking to bolster its crucial Prime membership offering.
2021-05-26,Recent updates to Apple’s mobile operating system offer new ways to open apps chat with friends and interact with your device.
2021-05-26,Ford has gone from being a relative latecomer to battery-powered vehicles to making them a central focus. Last week it introduced the F-150 Lightning an electric truck.
2021-05-26,At least four employees at the firm Cascade Investment complained to Mr. Gates about Michael Larson his longtime money manager.
2021-05-26,Amazon will buy MGM. Cool. But why does the tech giant have a streaming video service at all?
2021-05-26,A disinformation effort to reduce public confidence in Covid-19 vaccines tried to enroll social media commentators in France and Germany.
2021-05-26,Small businesses that applied for aid will be shut out unless Congress approves more money for the $28.6 billion grant program the head of the Small Business Administration said.
2021-05-26,A company spokesman called the decision “disappointing” and said Shell expected to appeal but the ruling could add pressure on the energy industry to accelerate its move away from fossil fuels.
2021-05-27,In recent decades the area in and around Pennsylvania’s Lehigh Valley has evolved from its agricultural and manufacturing roots to also become a health care and higher education hub.
2021-05-27,When Apple and Google collaborated last year on a smartphone-based system to track the spread of the coronavirus the news was seen as a game changer. The software uses Bluetooth signals to detect app users who come into close contact. If a user later tests positive the person can anonymously notify other app users whom the person may have crossed paths with in restaurants on trains or elsewhere.
2021-05-27,The Treasury secretary called on Congress to provide more funding for her agency which oversees a sprawling set of relief programs.
2021-05-27,The chief executives of the six biggest American lenders testified before the House Committee on Financial Services on Thursday for the first time since 2019.
2021-05-27,If digital-world nightclubs get harder to access we risk missing out on new ideas.
2021-05-27,Production will resume at four factories in North America: one in Michigan one in Canada and two in Mexico. G.M. shares jumped on the news.
2021-05-27,The retailer’s first-quarter sales jumped 89 percent to $4 billion from a year earlier as its e-commerce continues to grow.
2021-05-27,When he died in February Mr. Limbaugh had an audience of about 15 million listeners.
2021-05-27,The tension between climate goals and lifting Exxon Mobil’s profits could make it difficult for activists to make progress.
2021-05-27,Easing the rules a second year in a row the Academy of Motion Picture Arts and Sciences said the movie industry was “still impacted by the pandemic.”
2021-05-28,The oil giant’s unexpected boardroom defeat by an activist investor hinged on a few key moments.
2021-05-28,Cameos by Justin Bieber Lady Gaga and the K-pop group BTS mysteriously disappeared from the special when it aired on Chinese streaming sites. Online fans suspected censorship.
2021-05-28,Retail traders piling into AMC aim in part to force losses on hedge funds that have bet against it.
2021-05-28,The Federal Reserve’s preferred price gauge is rising briskly at time when inflation dominates political and economic discussions.
2021-05-28,The latest disruption comes as the troubled aerospace manufacturer seeks to overcome delays and concerns about several of its planes.
2021-05-28,Donna Brazile a Democratic analyst has left the Murdoch-owned network as some hosts and journalists who questioned Donald Trump have exited or been sidelined.
2021-05-28,About 2500 drivers in New York are organizing to create what they say is a better deal for drivers than what the ride-hailing giants offer.
2021-05-28,Nikole Hannah-Jones a creator of the 1619 Project who is scheduled to start as a professor at the university this summer has retained lawyers to represent her in a dispute over tenure.
2021-05-28,The Rana Plaza collapse led to the agreement which improved factory safety for workers. Despite a last-minute extension its legacy may be in jeopardy.
2021-05-28,Internet companies are making it harder for those with big followings to spread misinformation. Finally!
2021-05-29,A fire at a chemical plant and a pandemic-driven boom in the construction of backyard pools are the causes of a nationwide shortage of chlorine tablets experts say. Panic buying could make it worse.
2021-05-29,Developing a “rest ethic” can make work time more productive.
2021-05-29,For years people most wanted to live in places where it was the hardest to build. Now with a rise in remote work exurban areas look more appealing.
2021-05-30,The companies won big when the pandemic forced people indoors. In a risky bet they aren’t slowing down even as behaviors shift again.
2021-05-30,Sales exploded to $4 billion last year from about $500 million in 2018. Dozens of brands will compete to be the boozy bubbly drink of the season.
2021-05-31,The world economy is expected to expand by 5.8 percent this year but success depends on beating down variants of the virus the group said.
2021-05-31,The feature-stuffed Pan America is a stark diversion for a company long associated with bulky expensive cruisers. Early impressions suggest a potential blockbuster.
2021-05-31,Atlas Obscura has reviewed how it tells its stories about curious places in light of last year’s shift in how Americans view their past.
2021-06-01,Recent commercial real estate transactions in New York.
2021-06-01,Tennis stars and regular people alike struggle with wellness at work.
2021-06-01,The member states of the Organization of the Petroleum Exporting Countries and allied producers like Russia confirmed a plan to increase output in June and July reflecting growing demand for petroleum.
2021-06-01,The agency reminded employers to consider the fact that access to the vaccine was not yet equitably distributed.
2021-06-01,Economic data is improving but manufacturers are struggling to meet rising demand which could add to inflationary pressures.
2021-06-01,Smartphone videos are tools for bearing witness and holding the powerful to account. But they come at a cost.
2021-06-01,A new report details ViacomCBS’s use of a labyrinthine tax shelter to sell rights to its shows and films overseas.
2021-06-01,A company name is unveiled — Warner Bros. Discovery . And a tagline to go with it: “The stuff that dreams are made of.”
2021-06-01,All of JBS’s beef plants in the U.S. were shuttered on Tuesday and many of its pork and poultry plants were affected according to a union and Facebook posts meant for employees.
2021-06-01,The company’s sales grew 17 percent to $1.1 billion its last fiscal year. Losses nearly doubled to $60 million.
2021-06-02,After a shift by the C.D.C. employers withdrew mask policies that workers felt were protecting them from unvaccinated customers.
2021-06-02,The acquisition is the latest to underscore the skyrocketing popularity of secondhand fashion platforms amid the pandemic.
2021-06-02,More on the study that says the media giant used international tax networks to cut its bill.
2021-06-02,The current version of Google’s mobile operating system includes several features that can make life easier and a bit more whimsical.
2021-06-02,Meat processing plants operated by JBS which handles a fifth of the cattle and hog slaughter in the U.S. were coming back online on Wednesday but were not all at full capacity union officials said.
2021-06-02,The pandemic has wiped out 144 million jobs across the globe leading to deepening social inequalities the International Labor Organization said.
2021-06-02,We miss out when we ignore the companies that are neither clear winners nor flat-out disasters.
2021-06-02,The new board member is likely to join two other candidates put forward by an activist investor who were declared winners last week.
2021-06-02,The Fed bought corporate bonds as part of an emergency maneuver last year. It will begin to sell those holdings it announced Wednesday.
2021-06-02,The 25 percent levies which were applied to goods from Austria Britain India Italy Spain and Turkey were immediately postponed for 180 days while talks proceeded.
2021-06-03,The social network wrongly bowed to government demands to take down content in the countries employees said in more signs of internal dissent.
2021-06-03,The airline which plans to buy planes from Boom Supersonic a start-up could become the first to offer ultrafast commercial flights since the Concorde stopped flying in 2003.
2021-06-03,The company’s stock dropped recovered and fell again after AMC said in a regulatory filing that it would sell an additional 11.55 million shares.
2021-06-03,Filings for state benefits last week were little changed but are less than half the level recorded as recently as early February.
2021-06-03,AMC’s shares are defying gravity. That could have consequences.
2021-06-03,Its new subscription service also adds features to make it easier to bookmark and organize posts.
2021-06-03,The tech giant deserves credit for taking on big issues but what matters is that it follows through to the end.
2021-06-03,Authorities succeeded in shuttering an activist site for three days. The takedown and its reversal presage a battle over internet freedoms.
2021-06-03,The theater chain altogether raised more than $1.2 billion in capital this quarter thanks in part to Reddit traders but cautioned that the stock could still sink.
2021-06-03,The automaker said its financial results in the first half of the year would be “significantly better” than it had previously forecast.
2021-06-04,The labor market is healing but in fits and starts as the central bank tries to assess progress toward its goals and chart a course on policy.
2021-06-04,The overhaul under discussion includes a minimum tax that companies would pay regardless of where their headquarters were.
2021-06-04,But hiring in May fell short of analyst expectations for the second straight month providing fodder for Republican critics of the president.
2021-06-04,The technology needed to fulfill orders is costly for stores and the workers who pick items off the shelves often feel the pressure of being tracked.
2021-06-04,The labor market recovery is uneven. Teenagers are flooding back into jobs while those older than 55 are less likely to work than before the pandemic.
2021-06-04,Technology is not just a shiny new thing that comes out of a box. Now it’s all around us all of the time.
2021-06-04,Staples isn’t giving up its quest for Office Depot.
2021-06-04,JPMorgan Chase and Citigroup said they would be more transparent with employees about whom their PACs were supporting.
2021-06-04,As Republicans blame enhanced unemployment insurance for slower-than-expected job gains the White House stresses that the benefit will expire in September as planned.
2021-06-04,The decision denies the former president a megaphone at least through the midterm elections. The suspension was put in place after the Capitol riot in January.
2021-06-05,It was the largest Bitcoin event in the world and the first major in-person crypto conference since the pandemic started. The jargon the liquor and the millionaire talk flowed.
2021-06-05,Investors are on alert for companies that take one position and make donations that support another.
2021-06-05,Users outside China said the site had failed to call up videos and images of the iconic figure from the 1989 crackdown. The company blamed an “accidental human error.”
2021-06-05,Republican-led states are cutting off relief months ahead of schedule citing openings aplenty. Some jobless workers face hardships and tough choices.
2021-06-07,The man who was almost New York’s mayor talks about the current campaign selling tweets and why he feels bad for the media.
2021-06-07,The U.S. has fallen way behind Europe partly because of an old shipping law and opposition from homeowners and fishing groups.
2021-06-07,Since Facebook and Twitter banned him Donald J. Trump the former president has posted statements online far less often. But some of his statements have traveled just as far and wide on social networks.
2021-06-07,The tech giant which is facing similar scrutiny in the U.S. also said it would make changes to increase transparency of its online ad systems.
2021-06-07,The American company sees big potential in the country’s nascent e-commerce market. Both sides view a troubled grocery store chain as the key to success.
2021-06-07,Some developers are sick of Apple being a dictator. Apple says it’s protecting us. Let’s dissect this.
2021-06-07,Jeffrey Goldberg The Atlantic’s editor in chief said the company would voluntarily recognize the new union.
2021-06-07,If you own a newer Amazon gadget like a Ring camera or an Echo speaker you'll be automatically enrolled in a new network called Sidewalk.
2021-06-07,Apple’s privacy push has put the company at odds with rivals. Despite protests from some corners of Silicon Valley Monday’s announcements show that Apple has doubled down on privacy features.
2021-06-07,A “historic” agreement by the G7 is a big step toward global tax coordination.
2021-06-08,The little-known cloud computing company had a problem that put many popular websites offline on Tuesday.
2021-06-08,Recent commercial real estate transactions in New York.
2021-06-08,The administration wants to rein in a tax deferral on gains from the sale of real estate. Opponents worry that the move would stifle investment.
2021-06-08,Employers are finding ways to get applicants in the door and to retain employees once they’re hired.
2021-06-08,Employers had 9.3 million positions available in April more than two million more than before the pandemic.
2021-06-08,Cybercriminals gained access via an old virtual private network allowing them to paralyze a critical U.S. fuel artery.
2021-06-08,YouTube seems to have shown that it’s possible to both upend an industry and help make it stronger.
2021-06-08,Lordstown Motors which bought a shuttered General Motors factory in Ohio warned that it needs to raise more money and might not survive.
2021-06-08,If Google were declared a so-called common carrier like a utility company it would prevent the company from prioritizing its own products services and websites in search results.
2021-06-08,The Times revealed last year that a 21-year-old delivery driver had posed as Trump family members on Twitter. On Tuesday he was charged with fraud.
2021-06-09,The energy giant’s stunning loss was the work of a tiny hedge fund that believes investing for social good is also good for the bottom line.
2021-06-09,Prices will rise about 4 percent to offset the higher wages the company has to pay to attract job candidates in a tight labor market.
2021-06-09,Technology is changing our lives in one of the most ordinary places in America.
2021-06-09,The settlement by Martin Winterkorn comes as he faces charges that he lied to the German parliament.
2021-06-09,First Solar will invest $680 million for the new plant and is expected to add 500 jobs.
2021-06-09,Joel Simon who will leave the organization after 15 years as executive director says autocrats have become brazen in their efforts to block good journalism.
2021-06-09,The F.B.I.’s recovery of Bitcoins paid in the Colonial Pipeline ransomware attack showed cryptocurrencies are not as hard to track as it might seem.
2021-06-09,Analysts credit the new chief executive Jim Farley with energizing the automaker which still faces challenges.
2021-06-09,The embattled project to carry oil from Canada to Nebraska had been on life support since President Biden’s first day in office and stalled by legal battles for years before that.
2021-06-09,The action invokes provisions of the new North American trade accord.
2021-06-10,The bank said it would hold interest rates at record low levels while continuing to buy bonds in its pandemic response program.
2021-06-10,It was the lowest level of filings since the onset of the pandemic.
2021-06-10,Known for the Xbox Microsoft has been diversifying away from boxy hardware in favor of reaching millions more new gamers.
2021-06-10,At locations across the country there have been complaints about shortages of key ingredients for popular drinks breakfast foods and even cups lids and straws.
2021-06-10,You streamed it. Now you can buy it at Netflix.shop a new site that will offer everything from a “Lupin” side table to a “Yasuke” clock.
2021-06-10,Tech is now for all of us and yet the tech companies keep focusing on the nerds who want fancy gadgets.
2021-06-10,The Labor Department says it will issue optional guidance to other employers. Some advocacy groups say more is needed.
2021-06-10,As Mr. Toobin spoke with the anchor Alisyn Camerota an on-screen graphic read: “JEFFREY TOOBIN APOLOGIZES FOR ‘EMBARRASSINGLY STUPID MISTAKE.’”
2021-06-10,The hacker or hackers claimed to have stolen important source code for the 2021 edition of the popular soccer game FIFA as well as data related to a gaming creation engine called Frostbite.
2021-06-10,The Ivy League school said it was dismissing allegations that students had looked up online course materials during remote exams.
2021-06-11,President Biden has proposed a big increase in the I.R.S. budget for enforcement. So the best advice in dealing with the new scrutiny? Keep better records.
2021-06-11,A shortage of workers is forcing restaurants to turn away eager customers and confront a bigger problem: how to make hospitality an industry where people want to work.
2021-06-11,An anticipated surge of tourism in Portugal is suddenly not at all certain — a symbol of the global economy’s continued struggle with pandemic uncertainty.
2021-06-11,The annual awards recognized journalism on the murder of George Floyd including a special citation for Darnella Frazier the teenager who filmed the killing. The public service prize went to The New York Times for Covid coverage.
2021-06-11,The companies say they are charging extra because they don’t have enough drivers to match rebounding customer demand.
2021-06-11,From reporting on the coronavirus pandemic to an investigation of China’s internment of Uyghurs here’s the full list of winners and finalists.
2021-06-11,One of Britain’s most-read tabloids it suffered in the pandemic because of a decline in print advertising and lost circulation.
2021-06-11,A bipartisan group of House members introduced five bills targeting Amazon Apple Facebook and Google.
2021-06-11,Companies are sending surveys offering cash rewards and requiring disclosures to find out how much of their work force is vaccinated.
2021-06-11,Apple under fire for turning over the data of two lawmakers to the Trump Justice Dept. said it did so unknowingly while Google fought a request for New York Times data because it related to a corporate client.
2021-06-12,These complex takeover vehicles serve an important purpose that’s worth protecting.
2021-06-12,The I.R.S. almost never audits private equity firms even as whistle-blowers have filed claims alleging illegal tax avoidance.
2021-06-13,Four people will be aboard the New Shepard the Blue Origin rocket named for the first American in space when it is set to launch.
2021-06-13,It’s not your imagination — prices on consumer goods have risen quickly. But is that really a cause for concern?
2021-06-14,Helping people land good jobs with career paths takes more than skills training labor experts say. Coaching mentoring and other assistance are also needed.
2021-06-14,Michael Taylor a former Green Beret and his son Peter Maxwell Taylor helped the former Nissan chief flee to Lebanon and sidestep the Japanese justice system.
2021-06-14,How a powerful industry conquered the U.S. tax system.
2021-06-14,Prime Minister Boris Johnson is expected to announce a four-week delay of the third phase of reopening which would have allowed businesses to operate without capacity restrictions.
2021-06-14,The company’s top executive resigned after the struggling automaker released an investigation by its board.
2021-06-14,Hard hit by the decline of mining a rural area in West Virginia is trying to attract teachers in a comeback effort. What’s lacking are jobs for the graduates.
2021-06-14,Year-ahead figures surged and expectations for price gains three years from now also moved higher.
2021-06-14,Approvals for thousands of Restaurant Revitalization Fund applicants were rescinded after court orders struck down a policy that favored historically underserved groups.
2021-06-14,The revelations of a leak investigation started in the Trump administration are a reminder that Big Tech companies often hand over information about their users.
2021-06-14,One of the companies said there had been a buildup of gases at the heart of a reactor. They say the plant is still safe.
2021-06-15,Recent commercial real estate transactions in New York.
2021-06-15,The fashion house spent heavily on its stores and supply chain despite a profit plunge of more than 40 percent according to its 2020 earnings report.
2021-06-15,As more of the country is vaccinated Americans are venturing out and spending more on lodging and entertainment but less on goods.
2021-06-15,The agreement coming as President Biden met European leaders ends a 17-year dispute over aircraft subsidies.
2021-06-15,Donations climbed to a record $471.4 billion bolstered by an increase in the stock market and the rollout of government stimulus spending.
2021-06-15,Ms. Khan who first attracted notice as a critic of Amazon was confirmed by the Senate as a commissioner on the agency on Tuesday.
2021-06-15,The Justice Department starting early in the Trump administration secretly sought data about journalists lawmakers and White House officials from big tech companies.
2021-06-15,The Federal Aviation Administration said the airline was experiencing “technology issues.” Southwest acknowledged that its operations were hampered but provided few details.
2021-06-15,Lordstown said last week that it needed to raise more money and might not survive. Now the company’s new executive chairwoman has said “It’s a new day at Lordstown Motors.”
2021-06-15,Ms. Scott made a new round of grants to 286 organizations. Her net worth which Forbes estimates at $60 billion keeps rising thanks to Amazon stock.
2021-06-16,The store on the ground floor of the company’s Manhattan headquarters will feature Google gadgets and branded gear such as T-shirts hats and dog toys.
2021-06-16,The two sides have traded accusations about whether political motivations are keeping the Taiwanese people from receiving immunizations amid the island’s first major Covid-19 outbreak.
2021-06-16,Fed policymakers now expect to make two interest rate increases by the end of 2023. The Fed’s main policy interest rate the federal funds rate has been set at near-zero since March 2020.
2021-06-16,Amazon relishes mastering the impossible. But it hasn’t put the same energy into managing its work force.
2021-06-16,The headaches began with problems with a weather data supplier on Monday then technical troubles on Tuesday and the issues spilled over into Wednesday.
2021-06-16,The department canceled debts for 18000 applicants who attended ITT Technical Institute. It was the first time new grounds for claims had been approved in more than four years.
2021-06-16,Condé Nast the venerable magazine’s parent company agreed to a minimum salary of $60000 by April 2023 the union said. The deal also covers workers at Ars Technica and Pitchfork.
2021-06-16,Lina Khan is the most progressive chair of the Federal Trade Commission in at least a generation.
2021-06-16,The challenge to the deal between Aon and Willis Towers Watson is a step toward making good on the 2020 Biden campaign’s trustbusting promises.
2021-06-16,The embattled lingerie giant is attempting the most extreme brand turnaround in recent memory: an effort to redefine not just itself but also the very idea of what “sexy” is.
2021-06-17,Workers at the cable network say the union will represent more than 300 workers including producers bookers and writers.
2021-06-17,The start-up gained attention by purchasing a shuttered General Motors factory in Ohio in 2019. At the time G.M. was under pressure from President Trump to find a buyer for the plant.
2021-06-17,Women said they had to find an innovative niche to succeed while men were welcome on more traditional paths according to a recent qualitative study.
2021-06-17,The husband-and-wife team atop Soho China had already been keeping a lower profile than they did during an earlier freer era of the country’s economic revival. Now they are selling their real estate business to Blackstone.
2021-06-17,The airline had canceled only about 1 percent of its scheduled flights as of midmorning and 10 percent of its flights were delayed.
2021-06-17,The agency’s actions are a sign of bipartisan opposition to China’s providers of cutting-edge technology like Huawei and ZTE.
2021-06-17,Don’t be distracted by the fearmongering.
2021-06-17,The company known for measuring television ratings said Netflix and YouTube are far ahead of their digital rivals but viewers still spend more time watching cable and network TV.
2021-06-17,Apple has long centered its sales pitch on protecting its users’ data. But I had a hunch that it couldn’t be that simple in China where the company is deeply entrenched.
2021-06-17,“New York City Mayoral Candidates Spar in Heated Final Debate” a Wall Street Journal headline announced on Thursday.
2021-06-18,Thousands of financial employees in New York City have returned to their desks.
2021-06-18,The industrial giant is in chaos after a hedge fund forced it to expose its collusion with high-level officials to thwart shareholder activism.
2021-06-18,Royal Dutch Shell though still reliant on profits from fossil fuels is investing more in renewable energy. Critics say the changes have to come quicker.
2021-06-18,Investors have been adjusting their expectations for interest rates leading to a turbulent stretch for the stock market.
2021-06-18,The term “unindicted co-conspirators” generally refers to individuals for whom there is insufficient evidence to bring charges or who have cut a deal. “Legally it wouldn’t make sense to call informants co-conspirators” said one legal expert.
2021-06-18,The persistence of bogus reviews raises big questions for Amazon.
2021-06-19,Chief executives have signed countless statements in support of social causes over the last few years. Do they make a difference?
2021-06-20,An ambitious news site The New Bedford Light has sprung up in an old New England whaling town to fill a void in coverage.
2021-06-20,The city’s prosperity is heavily dependent on patterns of work and travel that may be irreversibly altered.
2021-06-20,Millions of workers have voluntarily left their jobs recently one of the most striking elements of the newly blazing-hot job market.
2021-06-20,With new opportunities and a different perspective as the pandemic eases workers are choosing to leave their jobs in record numbers.
2021-06-21,Despite record profits a number of them are worried that the company is suffering from both its size and leadership from its C.E.O. Sundar Pichai.
2021-06-21,The group claims there were ample supplies of meat in cold storage even as Smithfield warned that the country was in danger of running out of meat.
2021-06-21,Americans spent 4 percent less on flights in May than in April and 20 percent less than May 2019.
2021-06-21,The Shenzhen port’s capacity to handle containers plummeted early this month and state-controlled media said on Monday that full recovery might require the rest of June.
2021-06-21,Online charity drives help some in need but don’t expect them to fill the gaps in the social safety net.
2021-06-21,After an executive shake-up and conflicting statements about its prospects the start-up demonstrated prototypes of its pickup.
2021-06-21,Nearly 10000 flights were delayed on Sunday the busiest day for U.S. airports since the pandemic arrived.
2021-06-21,If you’re the parent of children under 17 you may start receiving monthly cash payments.
2021-06-21,The New York Fed president panned Wall Street’s efforts to put an equation on the Fed’s average inflation approach.
2021-06-21,Few details were released but the agreement will not take the place of Amblin’s current pact with Universal Pictures.
2021-06-22,More than 90 countries are using Covid shots from China. Experts say recent infections in those places should serve as a cautionary tale in the global effort to fight the disease.
2021-06-22,Executives lobbyists and more than a dozen groups paid by Big Tech have tried to head off bipartisan support for six bills meant to undo the dominance of Amazon Apple Facebook and Google.
2021-06-22,Delegates will vote on a resolution pledging “all resources necessary” for efforts to unionize the retail giant.
2021-06-22,Jerome H. Powell speaking before House lawmakers played down chances of economic overheating and emphasized the importance of full employment.
2021-06-22,A spike in demand has exacerbated a shortage in available homes that was already problem before the pandemic. Economists don’t expect the dynamics to shift anytime soon.
2021-06-22,Only some of us are riding Peloton bikes and ordering food via app. But this can still disrupt everything.
2021-06-22,The cryptocurrency has erased nearly all of its gains for the year a drop that came after China intensified it scrutiny of digital currencies.
2021-06-22,Despite the financial pain wreaked by the pandemic the industry grew in 2020 as businesses moved tastings and other activities outdoors.
2021-06-22,Recent commercial real estate transactions in New York.
2021-06-22,The drop in lumber prices as production ramps up and orders fall gives credence to the argument that the rise in inflation is a result of mismatches in supply and demand.
2021-06-23,With the pandemic starting to ease in the United States many had expected a year of wild investments to slow. It hasn’t. Yet.
2021-06-23,With people splitting work hours between office and home it can be a challenge to figure out what tools to use in which situation.
2021-06-23,Demand for beef is spiking as people dine out and grill but the profits aren’t being evenly distributed. Ranchers blame the big meatpacking companies.
2021-06-23,Many of the promises of the E.U. referendum have yet to be fulfilled.
2021-06-23,A letter from Ms. Hannah-Jones’s lawyers said an unnamed “powerful donor” had contributed to the University of North Carolina board of trustees’ failure to grant her tenure.
2021-06-23,Mr. Buffett a longtime friend of Bill Gates stepped down as a trustee of the organization just weeks after its founders announced their divorce.
2021-06-23,Robert Jordan a 33-year veteran at Southwest will take over for Gary Kelly the longtime chief early next year.
2021-06-23,Facebook keeps dabbling in new things. Is it now an overstuffed mess or a genius idea factory?
2021-06-23,Mr. McAfee who has not been associated with the company that bears his name for more than two decades was fighting extradition to the United States after his arrest in Spain.
2021-06-23,A committee took its first vote in the early afternoon advancing a bill that would increase the money companies pay government agencies when getting some mergers approved.
2021-06-24,While reputable options exist the robocalls are almost certainly scams an industry group warns. And for consumers who feel they have been ripped off there is no guarantee anyone will help.
2021-06-24,Cars with manual transmissions even late models are holding their value as the collector market hunts for rarity.
2021-06-24,The Berkshire Hathaway chief who has given away billions asks whether donations should keep their special status.
2021-06-24,The digital media company which will merge with a publicly listed shell company in what is known as a SPAC deal also lined up about $150 million in debt financing.
2021-06-24,Andy Haldane who is stepping down as the central bank’s chief economist after a three-decade career has been concerned about rising prices.
2021-06-24,“If you want to come and try to cancel me that’s OK” says the artist who made a fortune by taking stock for his murals at Facebook’s headquarters.
2021-06-24,House lawmakers have gotten serious. A package of bills poses existential threats to the tech giants.
2021-06-24,The tech giant intends to start gradually blocking trackers or cookies from Chrome in mid-2023 and eliminate them altogether later that year.
2021-06-24,With the pandemic easing the Federal Reserve issued a clean bill of health to the country’s biggest banks after lifting restrictions on dividends and share buybacks.
2021-06-24,New research by two leading scientists says some dire warnings of environmental damage from technology are overstated.
2021-06-25,While Japan’s corporations have long resisted the entreaties of activist shareholders Toshiba had come under intense pressure after a series of scandals.
2021-06-25,Rory Gamble was named president in 2019 when his predecessor Gary Jones was ousted amid a federal investigation.
2021-06-25,Pay scales vary by function and by union agreements but the raise will boost wages by an average of $1.30 per hour. For some workers at the lower end of their pay scales that could equate to a boost of 3 to 10 percent the airline said.
2021-06-25,A key index picked up 3.9 percent over last year a pace not seen in more than a decade though the monthly price gain was lower than expected.
2021-06-25,A deal could value the company at $1 billion or more and allow Sara Blakely the brand’s founder to keep some of her ownership in the company.
2021-06-25,A slim majority of respondents said it was time for supplementary payments to end backing a position taken by many Republicans.
2021-06-25,Successfully clearing their latest Fed stress tests will free them to resume huge stock buybacks.
2021-06-25,New and improved attractions dedicated to the Communist Party’s history or a sanitized version of it are drawing crowds.
2021-06-26,Katie Haun a co-chair of Andreessen Horowitz’s new $2.2 billion crypto fund is betting that the blockchain will be as big as the internet.
2021-06-27,Blueacorn and Womply processed one-third of all Paycheck Protection Program loans this year stepping in when big lenders wouldn’t.
2021-06-27,Missouri scrapped federal pay to the unemployed saying it kept people out of the labor market. But so far workers still seem to be choosy.
2021-06-28,The ICP crypto token was worth billions. Until it wasn’t.
2021-06-28,Morgan Stanley and Wells Fargo said they would double their dividends. Other major banks offered more modest increases.
2021-06-28,The new rule comes as around 3 percent of residential mortgage borrowers are now at least four months in arrears — the point at which most foreclosure processes are allowed to begin.
2021-06-28,The union chose its secretary-treasurer Ray Curry for the top job until an election next June.
2021-06-28,Forced to pay more for wood home builders want the Biden administration to settle a long-running dispute over Canadian imports. It won’t be easy.
2021-06-28,The decisions were a major blow to attempts to rein in Big Tech. The judge said one of the complaints from the Federal Trade Commission lacked facts and gave the agency 30 days to refile it.
2021-06-28,The Federal Aviation Administration says the 777X may need more test flights and will get closer scrutiny adding to the manufacturer’s recent troubles.
2021-06-28,Comparing central bank digital currencies to fads the Fed’s vice chair for supervision said the case for a digital dollar must clear a “high bar.”
2021-06-28,“Like myself Newsmax is concerned with the direction that Big Tech and Big Corporate Media have taken journalism and our nation” Mr. Bolling said in a statement.
2021-06-28,Bringing the rest of the world online requires a million different tactics and Facebook is on it.
2021-06-29,A reorganization by Major League Baseball has left 40 municipalities seeking long-term solutions for their abandoned stadiums.
2021-06-29,Federal safety regulators told automakers to provide more information about accidents involving cars and trucks with automation technology.
2021-06-29,How Apple’s business tactics partly driven by fear affect the rest of us.
2021-06-29,A resolution of the dispute between the award-winning journalist and the University of North Carolina’s trustees could come during a closed session Wednesday.
2021-06-29,Britain which requires travelers to quarantine will allow executives to visit so long as their work supports at least 500 British jobs.
2021-06-29,The new director Gurbir Grewal has overseen a number of high-profile securities fraud cases including a 2015 case involving the hacking of thousands of company news releases so a gang of criminals could engage in insider trading.
2021-06-29,The recent growth of start-ups like Substack and Revue has renewed interest in newsletters.
2021-06-29,The 24-hour cable channel reached the settlement after a formal review of sexual harassment complaints by the New York City Commission on Human Rights.
2021-06-29,Recent commercial real estate transactions in New York.
2021-06-29,After a federal judge threw out state and federal competition cases against Facebook calls grew for lawmakers to quickly change century-old monopoly laws.
2021-06-30,Amazon said that if Ms. Khan played a role in antitrust investigations of Amazon it would violate federal ethics rules and the firm’s right to due process.
2021-06-30,The fine was the largest ever imposed by the Financial Industry Regulatory Authority which is known as FINRA.
2021-06-30,The foundation noted that women had been disproportionately hurt by the pandemic.
2021-06-30,The effort targeting activists in Israel was the latest indication that governments are trying new harder-to-detect methods to sow discontent online.
2021-06-30,At the start of the pandemic some feared the internet wouldn’t be able to keep up. Luckily they were wrong.
2021-06-30,The source code to an early implementation of the web created by Tim Berners-Lee was sold as an NFT by Sotheby’s. Bidders had a week to name their highest price for the source code in an auction called “This Changed Everything.”
2021-06-30,The company headed into the pandemic bloated with debt but has benefited from surging prices both for rental cars and used vehicles.
2021-06-30,The retailer will close its locations in Britain and Ireland and is trying to sell its shops in France and Italy as demand for online shopping keeps surging.
2021-06-30,The company is going public as investors continue to embrace share sales by tech companies. But Didi could face additional scrutiny because of its Chinese origins.
2021-06-30,During a special meeting the University of North Carolina’s board of trustees voted 9 to 4 in favor of a tenured professorship for the leader of The Times’s 1619 Project.
2021-07-01,More than 100000 business owners got help from the relief effort but 265000 were turned away — some after awards were rescinded.
2021-07-01,Stimulus spending will help fuel economic growth and erase pandemic job losses according to a new report from the Congressional Budget Office.
2021-07-01,The stock-trading app unveiled its initial public offering prospectus on Thursday pulling back the curtain on its financial performance for the first time.
2021-07-01,U.S. airlines have been enjoying a summer rebound. But the industry in Europe is struggling.
2021-07-01,Production of the company’s parkas was once fully unionized but labor organizers say the owners have taken a harder line in recent years.
2021-07-01,Microsoft made epic mistakes for years but it’s again one of the tech world’s superstars.
2021-07-01,A 15 percent minimum tax rate would generate $150 billion in additional tax revenue each year the Organization for Economic Cooperation and Development said.
2021-07-01,Facebook Microsoft and Amazon are ramping up offerings on a platform that lets people enjoy high-quality games on any device.
2021-07-01,After a sometimes stormy four-year run the show’s conservative voice announces her departure.
2021-07-01,Nineteen initial public offerings hit the stock market last week making it the busiest since 2004.
2021-07-02,The action announced in a terse statement comes amid a broader crackdown by Beijing against technology giants.
2021-07-02,The founder of the e-commerce giant steps down as C.E.O. in two days. Then what?
2021-07-02,Oil officials failed for a second day on Friday to resolve a dispute over quotas that prevented OPEC Russia and their allies from reaching an agreement on raising production.
2021-07-02,Tesla said sales doubled in the second quarter but Ford reported a more modest increase as the industry grapples with a semiconductor shortage.
2021-07-02,As in-person dining returns home delivery is holding up. For restaurants services like DoorDash and Uber Eats could become a permanent part of their business.
2021-07-02,A favorite lunchtime destination of many urban office workers weathered the pandemic thanks to its digital savvy. It’s confident more people will be returning to their offices soon.
2021-07-02,How restaurants and delivery apps like Uber Eats and DoorDash are thinking about post-pandemic home delivery.
2021-07-02,It was not clear what issues the prosecutors with the U.S. attorney’s office in Manhattan are looking into.
2021-07-02,Overall 850000 people in the U.S. were hired in June but the unemployment rate ticked higher. Here’s how to understand these seemingly opposing numbers.
2021-07-02,Payrolls surged and wages climbed both positives for President Biden and the Federal Reserve. But stagnant labor market participation highlights a key risk.
2021-07-03,The need for social distancing led restaurants and grocery stores to seek technological help. That may improve productivity but could also cost jobs.
2021-07-03,Could a cyberattack disrupt the financial system?
2021-07-03,In Sweden a grocery chain temporarily closed its doors after the attack. Some companies have been asked for $5 million in ransom.
2021-07-04,A $150 million chip-making tool from a Dutch company has become a lever in the U.S.-Chinese struggle. It also shows how entrenched the global supply chain is.
2021-07-04,The move comes two days after the government said it was investigating cybersecurity issues at the ride-hailing giant which made its Wall Street debut this past week.
2021-07-05,Despite sticker prices in the millions the storied brand chronically lost money. The Croatian firm Rimac will take a controlling interest.
2021-07-05,A California family that lost a 15-year-old boy when a Tesla hit its pickup truck is suing the company claiming its Autopilot system was partly responsible.
2021-07-05,Monday’s meeting never got started after attempts to mediate the dispute failed to make progress.
2021-07-05,A trade group representing Google Facebook Amazon Apple and others said changes to a Hong Kong privacy law could stop firms from providing services in the city.
2021-07-05,After targeting the ride-hailing platform days after its I.P.O. regulators on Monday moved against more companies that had recently been listed on Wall Street.
2021-07-05,The tennis superstar is guest-editing Racquet magazine and has written a cover essay for Time. What’s left for traditional sports journalism?
2021-07-06,Recent commercial real estate transactions in New York.
2021-07-06,The ability to work online shouldn’t be a nice-to-have for a select few but an option for all.
2021-07-06,Despite high barriers to entry tribal leaders are finding more investment opportunities to expand beyond casino revenue and to help their communities.
2021-07-06,The decision puts an end to years of legal wrangling over the contract for 10 years of cloud-computing services.
2021-07-06,High demand and a lack of a deal among oil producers to raise production are contributing to the increase. AAA expects prices to rise as much as 20 cents a gallon by the end of next month.
2021-07-06,The United Arab Emirates wants to pump more oil annoying its giant rival Saudi Arabia.
2021-07-06,“It totally sucks” said the chief executive of the software company Kaseya which was compromised Friday along with some of its customers.
2021-07-06,The fallout from Beijing’s crackdown on the ride-hailing app Didi has ensnared even those who made it a point to not mix business with politics.
2021-07-06,Experts say a period of costlier fuel is likely to be brief. But if consumers start to assume otherwise it could mean problems for Biden and the Fed.
2021-07-06,The breach of a Republican National Committee contractor also linked to Russia and the global ransomware attack occurred weeks after a U.S.-Russian summit.
2021-07-07,Nineteen countries in the eurozone are expected to grow 4.8 percent in 2021 half a percentage point more than previously forecast.
2021-07-07,Top officials from business government and more have returned to Allen & Company’s annual gathering of power brokers.
2021-07-07,The filmmaker’s commercial for a crypto company is one of many recent marketing efforts to make digital cash palatable for newbies.
2021-07-07,A mobile-inspired overhaul makes Microsoft’s newest operating system feel equally modern and unoriginal.
2021-07-07,The U.S. economy is expected to grow 7 percent this year the fastest pace since 1984 a speedy recovery that could raise the inflation rate leading to other problems.
2021-07-07,Following their divorce they will continue to work together for now at the foundation which they gave an additional $15 billion in resources and will add new independent trustees.
2021-07-07,An inherent flaw in government purchasing of technology: Budget cycles take forever tech changes fast.
2021-07-07,After Beijing removed it from app stores over data concerns the newly listed ride-hailing platform could face further scrutiny in China — and in the United States.
2021-07-07,The Federal Reserve’s policymakers debated the risks of overheating and the path ahead for policy at the central bank’s last meeting.
2021-07-07,Software developers have accused the company of harsh policies and taking a large cut of financial transactions in their apps.
2021-07-08,The central bank said it would tolerate inflation above the official target of 2 percent if the jump seemed temporary.
2021-07-08,It and others are pushing back on a global agreement to make companies pay more in taxes.
2021-07-08,The drop indicated a sudden shift in sentiment in the stock market; investors in the bond market have been signaling their concerns about the economy for days.
2021-07-08,Daimler which blew the whistle on the scandal avoided a big fine from European antitrust officials.
2021-07-08,Tencent Games says it has been using facial recognition to enforce China’s rules on how much time people under 18 can spend playing video games.
2021-07-08,Prices climbed for years before the runaway inflation of the 1970s. Economists see parallels today but the differences are just as important.
2021-07-08,Despite our hopes the internet hasn’t erased the pressures and struggles of the old ways.
2021-07-08,The oft-maligned loan servicer’s decision will increase pressure to extend the pause on student loan payments perhaps into next year.
2021-07-08,Fidji Simo the new chief worked on Facebook’s advertising business and helped develop parts of the company’s mobile advertising.
2021-07-08,An anti-Trump group had criticized the automaker for giving to politicians who resisted the certification of the results or trivialized the Capitol attack.
2021-07-09,The 0.8 percent growth in May was nearly half the rate expected by economists who warned that continued expansion would become harder.
2021-07-09,The Chinese internet conglomerate Tencent said this week that it would deploy facial recognition technology in its video games in an attempt to close a loophole in restrictions aimed at limiting screen time.
2021-07-09,As the country’s economic growth slows the central bank said lenders could reduce how much money they kept on reserve an effort to increase lending.
2021-07-09,Brokers say neither mogul appears to have bought coverage in case of an accident but some insurers are interested in developing policies for space tourism.
2021-07-09,As Richard Branson and Jeff Bezos set off into space without liability insurance providers are planning ahead for future demand.
2021-07-09,A reserve fund would help developing nations buy vaccines and bolster their health care systems. But where will the money come from?
2021-07-09,We want our online orders and we want them now. But we don’t seem ready for Big Tech moving in too.
2021-07-09,The latest announcement was nearly identical to one the same agency issued on Sunday ordering Didi’s main consumer-facing app off mobile stores.
2021-07-09,The previous editorial director of G/O Media resigned in 2019 after a memo caused a staff revolt.
2021-07-09,The department approved 1800 claims from students who attended Westwood College Marinello Schools of Beauty and the Court Reporting Institute.
2021-07-10,The proposed rules would close a gap that let the ride-hailing company Didi go public on Wall Street before assuring Beijing that its data was safe.
2021-07-10,President Biden’s $109 billion plan for free community college would be similar to existing programs in states such as Tennessee.
2021-07-10,Experts love the zipper merge but drivers are just as likely to see it as others rudely cutting their turn in line.
2021-07-11,Months after Rupert Murdoch got a Covid-19 vaccine dose one of his network’s stars Tucker Carlson called a Biden vaccination proposal “the greatest scandal in my lifetime.”
2021-07-11,A look at some of the ventures that have sprung up fueled by a new sense of mission in American journalism and by the sheer quantities of money available.
2021-07-11,The president and energy companies want new transmission lines to carry electricity from solar and wind farms. Some environmentalists and homeowners are pushing for smaller more local systems.
2021-07-12,The social network is aiming to be a destination for creators and their viral memes. But TikTok and YouTube got there first.
2021-07-12,Many who have left the city say they feel less like refugees than trailblazers eager to build a new home after watching their old one slowly transform under Beijing.
2021-07-12,The country’s biggest banks will report their quarterly earnings this week reaping the benefits of an economy that’s returning to normal.
2021-07-12,Nordstrom hopes a partnership with the online fashion behemoth can attract younger shopper back to its stores and its website.
2021-07-12,The online influencer culture is starting to draw serious interest from big venture capital firms. But the real money could be in digital tools not the personalities.
2021-07-12,Karen Petrou invented a new funding model for curing blindness. Proposed legislation aims to apply it to medical research more generally.
2021-07-12,Corporate leaders expect rosy company earnings starting this week.
2021-07-12,Inflation expectations jumped in a survey by the Federal Reserve Bank of New York as central bankers watch for signs that price gains will last.
2021-07-12,The long-delayed Marvel-Disney movie generated $80 million at the domestic box office and another $60 million on the Disney+ streaming platform.
2021-07-12,Construction sheds are a necessary evil meant to protect workers and passers-by. But recent efforts have reimagined them as experiential installations.
2021-07-13,Didi Chuxing is just the tip of the iceberg.
2021-07-13,French officials said Google had ignored a 2020 order from regulators to negotiate a licensing deal with publishers to use short blurbs from articles in search results.
2021-07-13,Both Wall Street banks the first to report earnings this quarter beat analysts’ expectations.
2021-07-13,The food and beverage giant said its net revenue surged 20.5 percent to $19.2 billion from a year earlier.
2021-07-13,Recent commercial real estate transactions in New York.
2021-07-13,For almost two decades Zenia B. Mucha has been responsible for protecting the vaunted Disney brand and has held influence far beyond her official duties.
2021-07-13,The court challenge was one of several in states that have sought to discontinue federal payments that are funded until September.
2021-07-13,The filing represents the latest twist in a monthslong fight over the resumption of cruises from Florida where the governor has fought vaccine requirements.
2021-07-13,A civil settlement involving Momentus and Stable Road Acquisition was one of the first major moves by the agency since the start of the SPAC boom.
2021-07-13,Regulators said TIAA employees encouraged investors to move money out of retirement plans with their employers where fees were lower to different plans that helped the company make more money.
2021-07-14,Banks continued to release funds they had set aside last year in preparation for hefty loan losses that never materialized.
2021-07-14,Price gains are up “notably” Jerome Powell told House lawmakers. That’s because of several temporary factors.
2021-07-14,The far-reaching plan to reduce the trade bloc’s carbon footprint includes tougher mandates for automakers steel makers airlines energy producers and other industries.
2021-07-14,The pace was the fastest since August 2018 and the British pound and government bond yields rose in response.
2021-07-14,The finishing touches were being put on a critical series examining Remnant Fellowship Church. Then the church’s founder was killed in an accident.
2021-07-14,Delta’s quarterly profit which was buoyed by $1.5 billion in federal stimulus money was still down 55 percent from the same quarter in 2019.
2021-07-14,Influencers will be able to earn money by using specific Facebook and Instagram features or by hitting certain milestones.
2021-07-14,Twitter arrived late to the trend of posts that disappear after 24 hours rolling out Fleets in March 2020.
2021-07-14,Proposals for the embattled Hollywood Foreign Press Association include adding 50 members to its voting ranks to bring in more diversity and creating a for-profit spinoff company.
2021-07-14,New legislation could simplify tech maintenance and make buying a new smartphone or computer the last resort.
2021-07-15,Critics said the pandemic would make the industry flee San Francisco and its southern neighbor Silicon Valley. But tech can’t seem to quit its gravitational center.
2021-07-15,Soho House will begin trading. All eyes are on whether stock market investors will sign up.
2021-07-15,This document was published in error.
2021-07-15,The Reserve Bank of India said financial services company had not complied with a 2018 order to store data on local transactions only in the country.
2021-07-15,The Swiss attorney general’s office has opened an investigation into possible financial crimes by Riad Salameh the chief of Lebanon’s central bank and his brother Raja.
2021-07-15,Noah Shachtman an experienced online journalist with a newsy sensibility will lead the pop music bible founded in 1967.
2021-07-15,The court upheld a decision that companies can ban head scarves or other religious symbols in the workplace in the interest of “a neutral image.”
2021-07-15,A shortage of computer chips is keeping automakers from producing enough cars to meet rising demand. Used cars are scarce too.
2021-07-15,After facing a torrent of racist abuse online Bukayo Saka said he didn’t want anyone to deal with such “hateful and hurtful messages.”
2021-07-15,Airlines have not reported any failures that led to a dangerous drop in oxygen levels during flight.
2021-07-16,Hoping to form stronger bonds with their fans companies like Hasbro and Mattel are making once-in-a-lifetime toys through crowdfunding and other online strategies.
2021-07-16,Sales of cars and car parts tumbled 2 percent thanks to a chip shortage that hampered supplies but spending on clothing and at bars and restaurants rose.
2021-07-16,Officials at the Federal Reserve and elsewhere debate the merits or lack thereof of digital assets.
2021-07-16,Virus cases are surging governments are returning to economic restrictions and the postpandemic recovery now seems further away.
2021-07-16,The program may help China eventually curb greenhouse gas pollution. But making emissions markets work is tricky.
2021-07-17,Most agree the recent spike in prices is linked to the economic recovery. When it will fade and by how much are less clear.
2021-07-17,People can’t get their money from banks the currency has crashed and Riad Salameh’s reign at the central bank is facing allegations of fraud.
2021-07-18,The social network and the Biden administration have engaged in an increasingly rancorous war of words over the issue of vaccine misinformation.
2021-07-18,The pact clears the way for the group to pump more oil as global economies revive from pandemic lockdowns.
2021-07-19,The company doesn’t know some specifics about how falsehoods about Covid-19 and vaccines for the virus spread on its social network.
2021-07-19,Asset-backed digital currencies have outstripped oversight but the Treasury Department the Federal Reserve and other regulators hope to change that.
2021-07-19,Over the past decade China reorganized its hacking operations turning into a sophisticated and mature adversary.
2021-07-19,An economic group concluded that the downturn was limited to March and April 2020 though the pandemic’s impact continues to play out.
2021-07-19,Companies are starting to make big bets on how we’ll all behave after the pandemic ends.
2021-07-19,The move comes in response to strong opposition to the Games among the Japanese public with many worrying that the influx of visitors could turn it into a superspreader event.
2021-07-19,The British government lifted nearly all of its pandemic restrictions but many large companies are approaching the reopening cautiously.
2021-07-19,The S&P 500 fell as much as 2 percent a reflection of concerns about economic growth and new restrictions on travel and tourism.
2021-07-19,Regulatory pressure forced his special purpose acquisition company to abandon a proposed investment in Universal Music Group.
2021-07-19,The popular stock-trading app said it planned to sell shares at $38 to $42 each.
2021-07-20,The S&P 500 rose 1.5 percent on Tuesday. On Monday it had fallen 1.6 percent in its sharpest decline since mid-May.
2021-07-20,Investors worry about the long path back to normality.
2021-07-20,Recent commercial real estate transactions in New York.
2021-07-20,When Big Blue left upstate New York economic pain ensued. But the large complexes left behind are ideally suited for large-scale production and shipping local officials say.
2021-07-20,A deal with the industry’s major unions will also relax pandemic protocols including decreasing the rate of regular coronavirus testing.
2021-07-20,New data shows Netflix long the king of streaming is losing attention as subscribers shift to competitors like Disney+ and Amazon Prime Video.
2021-07-20,Employees are now expected to come back to the workplace as early as October a month later than planned.
2021-07-20,Jonathan Kanter a longtime antitrust lawyer has built his career largely around working for smaller rivals of Google Facebook Amazon and Apple.
2021-07-20,Amid mixed messages on the channel the hosts Sean Hannity and Steve Doocy encourage viewers to get Covid-19 shots as the Delta variant spreads.
2021-07-20,The sharp rebound in hiring especially in service industries is widening opportunities and prompting employers to compete on pay.
2021-07-21,The facial-recognition start-up closed a Series B financing round. It faces multiple lawsuits challenging its business model.
2021-07-21,Mr. Bezos says space tourism is a first step toward moving people (and heavy industry) into space to avert an energy crisis on Earth.
2021-07-21,The suspect Joseph O’Connor was found in Spain and faces U.S. charges of hacking extortion and cyberstalking.
2021-07-21,A Catholic official’s resignation shows the real-world consequences of practices by America’s data-harvesting industries.
2021-07-21,With the suborbital flights made by Jeff Bezos and Richard Branson this month the privatization of the space industry has crossed the point of no return.
2021-07-21,Companies have spent more than $1 billion on ads timed to the Tokyo Games which will take place in empty arenas as the pandemic lingers.
2021-07-21,Gas prices are far above where they were early in the pandemic and AAA expects high gas prices to be “the norm throughout the summer.”
2021-07-21,A symbol long used by union members to draw attention to suspect labor practices survives a legal challenge.
2021-07-21,The California utility said the work would involve about 10000 miles of its network a project potentially costing tens of billions of dollars.
2021-07-21,The companies plan to begin offering the service this year expanding later to Austin Texas. A human will still be behind the wheel.
2021-07-22,The automaker said it would invest 40 billion euros or $47 billion on electric cars vans and light commercial vehicles by 2030.
2021-07-22,HBO and its streaming service HBO Max have attracted 67.5 million customers and the company expects to reach 73 million by year end.
2021-07-22,Among the defendants is Martin Baron who retired as The Post’s executive editor in February.
2021-07-22,U.S. carriers are reaping the rewards as a surge in domestic air travel has exceeded forecasts.
2021-07-22,The White House-Facebook coronavirus battle distracts us from the real problem: We don’t agree on anything.
2021-07-22,Each year the government asks thousands of people to track how they spend their days. Normally the changes are minuscule. Not this time.
2021-07-22,American Express Amazon and Delta Air Lines were among the affected companies.
2021-07-22,Now they will be pursued in federal court a significant retreat from a strategy that often helps companies avoid liability.
2021-07-22,The drug from Biogen called Aduhelm is expected to generate billions in sales. It could also strain Medicare’s budget within a few years.
2021-07-22,It’s giving retail investors much more of its I.P.O. than is the norm.
2021-07-23,The founders of the cryptocurrency exchanges FTX and Binance talked with The Times about risk and regulation.
2021-07-23,The big money in cryptocurrency is offshore.
2021-07-23,The company has hired a law firm to look into allegations at Amazon Web Services.
2021-07-23,We’re seeing a ton of new games and many of them blur the lines between video games and other types of activities.
2021-07-23,The automaker has told owners of the 51000 vehicles from the 2017 to 2019 model years to take precautions until defects are remedied.
2021-07-23,The F.T.C. said in its request that it had reached an agreement with Facebook over the proposed extension.
2021-07-23,A wave of the contagious Delta variant is causing companies to reconsider when they will require employees to return and what health requirements should be in place when they do.
2021-07-24,Researchers and regulators say Joseph Mercola an osteopathic physician creates and profits from misleading claims about Covid-19 vaccines.
2021-07-24,Even in normal times the Games don’t pay off argues the economist Andrew Zimbalist.
2021-07-26,Beijing’s latest regulatory move in the tech sector requires online tutoring firms to become nonprofit institutions.
2021-07-26,New outbreaks have companies weighing their options.
2021-07-26,Investors have poured $12.2 billion into cybersecurity companies so far this year nearly $2 billion more than the total for all of 2020.
2021-07-26,The department’s case against the proposed merger of Aon and Willis Towers Watson was the first big trustbusting move by the Biden administration.
2021-07-26,The deal would provide badly needed cash to a company that said this summer that it could go out of business without raising more money.
2021-07-26,A generation gap has emerged between them and colleagues who value the workplace over the advantages of remote work. Bridging it may require flexibility.
2021-07-26,Absolute rules about children and technology don’t help says a child development expert.
2021-07-26,The deal expected to be announced this week is for more than $400 million and is a direct response to the streaming giants that are upending the film industry’s economics.
2021-07-26,Policymakers now more attuned to the costs of choking off growth early are sticking by a patient approach as prices rise.
2021-07-26,The electric car company made $1 billion in the second quarter as its revenue roughly doubled from the same period a year earlier.
2021-07-27,Alphabet Apple and Microsoft will provide an update on their financial performance later in the day.
2021-07-27,Ms. Story had been entangled in a power struggle between the paper’s editor and its newly appointed publisher.
2021-07-27,Tech companies throw around nondisclosure agreements like confetti but they can hurt the rest of us.
2021-07-27,Advertisers which used people’s interests and activity to target their ads will now only be able to use age gender and location to show ads to users under 18.
2021-07-27,The National Council of Negro Women accused the company of “deceptive marketing to Black women” despite internal concerns that the product might be harmful.
2021-07-27,The newspaper’s publisher said that the company had decided to require proof of vaccination after hearing concerns from employees about the emergence of variants.
2021-07-27,A federal eviction moratorium is set to expire this month. Housing advocates estimate that roughly 11 million adult renters are vulnerable to being evicted.
2021-07-27,The pandemic has been a windfall for Apple and its peers as people buy even more gadgets to work study and socialize.
2021-07-27,Profits rose 47 percent to $16.5 billion surpassing expectations.
2021-07-27,Alphabet initially was seen as vulnerable to the pandemic but has come out of it stronger.
2021-07-28,Companies that have already opened their doors must decide whether to retrench on masking policies. Others are weighing vaccine mandates.
2021-07-28,Sun Dawu described enduring “misery beyond words” during monthslong police interrogations that forced what he said was a false confession.
2021-07-28,A federal judge eviscerated arguments by more than 40 state attorneys general that Facebook had a monopoly.
2021-07-28,The tech giant joins other companies that have readjusted their plans as the more contagious Delta variant of the coronavirus sweeps through the country.
2021-07-28,The stock trading app goes public this week. Here’s why the company has gotten so much attention.
2021-07-28,The central bank gave the clearest hint yet that it will soon begin to shift bond-buying from emergency mode.
2021-07-28,Advertising revenue which continues to be the bulk of Facebook’s income rose 56 percent to $28.6 billion easily surpassing Wall Street expectations.
2021-07-28,After a failed reboot attempt two years ago the site that helped set the tone for digital journalism is back.
2021-07-28,Apple had lifted mask requirements in its American stores earlier this year but the Delta variant prompted it to reverse course.
2021-07-28,Ford has had to halt or slow production of highly profitable models like the F-150 pickup truck and various sport-utility vehicles.
2021-07-29,Federal prosecutors charged Trevor Milton with misleading investors about the technology for battery- and hydrogen-powered vehicles Nikola had hoped to make.
2021-07-29,A 2.8 percent rise in spending on services helped offset declines in other areas of the economy.
2021-07-29,Applications seemingly from Black candidates got fewer replies than those evidently from white candidates. The method could point to specific companies.
2021-07-29,Comcast’s new streaming service has 20 million active accounts every month. Despite low ratings for the games the company expects to make a profit on the Olympics.
2021-07-29,The gap keeps widening between the super rich tech superstars and the merely super. There’s one possible explanation.
2021-07-29,More than 1500 employees for the video game giant which is facing an explosive state lawsuit have called for executives to take sexual harassment seriously.
2021-07-29,The stock opened at $38 the same as its I.P.O. price. The price’s drop was a sign of investor hesitancy over a company that has attracted regulatory scrutiny.
2021-07-29,Since Alden Global Capital bought the Tribune Publishing newspaper chain newsrooms have shrunk and a Maryland weekly has shut down.
2021-07-29,Even as businesses have reopened many people continue to do their shopping online and much of that business continues to go Amazon’s way.
2021-07-29,The star said making the film available on Disney+ at the same time it opened in theaters “dramatically” lowered box office revenue which could cost her tens of millions of dollars.
2021-07-30,Smaller brands are working with athletes in different ways like giving them equity or roles in developing products and are paying more attention to their personal stories.
2021-07-30,The discovery of multiple nooses has set off heated debates about the responsibility of companies and the ability of workers to speak their mind.
2021-07-30,The eurozone economy grew 2 percent last quarter as lockdowns eased and business activity stirred.
2021-07-30,Charges against the founder of Nikola cast a shadow over the blank-check boom.
2021-07-30,Many families and experts say Beijing’s education overhaul will help the rich and make the system even more competitive for those who can barely afford it.
2021-07-30,Walmart’s mandate applies to office workers and traveling managers but not to store and warehouse employees. Disney said it had begun conversations with unions to expand its requirement.
2021-07-30,America’s tech companies have been leading the way for how large employers should aid in the country’s pandemic response.
2021-07-30,The owner of Victoria’s Secret will release current and former employees from certain nondisclosure agreements as part of a settlement of a shareholder lawsuit.
2021-07-30,The Federal Reserve’s inflation gauge popped in June from a year earlier. Economists think it will begin to moderate.
2021-07-31,Before business travel fully takes off again some companies are taking steps to rein it in.
2021-08-01,The videoconferencing company said it would pay $85 million to settle the suit which claimed that it violated users’ privacy in part by allowing hackers to interrupt online meetings.
2021-08-01,The deal for $29 billion would introduce Afterpay’s “buy now pay later” service to U.S. consumers and the small businesses that process their credit card transactions on Square.
2021-08-01,Facebook and other social media have been under scrutiny for vaccine misinformation but local outlets have also sometimes been active.
2021-08-01,The White House has teamed up with TikTok stars while some states are paying “local micro influencers” for pro-vaccine campaigns.
2021-08-01,“He’s our future” one CBS Studios executive said of Alex Kurtzman who has a lucrative contract to expand the “Star Trek” universe — and with it the streaming service’s audience.
2021-08-02,Equinox and Walmart are requiring some employees to be vaccinated. Home Depot and Lowes are reinstating mask requirements for workers.
2021-08-02,Even with a visa cap increased the pandemic’s disruption has left a dearth of landscapers crabbers and restaurant help.
2021-08-02,As workers return to the financial district longstanding dress codes have been relaxed. Right now almost anything goes. Even jeans.
2021-08-02,Partial mandates at Walmart and others may widen a class divide.
2021-08-02,Corporate requirements for vaccinations have so far tended to cover the white-collar workers not the lower-income workers on the front lines who are less likely to be vaccinated.
2021-08-02,Details of how the couple split their assets were not made public. The couple was married for 27 years.
2021-08-02,The Treasury Department expanded its guidance to allow states to use the $10 billion Homeowner Assistance Fund to help those with nontraditional home loans.
2021-08-02,Financing and security issues are clouding new power station projects.
2021-08-02,A hearing officer for the National Labor Relations Board found that Amazon illegally discouraged organizing at an Alabama warehouse. The company can appeal to block a new election.
2021-08-02,Fed up with the imbalance between online influencers and brands Lindsey Lee Lugrin and Isha Mehra created a platform to change that.
2021-08-03,Water recycling in office buildings is seen as a promising sustainability effort as well as a smart hedge against rising costs and future shortages.
2021-08-03,The video game studio’s parent company Activision Blizzard has been accused of fostering a “frat boy workplace culture.”
2021-08-03,.
2021-08-03,Recent commercial real estate transactions in New York.
2021-08-03,Global occupancy grew to 51 percent in the second quarter the hotel company said and guests are combining their business and leisure travel.
2021-08-03,Unscrupulous boundary-pushing executives seem to be an inescapable part of the most exciting technology.
2021-08-03,The CNN star was interviewed for the report from New York’s attorney general and one document shows Chris Cuomo taking part in an email chain as a formal public statement was drafted for the governor.
2021-08-03,Bad weather and pandemic-related staffing issues have caused occasional disruptions this summer as air travel rebounds.
2021-08-03,Tyson and Microsoft were the latest to require employees to be vaccinated. Other major employers have tried less sweeping approaches.
2021-08-03,With the planned sale of Hello Sunshine the studio she started in 2016 the Oscar winner joins the ranks of Hollywood’s power brokers.
2021-08-04,Robinhood became a publicly traded company only last week. Its stock stumbled in its first day of trading on Thursday finishing down more than 8 percent.
2021-08-04,The latest corporate vaccine mandates cover more types of workers — and customers.
2021-08-04,The company expects to end the year with about 8.5 million. In its quarterly results it reported holding nearly $1 billion in cash.
2021-08-04,The ballot proposal mirrors an initiative that the companies proposed last year in California. They ultimately prevailed in exempting their workers from a law that would have effectively classified them as employees.
2021-08-04,Richard Clarida the vice chair for monetary policy said he expected inflation and the unemployment rate to reach the Federal Reserve’s goals by the end of next year.
2021-08-04,Uber recorded a rare profit of $1.1 billion thanks to its stake in the Chinese ride-hailing company Didi.
2021-08-04,Several lenders said they preferred to stick with their own processes out of concern that steering customers to the government portal would create confusion.
2021-08-04,The mainstreaming of digital vaccine passes could lead to more surveillance privacy researchers cautioned.
2021-08-04,Chris Cuomo the top-rated host left some colleagues confused after he did not acknowledge the calls for Gov. Andrew Cuomo’s resignation during his Tuesday show.
2021-08-04,Spotify YouTube and others are experimenting with changing their one-size-fits-all digital subscriptions.
2021-08-05,Stocks rose in early trading and the Labor Department said  jobless claims declined slightly last week.
2021-08-05,Mr. Chan who became The Times’s editorial page editor last year will be the editor in chief of The Texas Tribune starting Oct. 18.
2021-08-05,Some Fed officials think the central bank needs to get in the digital currency game while others fret about crowding out the private sector.
2021-08-05,Even YouTube isn’t an unqualified financial winner. This does not speak well for the vitality of the internet.
2021-08-05,BlackRock and Wells Fargo also delayed their mandatory returns until October. Both attributed the changes to new developments in the spread of Covid-19.
2021-08-05,The changes for later this year raised concerns that the company is installing surveillance technology that governments could exploit.
2021-08-05,The network has been relying on an honor system rather than requiring proof of vaccination status.
2021-08-05,The pandemic has dimmed what is typically a festive television event contributing to low ratings and complaints from advertisers.
2021-08-05,A new lawsuit says the banks including Deutsche Bank and Standard Chartered ignored warnings that their customers were helping to finance attackers targeting Americans in Afghanistan.
2021-08-05,Sunrun the largest rooftop solar company is hiring Mary Powell who previously led Green Mountain Power as it seeks to expand its energy offerings.
2021-08-06,A push to increase sales of electric vehicles favors companies that already have all-electric cars on the market and could penalize those that don’t.
2021-08-06,U.S. sanctions contributed to a nearly 30 percent fall in overall revenue over the first half of the year.
2021-08-06,The gain of 943000 was the best showing in nearly a year and unemployment was 5.4 percent the lowest since the pandemic began.
2021-08-06,How to interpret the latest numbers.
2021-08-06,United Airlines employees will be required to upload proof of vaccination within five weeks of the Food and Drug Administration’s fully approving a vaccine or by Oct. 25 whichever comes first.
2021-08-06,The Indian Supreme Court upheld the U.S. company’s effort to stop the sale of supermarkets in a rare win for foreign businesses there.
2021-08-06,The Games failed to live up to their economic promise and cast a harsh light on Japan’s political culture. Some feel “a hunger for a new system.”
2021-08-06,Big banks that were accused of colluding to rig benchmark exchange rates could still face class-action lawsuits.
2021-08-06,The break comes amid calls for the CNN anchor’s brother Governor Andrew Cuomo of New York to resign over sexual harassment allegations.
2021-08-06,The sum surpassed the $1.56 million someone paid for a different Mario game in July.
2021-08-07,Its second-quarter earnings rose substantially from 2020 with its railroad utility and energy businesses showing the biggest gains.
2021-08-07,The company’s unresolved legal troubles cast a shadow on its I.P.O. rebound.
2021-08-08,Two senior managers also resigned for failing to respond appropriately after the woman reported the incident the company’s chief executive said in a memo.
2021-08-08,For years influencing political outcomes has been the priority. Some are calling for more emphasis on basic organizing.
2021-08-09,Eviction cases — called Scarlet E’s — are a stubborn blot on a renter’s history. Piecemeal privacy legislation in some states may not be enough to protect millions of struggling tenants.
2021-08-09,Senators spent a second weekend in a row wrangling over the details of a $1 trillion bipartisan infrastructure proposal putting off a planned summer break. “We’re doing it the old-fashioned way” Senator Mitt Romney Republican of Utah told reporters on Sunday about the many days of debate.
2021-08-09,Senators spent the weekend debating a $1 trillion bipartisan infrastructure proposal ultimately clearing the way for a final vote.
2021-08-09,The administrator of the fund said she wanted to approve the final awards before Tuesday — the second anniversary of Mr. Epstein’s death.
2021-08-09,South Korea has been divided over the release of Lee Jae-yong who has served 60 percent of his two-and-a-half-year prison term.
2021-08-09,The move reverses a Trump administration policy aimed at sheltering the department’s contractors from state oversight.
2021-08-09,A group of creators will publish new comic book stories essays and how-to guides on the platform as a way to connect directly with fans.
2021-08-09,The rise in the longer-term price gauge was small but Fed officials are closely watching such metrics.
2021-08-09,President Biden has made conversion to E.V.s a pillar of climate policy. But government incentives mostly help affluent buyers not average families.
2021-08-09,Fueled by Gen Z text-heavy meme posts often paired with nonsensically unrelated pictures are turning the photo and video app into a destination for written expression.
2021-08-10,The tech giant becomes the latest to adopt tougher standards as the industry comes under fire for not doing enough to protect children.
2021-08-10,Recent commercial real estate transactions in New York.
2021-08-10,The company founded by scientists at M.I.T. has been testing an extremely powerful magnet necessary to generate immense heat.
2021-08-10,Unlike its global rivals the German carmaker has not set a date to phase out gas-powered cars and investors aren’t pleased. BMW says its next model will prove critics wrong.
2021-08-10,Signs of life have emerged as restaurants and stores reopen but trouble looms as a rise in coronavirus cases delays some returns to the office.
2021-08-10,The company accused the right-wing television networks of defamation for “spreading misinformation” about its voting machines.
2021-08-10,Climate change and other big problems won’t be solved by tech alone.
2021-08-10,Chris Cuomo who is off this week has conferred with his brother Gov. Andrew Cuomo by telephone over the past few days.
2021-08-10,Coinbase has shown that a large profitable and legal business can be built to service the growing groups of people who want to use the digital currencies.
2021-08-10,Ms. Greene violated Twitter’s Covid-19 misinformation policy with a tweet on Monday the platform said. She could be permanently barred if she violates the policy again.
2021-08-11,A key inflation gauge again climbed 5.4 percent in July from a year earlier. Prices gains are expected to moderate — the question is by how much and how quickly.
2021-08-11,An update for iPhones has raised privacy concerns and is a reminder not to become reliant on a company’s cloud.
2021-08-11,The types of cars deemed collectibles are diversifying and so are collectors. “Our mantra is to get women in the left seat” said the organizer of a coming Pebble Beach forum.
2021-08-11,Will a new governor bring new priorities?
2021-08-11,The company revised its forecast for the quarter saying it expects revenue to fall as much as 20 percent as ticket sales slow and cancellations rise.
2021-08-11,Companies are mandating vaccines but not all of those mandates look the same.
2021-08-11,The yield on the 10-year Treasury note is often a reliable indicator of how Wall Street views the prospects of economic growth — especially when other data points send confusing signals.
2021-08-11,EBay is not reimagining space travel and that’s totally fine.
2021-08-11,A state agency voted to require many new commercial structures along with high-rise residential projects to have solar power and battery storage.
2021-08-11,The company which has yet to produce a truck said it lost $108 million in the second quarter.
2021-08-12,Climate shocks in Brazil and shipping bottlenecks have pushed the price of coffee beans sharply higher. Starbucks says it won’t be affected for more than a year but small cafes can’t hold off that long.
2021-08-12,The Times will make 18 of its newsletters available only to subscribers but will keep flagship email offerings such as The Morning free.
2021-08-12,Just six months ago it was valued at $6 billion. It raised $410 million in its latest round.
2021-08-12,A longtime critic of the Tesla chief executive explains why his bets against the car company haven’t paid off.
2021-08-12,Sexually suggestive office games boozy dinners and a culture of ignoring problems have long plagued the industry. Changing it will still be hard.
2021-08-12,Smartphones are now normal and for everyone which means we can ignore the hoopla around new models.
2021-08-12,In the past few years Authentic has acquired Brooks Brothers and Forever 21 adding to a stable that includes Sports Illustrated.
2021-08-12,Is this what the metaverse looks like?
2021-08-12,The Pixar film “Luca” the Marvel series “Loki” and the live-action movie “Cruella” helped attract 12.4 million new subscribers to Disney’s streaming service.
2021-08-12,Executives from companies like Airbnb Chobani Etsy and Microsoft were invited to the White House to drum up support for a pillar of President Biden’s $3.5 trillion budget.
2021-08-13,On vaccine mandates there is safety in numbers.
2021-08-13,Frantic caterers $200000 weekends: The wedding industry is on fire bringing spending and bottlenecks.
2021-08-13,The fact-checking site has banned David Mikkelson who owns half the company from writing articles after a BuzzFeed News investigation prompted an internal review.
2021-08-13,Sonos is seeking to ban the import of several Google products that are made in China. The preliminary finding will now be reviewed by the full United States International Trade Commission.
2021-08-14,During the pandemic some companies have expanded their vacation policies to reduce burnout. Experts say there’s a better way.
2021-08-14,The decades-old game show TV comfort food for many has been rocked by drama over who would replace the late Alex Trebek.
2021-08-15,Red Ventures has turned very specific advice into very big business.
2021-08-15,Marissa Meizz became a TikTok meme after her friends excluded her from a birthday party. She decided to do something about it.
2021-08-16,Two years ago the company brought in a blunt executive to make things move faster and to promote diversity. Then the problems began.
2021-08-16,Even as other major economies have roared back to life Japan’s has been stuck in a cycle of growth and contraction.
2021-08-16,The activist short-seller behind Hindenburg Research has become known for research that sends companies’ stock sinking. He says he’s not in it just to move share prices.
2021-08-16,The classic summer holiday to Europe has been replaced by a trip to the shores of England where business is good but owners struggle with worker shortages and Covid restrictions.
2021-08-16,As Jerome H. Powell nears the end of his term as Federal Reserve chair Ms. Yellen will have a say over whether he should stay on. Many progressive Democrats want him replaced.
2021-08-16,The economic and political effects of the Taliban takeover will be felt around the world.
2021-08-16,Climate shocks in Brazil and shipping bottlenecks have pushed the price of coffee beans higher — and farmers and roasters are feeling the effects.
2021-08-16,Johnson & Johnson is sending shots from South Africa to other parts of the world. African countries are waiting for most of the doses they’ve ordered.
2021-08-16,It will be the broadest look yet at Tesla’s assisted-driving technology. The National Highway Traffic Safety Administration has the authority to force a recall or require new safety features.
2021-08-17,“I tried to do the right thing” the host told viewers in his first public remarks since Gov. Andrew M. Cuomo said he would resign.
2021-08-17,Employers coming out of lockdown competed to hire workers as the jobless rate fell to 4.7 percent from 4.9 percent.
2021-08-17,The lawsuit could have far-reaching consequences for the entire blank-check industry.
2021-08-17,Recent commercial real estate transactions in New York.
2021-08-17,The retailer’s former stores are being used by tenants that might not typically get a crack at such a large haul of commercial space at an affordable price.
2021-08-17,Proof that the online future has arrived: The biggest e-commerce company outside China has unseated the biggest brick-and-mortar seller.
2021-08-17,Amazon might not be the best shopping site but using it can feel like magic.
2021-08-17,Some $76 billion of the program’s $800 billion in loans may have been taken improperly a new paper concludes.
2021-08-17,Robert Allbritton the owner of Politico is weighing a lucrative payday against maintaining full control over a widely read Washington news site.
2021-08-17,His newsletter will be free and readers will have the option to pay a subscription fee to access video chats and previews of his upcoming projects.
2021-08-18,The tech giant says it’s a “challenger” in finance.
2021-08-18,David Marcus the head of its financial services unit described the social network as a “challenger in the payments industry” that faces unfair resistance.
2021-08-18,Most of the Afghan central bank’s reserves are frozen at the Federal Reserve. And the International Monetary Fund will block more than $400 million in aid.
2021-08-18,She will take over immediately as editor in chief a role recently vacated by Noah Shachtman who left for the top job at Rolling Stone magazine.
2021-08-18,The International Monetary Fund which was set to release the funds next week cited the “lack of clarity” over recognition of the Taliban as the country’s legitimate government.
2021-08-18,More than 100 new official or pro-Taliban accounts and pages have surfaced on Facebook YouTube and Twitter despite a ban on the group by the sites.
2021-08-18,As we have seen with the fall of Kabul a handful of unelected tech executives play a big role in high-stakes global affairs.
2021-08-18,Minutes from the Federal Reserve’s July 27-28 meeting showed that “most” officials “judged that the standard set out in the committee’s guidance regarding asset purchases could be reached this year.”
2021-08-18,For the first time line-skipping privileges at Walt Disney World in Florida will cost $15 per person an added cost for what is already an expensive destination.
2021-08-18,Robinhood lost $502 million compared with a profit of $58 million a year prior.
2021-08-19,Saturday mornings are for celebrating stylish sheet metal in the parking lot of a storied hobby shop in metro Detroit.
2021-08-19,The pandemic has renewed interest in virtual reality. Facebook is trying to capitalize with a new virtual meeting room service.
2021-08-19,After months of silence about its future the corporate giant Huarong Asset Management announced that it would receive financial assistance from a group of state-backed companies.
2021-08-19,The founder of Binance Changpeng Zhao needs investors for the company’s U.S. unit after a recent venture capital deal fell through — a setback that cost him a C.E.O.
2021-08-19,A wave of pro-Taliban accounts and pages has put social networks in a tricky position.
2021-08-19,After a judge slammed the F.T.C.’s original lawsuit regulators returned with a more detailed case accusing the platform of being a monopoly.
2021-08-19,His administration suggested that some states should use relief funds to extend weekly payments for the long-term unemployed.
2021-08-19,An outdoor gear store is a test of what it’s like to start an e-commerce site in 2021.
2021-08-19,The evacuation of those who worked for outlets like The New York Times and The Washington Post came after a global rescue effort stretching from the Pentagon to Qatar.
2021-08-19,The production cut will affect 14 plants in Japan and reduce output by about 140000 cars and trucks next month the company said.
2021-08-20,Mr. Richards was named as Alex Trebek’s replacement last week but offensive and sexist comments he made on a podcast several years ago resurfaced. He will remain as executive producer.
2021-08-20,Ms. Shuler was the No. 2 official before Richard Trumka’s death. A vote to fill the top post for a full term will be held in June.
2021-08-20,Major League Baseball and the Major League Baseball Players Association are ending their agreement with Topps in favor of one with Fanatics an upstart sports collectible company.
2021-08-20,The company’s decision is the latest signal that many employees in the U.S. will continue to work remotely into 2022.
2021-08-20,As the company deals with government scrutiny of its driver-assistance technology an add-on kit sold for up to $10000 is also getting more attention.
2021-08-20,People now spend more at Amazon than Walmart making it the world’s largest retail seller outside China.
2021-08-20,The recall now covers the car’s entire output beginning with the 2017 version. The latest move to add three model years raises costs by $1 billion.
2021-08-20,The political news publication which started as an insider’s guide to Washington and greatly expanded its audience after it went digital fetched a price of $130 million.
2021-08-20,The company praised itself this week for being “the most transparent platform on the internet.”
2021-08-20,In the 1990s they banned the internet. Now they use it to threaten and cajole the Afghan people in a sign of how they might use technology to build power.
2021-08-21,Melvin a hedge fund that had bet that GameStop’s share price would fall received a $2 billion infusion from Citadel after the stock skyrocketed.
2021-08-21,New regulatory scrutiny and high-profile blowups have revived longstanding concerns about the public shell companies. But many backers seem undaunted.
2021-08-21,Last year more than $200 million was spent on campaigning for a state proposition that ensured workers like Uber and Lyft drivers were considered independent contractors.
2021-08-22,Ms. Maddow was reported to have expressed interest in leaving the network to pursue podcasting and streaming projects.
2021-08-22,Tesla is facing the broadest investigation yet into its assisted-driving technology which it calls Autopilot.
2021-08-23,The Federal Reserve’s annual economic symposium will be held virtually. Jerome H. Powell will speak on Friday and is expected to reveal details about how and when the central bank intends to wind down its bond-buying.
2021-08-23,Meduza a leading independent news site fights back with jokes and a stunning donation campaign. But can it stand up to the Russian state?
2021-08-23,The Delta variant has upended events office reopenings and travel raising new challenges for service businesses and their workers.
2021-08-23,The supply-chain problems rocking companies may get worse heading into the holidays as delays continue to snarl global trade and shipping prices jump even higher.
2021-08-23,The high-profile tech investor’s origin story is unique in the industry.
2021-08-23,She will replace Mike Richards who stepped down as host of the game show amid furor over sexist and offensive comments he made on a podcast several years ago.
2021-08-23,As coronavirus cases rise and companies keep workplaces closed frustrated employees can’t wait to return to their cubicles.
2021-08-23,The law the result of a $200 million proposition fight last year ensures that workers like Uber and Lyft drivers are considered independent contractors.
2021-08-23,Chevron’s requirement applies to employees who travel internationally and expatriates as well as the offshore work force in the Gulf of Mexico and some onshore support personnel.
2021-08-23,A proposal in the South Korean legislature is an early test of how forcefully the Biden administration will defend the companies abroad while trying to trim their power at home.
2021-08-24,A bakery union and the snack food giant’s corporate parent Mondelez International are at odds over shift lengths retirement benefits and other issues.
2021-08-24,A regulatory official cited concerns about interference with employees assigned to ensure that the company follows safety rules.
2021-08-24,The streaming apps and devices we pay for aren’t necessarily careful with our personal information.
2021-08-24,In a pilot program merchants will be able to add a shopping tab to their profiles and link to products within posts on the video app.
2021-08-24,Recent commercial real estate transactions in New York.
2021-08-24,The company said it was working with resettlement agencies. It did not specify how long refugees could stay in the apartments and houses.
2021-08-24,A leading publication covering Black life in America has emerged from bankruptcy with a new owner and ambitious plans.
2021-08-24,Female entrepreneurs said they were constantly compared to Ms. Holmes the disgraced founder of Theranos who faces trial soon.
2021-08-24,Flexible Fridays employee empowerment and creative problem-solving all helped these companies bring on new workers during the pandemic.
2021-08-24,The F.D.A.’s full approval of the Pfizer-BioNTech coronavirus shot gives companies more cover to require vaccinations for workers.
2021-08-25,The latest perks include harvesting honey and digging in the dirt part of a growing effort to give employees access to fresh air sunlight and plants.
2021-08-25,Awash in deposits and with sluggish demand from borrowers banks are going on a bond-buying spree.
2021-08-25,Banks are awash in deposits and their customers are taking out fewer loans. So they have little choice but to buy up government debt even if it means skimpy profits.
2021-08-25,A humanitarian effort led by Foreign Minister Marcelo Ebrard gave Afghans and their families a sanctuary amid the fast-unfolding crisis.
2021-08-25,Only 6 percent of board seats at Japanese companies are held by women. After years of unkept promises these businesses are now facing pressure both at home and abroad to diversify.
2021-08-25,Apple Samsung and others want us to replace our phones constantly but many of our problems with current devices can be fixed.
2021-08-25,Defying a backlash over sexist and crude comments a top Sony TV executive told the show’s staff that the studio stood behind Mr. Richards as the executive producer.
2021-08-25,The social network has contacted academics to create a group to advise it on thorny election-related decisions said people with knowledge of the matter.
2021-08-25,Another producer on the show said Michael Corn assaulted her during a work trip to Los Angeles in 2015. He denied the allegation.
2021-08-25,Global garment retailers unions and factory owners negotiated a successor to the landmark fire and safety agreement.
2021-08-26,The state security ministry is recruiting from a vast pool of private-sector hackers who often have their own agendas and sometimes use their access for commercial cybercrime experts say.
2021-08-26,Oldsmobile and Chevrolet pioneered the technology for mass-market cars but the turbos flopped — and took decades to gain acceptance.
2021-08-26,Insurance surcharges like the one announced by Delta Air Lines are a new front in corporate coronavirus vaccine initiatives.
2021-08-26,The publishing giant will take control of Politico Politico Europe and Politico’s tech news site Protocol.
2021-08-26,I gained access to the animatronic inner sanctum. Here’s what I saw.
2021-08-26,The publication owned by Integrated Whale Media and the Forbes family reached an agreement to merge with Magnum Opus Acquisition a publicly traded blank-check firm.
2021-08-26,About 115000 borrowers who dropped out before ITT’s 2016 collapse are eligible for debt relief and refunds.
2021-08-26,To ease an affordability crisis the Legislature voted to open suburbs to development allowing two-units on lots long reserved for single-family homes.
2021-08-26,The company cut nearly 20 staff members at Vice and Refinery29.
2021-08-26,Vice Chair Anne Finucane one of the most powerful women in banking will leave at the end of the year. So will the chief operating officer Thomas K. Montag.
2021-08-27,The agreement to allow developers to promote payment options outside the App Store may give Apple the upper hand in bigger fights to come.
2021-08-27,The Communist Party has declared war on idol worship part of a broader crackdown on what it sees as toxic celebrity culture that is poisoning the minds of the country’s youth.
2021-08-27,The Personal Consumption Expenditures price index based on household spending on goods and service climbed 4.2 percent from a year ago and 0.4 percent from June.
2021-08-27,They can be valuable resources to help parents teach children about money — but may encourage risky behaviors some experts say.
2021-08-27,Instead of laying out how the Fed will taper its bond-buying Mr. Powell instead explained how the Fed was thinking about Delta variant risks and recent rapid inflation.
2021-08-27,The Fed chair warned that the Delta variant remained a risk and suggested that a rate increase was not on the table for some time.
2021-08-27,Auto analysts consider Rivian one of the most viable electric vehicle start-ups in what is expected to be a very competitive market.
2021-08-27,The Biden administration revised its earlier forecasts to match the continued stimulus-fueled recovery from the recession.
2021-08-27,Apple said it had made major concessions but a closer examination suggests that the tech giant and the app makers’ lawyers were big winners.
2021-08-27,Delta Air Lines is charging unvaccinated workers more for health insurance. Here’s what to know.
2021-08-28,Companies are devising vaccination policies for new hires along with rules for their existing employees.
2021-08-28,Affirm said it had reached an agreement with the online retail giant to provide its customers with monthly payment plans for purchases of $50 or more.
2021-08-29,From “son of” to mogul in his own right: Robert Allbritton just became the unlikeliest winner of the new media sweepstakes.
2021-08-30,The trial for the founder of Theranos the once high-flying blood testing start-up will cap a saga of Silicon Valley hubris ambition and deception.
2021-08-30,Pandemic-related product shortages — from computer chips to construction materials — were supposed to be resolved by now. Instead the world has gained a lesson in the ripple effects of disruption.
2021-08-30,Major oil and gas companies prepared for the hurricane by shutting down more than 90 percent of production and evacuated workers from platforms in the area.
2021-08-30,A group of law firms lined up to condemn lawsuits filed against the contentious blank-check investment vehicles.
2021-08-30,All workers based in the United States who are returning to the office or visiting clients must be inoculated against the coronavirus the pharmaceutical giant said.
2021-08-30,The restrictions reflect the government’s intensifying push for companies to jettison what it says are unhealthy cultural influences.
2021-08-30,The organizing campaign if successful could upend the company’s labor model. Employees say chronic understaffing has long caused frustration.
2021-08-30,A new natural gas power plant meant to power the city in an emergency did not come to the rescue when the storm disabled eight transmission lines.
2021-08-30,Gary Gensler the chair of the Securities and Exchange Commission called payment for order flow “an inherent conflict of interest.”
2021-08-30,A guide to the key figures in the trial of the Theranos founder.
2021-08-31,Three weeks after naming him as Alex Trebek’s replacement to host the show Sony cited “disruption and internal difficulties” in its announcement that he will leave the program entirely.
2021-08-31,Recent commercial real estate transactions in New York.
2021-08-31,The law the first of its kind in the world deals a blow to the market dominance of the tech giants which opposed the bill.
2021-08-31,Strong results compared with last year’s performance mask lingering weaknesses that could hold back needed job creation.
2021-08-31,The company which brought in about $219 million in revenue last year posted losses for the last two years and it expects more losses to come.
2021-08-31,The utility said on Monday that Hurricane Ida had put 216 substations and more than 2000 miles of transmission lines out of service.
2021-08-31,The social network has constructed a vast infrastructure to keep toxic material off its platform. At the center of it is Accenture the blue-chip consulting firm.
2021-08-31,Annual government reports on the solvency of the programs underscored the questions about the long-term viability of Social Security and Medicare.
2021-08-31,With expectations that interest rates will stay down and government spending will stay up the stock market has learned to live with the pandemic even as cases increase.
2021-08-31,It is the latest company to push back plans for a return in light of the spread of the highly contagious Delta variant of the coronavirus.
2021-09-01,Most companies now have plans to require that employees get vaccinated by the end of the year one survey shows.
2021-09-01,Julie Pace The A.P.’s Washington bureau chief started out wanting to be an international correspondent. Now she has the top newsroom job.
2021-09-01,The Booker Prize-winning author has reached a deal with the newsletter platform where he plans to publish fiction and interact with readers.
2021-09-01,Don’t get slowed down by the lock screen or stuck in the wrong shooting mode when you’re trying to capture those spur-of-the-moment photos and videos.
2021-09-01,A rape accusation at the Chinese e-commerce giant has shed light on a work culture that some former employees say is humiliating and toxic.
2021-09-01,The request by the National Highway Traffic Safety Administration is part of an investigation into Tesla cars crashing into parked emergency vehicles.
2021-09-01,The studio cited uncertainty about the willingness of moviegoers to brave the fast-spreading Delta variant.
2021-09-01,“I got fevers sweats and I knew what was going on” he said in a video on Instagram on Wednesday after returning from a series of shows in Florida.
2021-09-01,The moves may result in a second antitrust lawsuit against Google before the end of the year.
2021-09-01,Seven months into a new administration companies want the White House to drop tariffs on Chinese goods and provide clarity about a critical trade relationship.
2021-09-02,The group 124 people including families flew to Houston from Mexico City after their escape from Kabul. One Afghan journalist in the group has not been cleared by U.S. border officials.
2021-09-02,Community leaders are planning to approach the Biden administration and congressional lawmakers to press for passage of two federal voting rights laws.
2021-09-02,For over eight years I’ve been reporting on struggles at the world’s oldest bank Banca Monte dei Paschi di Siena in Siena Italy where I am from.
2021-09-02,For two days a judge federal prosecutors and defense lawyers questioned roughly 100 potential jurors before whittling the list down to 12 jurors and five alternates.
2021-09-02,The automaker is suspending production of some of its most profitable vehicles.
2021-09-02,The pay raise totaling at least $1 an hour will apply to employees in departments such as food and general merchandise.
2021-09-02,In a real David-versus-Goliath fight the giant won.
2021-09-02,The agreement ends a longstanding tax dispute involving a decade’s worth of transactions at Renaissance Technologies one of the world’s biggest and best-connected hedge funds.
2021-09-02,The company under pressure from app developers and regulators is making concessions while protecting lucrative parts of its App Store.
2021-09-02,Here’s how to make your time off as restorative as possible.
2021-09-03,On an Apple device the one thing you cannot do in Netflix’s app is subscribe to Netflix. A message on the app’s home screen explains this and encourages new users to return “when you’re a member.” It’s up to them to figure out how to do that.
2021-09-03,Tyson will also compensate workers for “educational sessions about the benefits and risks of the Covid vaccines.”
2021-09-03,Apple had not expected the kind of backlash the new features faced.
2021-09-03,Employers added just 235000 jobs far below economists’ expectations.
2021-09-03,The Securities and Exchange Commission said the packaged foods giant inflated cost savings from the merger.
2021-09-03,To protest Texas’ new abortion law activists said they pranked a website set up by the state’s largest anti-abortion group.
2021-09-03,Here are two that are circulating widely online how they spread and why state and local officials said they are wrong.
2021-09-03,Businesses that expressed opposition to restrictive voting laws are declining to take a similar stand on the abortion measure.
2021-09-03,Facebook called it “an unacceptable error.” The company has struggled with other issues related to race.
2021-09-03,Average hourly earnings increased rapidly including for leisure and hospitality workers even as job gains fell short of expectations.
2021-09-04,Netflix provides a stark example of the tendency to exaggerate the role of network effects and AI.
2021-09-05,With box office numbers way down in the pandemic and streaming numbers hard to come by the film industry is often unable to determine whether a movie is a hit or a miss.
2021-09-06,There’s money in the air at Monterey Car Week so where better to sell a rare new Bugatti or Ferrari?
2021-09-06,“I’m not interested in ruining people’s lives” says its top editor Leah Finnegan who once insulted a baby in a headline.
2021-09-06,“Operation Chillax”: Companies are trying to combat burnout from working remotely by offering more time off and other perks.
2021-09-06,A 22-year-old Bitcoin millionaire wants Republicans to ditch their iPhones for a low-end handset that he hopes to turn into a political tool.
2021-09-06,After the Delta variant disrupted plans to reopen after Labor Day many businesses pushed their targets further out or left them open-ended.
2021-09-06,Weibo accused one account devoted to a BTS member of illegal fund-raising amid a crackdown on 22 pages.
2021-09-06,The bill would rein in production quotas at warehouses that critics say are excessive and force workers to forgo bathroom breaks.
2021-09-06,The network’s chief international correspondent one of the most visible reporters during the withdrawal of U.S. troops decided to become a reporter after an epiphany on 9/11.
2021-09-06,The campaign if sustained could put pressure on Fox News though critics were skeptical that a sea change was in store.
2021-09-07,Prosecutors declined to charge the man who a co-worker said had assaulted her an allegation that highlighted sexism in the Chinese tech scene.
2021-09-07,Private companies are lagging behind publicly traded firms but don’t receive the same scrutiny.
2021-09-07,The Elizabeth Holmes fraud trial is set to be a major spectacle but tech executives generally get a pass when it comes to wrongdoing.
2021-09-07,The United States has about 100000 public chargers far fewer than Europe and China. It needs 10 times as many auto experts say to complete the switch from combustion engine vehicles.
2021-09-07,Black directors have held only 1 percent of board seats at private companies backed by top venture capital and private equity firms.
2021-09-07,Recent commercial real estate transactions in New York.
2021-09-07,Experts had raised concerns about making the digital token an official currency and the rapid execution of new technology on a national scale.
2021-09-07,Inflation has surged across advanced economies. The shared experience underlines that price gains come from temporary drivers — for now.
2021-09-07,You may have noticed that you’re paying more for lots of things. Inflation has become a hot topic but the question is whether it will last.
2021-09-08,The department’s analysis provides only a broad outline and many of the details will be decided by congressional lawmakers.
2021-09-08,A new report makes the case that narrowing the tax gap is part of the Biden administration’s ambition to create a more equitable economy.
2021-09-08,Coinbase’s Lend offering — an interest-generating service that somewhat resembles accounts traditionally offered by banks — could violate securities laws the Securities and Exchange Commission said.
2021-09-08,This week a more efficient type of battery arrives in a wristband fitness tracker. It could soon reach smart glasses cars and even aircraft.
2021-09-08,The Treasury secretary urged Congress to take action on the debt limit before “extraordinary measures” being used to finance the government run out.
2021-09-08,The bill would curb production quotas at Amazon and other companies that critics say are excessive and force workers to forgo bathroom breaks.
2021-09-08,El Salvador recently became the first country to adopt Bitcoin.
2021-09-08,The president of the powerful New York Fed said that it was the level of the job market not the pace of progress that mattered.
2021-09-08,Athleisure company one of the few retailers to thrive during the pandemic relies heavily on production from Vietnam.
2021-09-08,The holiday show in its 95th year will travel a longer route than it did last year and have more participants including visiting marching bands.
2021-09-09,The company has teamed up with Ray-Ban to create glasses that can take photos record video answer phone calls and play podcasts.
2021-09-09,United Airlines and Delta Air Lines said they expected the recovery to resume once coronavirus cases peaked.
2021-09-09,Opening arguments in the long-awaited trial questioned whether the Theranos chief executive was knowingly deceptive or blindly ambitious.
2021-09-09,The company pushed back its reopening which had been slated for Oct. 4.
2021-09-09,American automakers have long struggled to gain a foothold in India where people tend to buy smaller vehicles.
2021-09-09,Conservative states have increasingly targeted the ways that Silicon Valley companies police their platforms.
2021-09-09,The agency is expected to issue an emergency temporary standard to carry out the requirement which will affect more than 80 million workers.
2021-09-09,Central bank regional presidents traded securities in markets in which Fed choices mattered in 2020. Here’s why critics find that troubling.
2021-09-09,Those that took smaller Economic Injury Disaster Loans will be able to apply for increases.
2021-09-09,More companies are requiring employees to be vaccinated but their approaches vary.
2021-09-10,The firm’s debts are huge but Beijing will need to walk a fine line if it wants to send a message about reckless borrowing while protecting its economy.
2021-09-10,Companies will have to decide issues like whether to pick up the tab for weekly testing and how to handle religious exemptions.
2021-09-10,Companies don’t want to appear out of touch by ignoring the attacks. But the history of advertising around the anniversary is fraught.
2021-09-10,More than $272 million has been invested in setting up dealerships in the country that employ about 40000 people an industry group said.
2021-09-10,Apple led the losses but companies relying on the end to pandemic-related precautions took a beating too.
2021-09-10,The company realized months ago that it could be running afoul of pay laws in a number of countries but has been slow to fix the problem according to internal documents.
2021-09-10,A shortage of computer chips has caused the world’s largest automaker to slash production.
2021-09-10,He-Man a brawny character that was a hit in the ’80s is finding new life in the toy aisle and in two new animated series on Netflix.
2021-09-10,The nation’s second-largest bank promoted several executives although it’s unlikely that any of them will replace Brian Moynihan the chief executive anytime soon.
2021-09-10,The decision could have major implications for thousands of businesses that pay Apple billions of dollars each year.
2021-09-11,Department stores are broadening their offerings to survive online sales. A London landmark will host your wedding.
2021-09-11,After a judge opened up a way to avoid Apple’s commission on their sales companies big and small are seeing dollar signs.
2021-09-11,The weeks and months that followed the attacks were a defining time for many including on Wall Street.
2021-09-12,Andrew Ross Sorkin and the DealBook team explored the environmental impact of digital currency and efforts to make it more sustainable.
2021-09-12,After the merger with Canadian Pacific the railroad would connect Canada the United States and Mexico.
2021-09-13,In a lawsuit a woman who said she had helped create Pinterest claimed the founders had agreed to compensate her but never did.
2021-09-13,Netflix pulled ahead of its main rival HBO in the run-up to the prime-time ceremony on Sunday.
2021-09-13,A trade group representing 2000 brands asked for clarification about how the requirements which OSHA is expected to introduce should be applied.
2021-09-13,Digital currencies briefly jumped in value after a fake release said the retailer would start accepting the little-used Litecoin.
2021-09-13,Alvaro Bedoya President Biden’s nominee has studied the way new technologies can violate privacy.
2021-09-13,James N. Gianopulos or “Jim G” as he is known in Hollywood will be replaced by Brian Robbins who oversees Nickelodeon.
2021-09-13,The deal is part of Intuit’s effort to position itself as a one-stop shop for small and midsize businesses.
2021-09-13,Fox already broadcasts TMZ programs on some of its cable channels.
2021-09-13,A guide to updating your phone's software after researchers found that a flaw had infected billions of Apple products.
2021-09-13,Researchers at Citizen Lab found that NSO Group an Israeli spyware company had infected Apple products without so much as a click.
2021-09-14,Recent commercial real estate transactions in New York.
2021-09-14,When government benefits are taken into account a smaller share of the population was living in poverty in 2020 even as the pandemic eliminated millions of jobs.
2021-09-14,The iPad was the first gadget to be showcased at Apple’s annual product lineup.
2021-09-14,Facebook’s botched V.I.P. system shows that even tech superstars can suffer from bureaucratic quagmires.
2021-09-14,The company left the prices of the devices unchanged from last year’s models with a starting cost of $400.
2021-09-14,The iPhone 13 new iPad and Apple Watch Series 7 cost the same as recent iterations while the iPad mini will cost an extra $100.
2021-09-14,Prime Minister Pedro Sánchez promised to cap profits for electric companies after a jump in natural gas prices has spilled into utility bills.
2021-09-14,Julie Hodges will take over as chief people officer and Sandeep Dube will join as chief commercial officer.
2021-09-14,Erika Cheung worked as a lab assistant at Theranos for six months in 2013 and 2014 before reporting lab testing problems to federal agents.
2021-09-14,Apple said its new iPhone 13 models have better screens cameras and battery life but it didn’t announce any major new advances.
2021-09-15,The share of people living in poverty in the U.S. fell to a record low last year making the emergency pandemic aid look highly effective if costly.
2021-09-15,New York Times photographers around the United States spent the past six months documenting the coronavirus economy. As its path veered so did our sense of where the finish line was.
2021-09-15,Generac a Wisconsin-based manufacturer that dominates the market for standby home generators is an unlikely Wall Street darling.
2021-09-15,Canadian Pacific was the winner to acquire Kansas City Southern after a merger agreement with Canadian National was terminated.
2021-09-15,As power systems shift to renewable energy there is little spare capacity when a source of electricity goes down.
2021-09-15,The meeting was intended to rally more support from business leaders a White House official said.
2021-09-15,The service will roll out in Miami Washington and Austin Texas with a half dozen vehicles equipped with Argo’s technology.
2021-09-15,Smartphones have been so successful that it’s possible new technology won’t be able to displace them.
2021-09-16,The bidding war to acquire Kansas City Southern appears to end in victory for Canadian Pacific.
2021-09-16,Tesla which makes about two-thirds of electric vehicles sold in the United States has long produced the cars with the best range.
2021-09-16,The 0.7 percent climb in sales last month came after a 1.8 percent decline in July and gains earlier in the summer.
2021-09-16,Companies reliant on natural gas and electricity are feeling the pinch of soaring fuel prices.
2021-09-16,Getting fresh food through Brexit’s “supply chain complexities” has prompted the closing of 11 stores the company said.
2021-09-16,The employee Keith Gill was also carrying out trades on behalf of three other people not affiliated with MassMutual according to the settlement.
2021-09-16,The television host's last job came to an end when he stormed off the set. Under the new deal he will host a show and write a column.
2021-09-16,The backlash against the industry traces back partly to the Snowden revelations.
2021-09-16,An investigation focused on accusations that top World Bank officials pressured the team conducting an annual survey to improve China’s standing.
2021-09-16,Senator Elizabeth Warren urged tougher restrictions after disclosures that two regional Federal Reserve presidents bought and sold stocks and real estate-tied assets last year.
2021-09-17,One measure will allow duplexes in most neighborhoods across the state and the other will make it easier for cities to add high-density development.
2021-09-17,Mr. Branson wants to bring to cruises the same sensibility that he brought to his airlines: younger and slightly edgy. (There is a tattoo parlor onboard.)
2021-09-17,Much of the state including New Orleans lost power for days because many of Entergy’s electrical poles and towers were not built to withstand a major hurricane energy experts said.
2021-09-17,A World Bank investigation said Kristalina Georgieva now the managing director of the International Monetary Fund pressured staff to improve China’s ranking in a report when she was at the World Bank.
2021-09-17,High natural gas prices are causing a cascade of problems including concerns over less meat in Britain’s supermarkets.
2021-09-17,The scheme was one of the more unsavory sides of the case against a half-dozen manufacturers of pelvic mesh including Boston Scientific and Johnson & Johnson.
2021-09-17,Erika Cheung who raised issues about how the company conducted its blood tests spent three days on the stand in the trial of Elizabeth Holmes.
2021-09-17,Normal Ill. is hoping the upstart electric vehicle maker Rivian can help the town become thriving once again.
2021-09-17,Hundreds of current and former Apple workers are complaining about their work environment a rarity for the once tight-lipped company.
2021-09-17,The Federal Reserve Treasury and other regulators are worried that a technology that pledges stability will actually be a source of turmoil.
2021-09-18,The supposed link between buybacks and inequality is unproven.
2021-09-18,Lani Malmberg travels with a few hundred goats which eat the tall brush and grasses that power Western wildfires.
2021-09-19,The impasse began in August after members of the Bakery Confectionery Tobacco Workers and Grain Millers Union objected to changes in shift lengths and overtime rules.
2021-09-19,Lawyers from top accounting firms do brief stints in the Treasury Department with the expectation of big raises when they return.
2021-09-19,The Chinese property giant owes $300 billion and is on the hook for as many as 1.6 million apartments. It may owe tens of thousands of its employees money too.
2021-09-20,The secretary of state cites a “massive effort” by the government but people involved in the evacuation instead describe bureaucratic snags.
2021-09-20,Continuing disruption to factory production and bottlenecks in shipping are leaving nonprofit groups short of goods for vulnerable communities worldwide.
2021-09-20,The S&P 500 closed down 1.7 percent over a number of jitters like China’s sputtering real estate market and the phasing out of stimulus measures in the United States.
2021-09-20,The biggest accounting firms take advantage of the government’s revolving door.
2021-09-20,Activision has spent the summer grappling with accusations of sexual misconduct and workplace discrimination.
2021-09-20,The roles include two new deputy managing editors and a number of positions for other editors as the news outlet expands its national and international coverage.
2021-09-20,The deal with ConocoPhillips comes with oil prices high Permian production strong and Shell under pressure to move faster to cut carbon emissions.
2021-09-20,A year after announcing the Bezos Earth Fund the Amazon founder detailed how some of the money would be spent.
2021-09-20,Andrew Julien the editor and publisher of The Hartford Courant will replace Robert York the editor in chief of New York’s Daily News on an interim basis.
2021-09-21,The new iPhone is 10 percent faster than the last one and the photos are slightly better. In a word: Huh.
2021-09-21,Recent commercial real estate transactions in New York.
2021-09-21,Occupancy rates and rents are at record highs drawing investors and entrepreneurs looking for growth opportunities.
2021-09-21,A trade group is fighting a restriction on who can install batteries on solar units. A state licensing official says recent actions may have had unintended consequences.
2021-09-21,Experts are making increasingly grim predictions about the developer’s ability to hold on without a government bailout and the consequences of a possible collapse.
2021-09-21,Facebook has been used as a tool for violence and abuse in country after country. Maybe it shouldn’t be everywhere.
2021-09-21,The former chief executive of Fiat Chrysler Mr. Manley will start at the automotive retail giant on Nov. 1.
2021-09-21,The Justice Department said their partnership amounted to a merger in the New York and Boston markets and reduced competition more widely.
2021-09-21,Mark Zuckerberg the chief executive has signed off on an effort to show users pro-Facebook stories and to distance himself from scandals.
2021-09-21,Alyson Shontell 35 will be in charge of content across Fortune’s magazine and website as well as its conferences newsletters videos and podcasts.
2021-09-22,A report by a liberal think tank tries to quantify the potential employment gains and losses concluding that subsidies will be crucial.
2021-09-22,Before you retire that smartphone or tablet to the bottom of a drawer there are ways to get more life out of it around the house.
2021-09-22,We all want ice cream fast but app delivery services make it too easy for us to ignore their true cost.
2021-09-22,Britain and the rest of Europe are watching natural gas prices and utility bills soar and Russia is coming under pressure to provide more gas.
2021-09-22,The European Central Bank put the region’s economy under a microscope to assess the impact of climate change action and inaction.
2021-09-22,Major outlets have highlighted the case of Gabrielle Petito while often ignoring stories about women of color who go missing.
2021-09-22,The Harvard researcher and biotech company founder David Sinclair talked with Andrew Ross Sorkin about the quest for immortality.
2021-09-22,A lawsuit by its former operations chief says that as loanDepot prepared to go public its founder pushed workers to approve mortgages without documentation.
2021-09-22,Mike Schroepfer who leads the company’s artificial intelligence and other technical efforts said he planned to transition into a role as a senior fellow.
2021-09-22,The Fed said it could soon slow its large-scale purchases of government-backed bonds and indicated it might raise interest rates in 2022.
2021-09-23,As the nation shifts to electric vehicles picture well-kept but long discontinued gas-powered pickups especially in areas where charging stations may be sparse.
2021-09-23,A payment on the troubled Chinese company’s dollar-denominated bonds was due Thursday. Its shares fell on Friday after the company said nothing.
2021-09-23,European companies warned on Thursday that China’s push to replace imports was harmful but American companies are more eager to cooperate with Beijing.
2021-09-23,As fears of the fallout from the Chinese property developer’s potential collapse fade some investors see an opportunity.
2021-09-23,The push to make USB-C connectors standard on all mobile devices would primarily affect Apple which uses proprietary technology for charging.
2021-09-23,For Big Tech companies having endless money can hold them and us back.
2021-09-23,Saule Omarova a Cornell law professor has advocated a more equal share of power and success between taxpayers and big banks.
2021-09-23,Sixty-one vessels were anchored offshore on Thursday waiting to unload cargo at the Port of Los Angeles and the Port of Long Beach down from 73 on Sunday.
2021-09-23,The carrier informed flight attendants about its request ahead of a House hearing on increased unruliness on flights.
2021-09-23,The country’s central bank lowered the interest rate to 18 percent below the annual rate of inflation which was 19.3 percent in August.
2021-09-24,The analysis showed a narrower window during which the United States could default on its debt. The Treasury has said it has no official contingency plan if the debt limit is breached.
2021-09-24,The clampdown comes as China’s central bank has been testing its own digital currency. The price of Bitcoin dropped on the news.
2021-09-24,The urgency among regulators to rein in the crypto industry has generated a flurry of lobbying all over Washington.
2021-09-24,Covid-19 shutdowns and chip shortages have made it more difficult to upgrade devices and meet a deadline set by AT&T.
2021-09-24,The seizure of the top two leaders of HNA Group comes as speculation swirls over whether Beijing will bail out another troubled giant Evergrande.
2021-09-24,The company filed several lawsuits seeking to invalidate copyright-termination notices served by artists and illustrators involved with creating superheroes like Spider-Man and Thor.
2021-09-24,Ana Navarro and Sunny Hostin were directed to leave the set live on the air while Vice President Kamala Harris waited backstage for an in-person interview.
2021-09-24,Senators Edward J. Markey and Elizabeth Warren said they had declined to participate in solidarity with journalists who are in a contract dispute.
2021-09-24,Charges including manslaughter arise from a blaze that killed four last year. A state inquiry said the utility’s power lines were involved.
2021-09-24,Some businesses are still hurting and federal aid has wound down. But economists see sources of resilience and signs of strength.
2021-09-25,President Biden’s infrastructure plan would create a hiring challenge but also an opportunity to recruit from communities that the industry has long ignored.
2021-09-26,Control of the banking system gives Beijing the tools to stop a broader collapse officials believe while censorship and police powers can stifle protests.
2021-09-26,China has a complex relationship with video games. New government rules for minors have made it even more so.
2021-09-27,Oil and gas production in the North Sea is not the economic juggernaut it once was. Can floating wind turbines offer an alternative?
2021-09-27,As offices debate the merits and logistics of reopening a parallel sphere of workers like Peter Naughton a Walmart cashier seem to inhabit another world. Often their jobs just got really hard.
2021-09-27,The digital media company Ozy was close to securing a $40 million investment from Goldman Sachs before things got weird.
2021-09-27,The social media giant said it still wanted to build a child-focused Instagram product but would postpone the plans in the face of criticism.
2021-09-27,Robert S. Kaplan will exit his role as head of the Federal Reserve Bank of Dallas next month. Eric S. Rosengren the head of the Federal Reserve Bank of Boston is also retiring earlier than planned.
2021-09-27,The sum was not disclosed but the merger of two rival agencies is the industry’s largest in a decade.
2021-09-27,Lael Brainard a Federal Reserve governor argued that the job market was not tight and John C. Williams the president of the New York Fed said it had “a long way to go.”
2021-09-27,The complaint by a federal agency followed several other legal actions taken against the game maker which has been accused of sexual harassment and discrimination.
2021-09-27,High demand and soaring energy prices have forced some factories to shut down adding further problems for already snarled global supply chains.
2021-09-27,The automaker and a supplier will spend $11.4 billion on three battery factories and a truck plant creating 11000 jobs.
2021-09-28,The New York Times’s media columnist Ben Smith reported that Ozy’s chief operating officer had apparently impersonated a YouTube executive during a conference call with Goldman Sachs bankers.
2021-09-28,Navient is the second major federal student loan servicer to ask to get out of the business. FedLoan said in July that it wanted out.
2021-09-28,The payment processor moves in on a part of the industry crowded with upstarts.
2021-09-28,We’re interested in all kinds of stories: people who can’t find work people who have chosen to take a step back people who have walked away for good.
2021-09-28,Evergrande China's largest developer for two decades amassed $300 billion in debt. A messy collapse could hit property prices and household wealth.
2021-09-28,Recent commercial real estate transactions in New York.
2021-09-28,Three-dimensional printing can create nearly any object. A partnership in Mexico is putting that theory to the test building a village for residents living in poverty.
2021-09-28,This social network may finally be paying the price for its bad reputation.
2021-09-28,In a quest for more revenue the app known for short videos is trying to make it easier to match its stars with brands.
2021-09-28,Astro has a large screen and cameras attached to a wheeled base that can navigate a home. It was part of the company’s annual devices event where Amazon unveiled an array of product.
2021-09-29,The new set of policies will cover not just the Covid-19 vaccines or long-approved vaccines against diseases like measles and hepatitis B but also general claims about vaccines YouTube said.
2021-09-29,Amazon’s spirit of invention is refreshing but we need technologists also to think through the consequences.
2021-09-29,A Chinese state-owned enterprise is buying the stake worth around 20 percent in Shengjing Bank.
2021-09-29,Katty Kay who had left the BBC for Ozy resigned and the A&E cable network canceled the broadcast of a documentary it had co-produced with the company.
2021-09-29,The photographer Andrew Testa and I  recently visited a floating wind farm off a fishing port in northeast Scotland. Floating turbines are a new frontier in the fast-growing offshore wind industry.
2021-09-29,These spyware apps record your conversations location and everything you type all while camouflaged as a calculator or calendar.
2021-09-29,The mandate will apply to tens of thousands of employees who are members of the Communications Workers of America union.
2021-09-29,Macy’s contends the terms of its agreement with the billboard operator Kaufman Realty would be breached by allowing a competitor to advertise.
2021-09-29,The two women said they had been fired for speaking out. The company said they had repeatedly flouted its employee policies.
2021-09-29,The heads of the Federal Reserve European Central Bank Bank of England and Bank of Japan spoke on a joint panel Wednesday.
2021-09-30,A deal that is in the works would merge the newspaper the onetime home of Roger Ebert with Chicago Public Media.
2021-09-30,But with a challenging winter ahead the government has announced a new fund to help households pay for essentials like food and utility bills.
2021-09-30,“I believe it is very destructive to put the president and myself as Treasury secretary in a situation where we might be unable to pay the bills that result from those past decisions” Ms. Yellen said Thursday.
2021-09-30,Those online eyeglasses and mattress start-ups aren’t tech. But they are innovative.
2021-09-30,Paramount parted with its animation president Mireille Soria adding to a list of departures.
2021-09-30,The decision by Marc Lasry a hedge fund manager to leave the embattled company came days after The New York Times reported that a co-founder had apparently impersonated a YouTube executive on a call with Goldman Sachs.
2021-09-30,The deal could result in the sale of the struggling automaker’s Ohio factory to Foxconn. Lordstown is under federal investigation and needs more cash to mass-produce an electric pickup truck.
2021-09-30,Producers say they were led to believe they were making a talk show for A&E which said no to the program. “You are playing a dangerous game with the truth” the top producer wrote in his resignation email.
2021-09-30,Pay for actors is a contentious issue as Hollywood movies are released for streaming at the same time they hit theaters.
2021-09-30,The incoming director of the Consumer Financial Protection Bureau Rohit Chopra is expected to use his position to rein in financial firms.
2021-10-01,Rising demand for the fuel is sending electricity bills soaring and forcing factories to shut down.
2021-10-01,Here’s what some schools are doing to fix food shortage impacting their cafeterias
2021-10-01,The pills are effective and relatively cheap but they are unlikely to be available for everyone with Covid.
2021-10-01,The drug maker will seek authorization for molnupiravir the first drug of its kind for Covid. Experts said such pills could be a powerful tool against the virus.
2021-10-01,The company hopes the 18-month extravaganza will bring hundreds of millions of dollars to it and the Orlando economy — both of which are still trying to recover from the pandemic.
2021-10-01,A Theranos lab director emerged as key prosecution witness during testimony focused on problems with the company’s blood tests.
2021-10-01,The years-long effort to block a mining project in Greenland is led primarily by women.
2021-10-01,The digital media start-up had come under scrutiny for its business practices after articles in The Times.
2021-10-01,The social network has been all hands on deck as it grapples with revelations that it knew the harmful effects its Instagram photo-sharing app was having on teenagers.
2021-10-01,The company which is backed by Amazon and Ford is seeking to sell shares in one of the biggest initial public offerings of the year.
2021-10-02,American said the move was necessary in light of President Biden’s move to require vaccinations against the coronavirus for employees of government contractors.
2021-10-02,Over the course of a year the company and its unions grappled with when and how to require vaccination for its 67000 U.S. employees.
2021-10-02,Is there an ethical way to “fake it til you make it”?
2021-10-02,In an internal memo meant to pre-empt a “60 Minutes” interview Facebook defended itself and said that social media was not a primary cause of polarization.
2021-10-02,The electric-car maker has weathered the global shortage of semiconductors better than more established rivals.
2021-10-03,Frances Haugen a Facebook product manager who left the company in May revealed that she had provided internal documents to journalists and others.
2021-10-03,The story behind the story is about the elite investors who plowed millions into a media dream without much due diligence persuaded by the charm of Ozy’s head Carlos Watson.
2021-10-04,“This court gave the agency a second chance to make a valid claim” Facebook said in its filing. “But the same deficiency that was fatal to the F.T.C.’s initial complaint remains.”
2021-10-04,When apps used by billions of people worldwide blinked out lives were disrupted businesses were cut off from customers — and some Facebook employees were locked out of their offices.
2021-10-04,The president warned Republicans “not to use procedural tricks to block us from doing the job.”
2021-10-04,The Democratic senator responded to news that the Fed’s vice chair shifted toward stocks shortly before a policy announcement last year.
2021-10-04,The International Alliance of Theatrical Stage Employees is at loggerheads with companies like Netflix Disney and Amazon over streaming pay and long workdays.
2021-10-04,The National Highway Traffic Safety Administration said battery fires in Tesla’s electric vehicles when no crash was involved were “rare events.”
2021-10-04,Defector The Daily Memphian The Dispatch and other outlets of recent vintage are driving a shift in the digital media business.
2021-10-04,Even as more costly fuel poses political risks for President Biden oil companies and OPEC are not eager to produce more because they worry prices will drop.
2021-10-04,Twitter appeared to embrace its moment in the spotlight.
2021-10-04,The automaker was forced to idle many of its plants for parts of August and September because it did not have enough electronic parts that use computer chips.
2021-10-05,Senator Elizabeth Warren and Representative Pramila Jayapal asserted that the firms were “abusing the public trust and taking advantage of the revolving door between public service and private profit.”
2021-10-05,Here is a guide to some jargon used in the Facebook whistle-blower hearing.
2021-10-05,Examiner Media a publisher of free weeklies in the Lower Hudson Valley of New York rebuilt its staff with a grant from the digital newsletter platform.
2021-10-05,Lawmakers in the hearing explored the role that Facebook’s algorithms play in amplifying problematic content.
2021-10-05,Recent commercial real estate transactions in New York.
2021-10-05,Trade groups that normally compete with one another are in lock step over President Biden’s choice to lead the Office of the Comptroller of the Currency.
2021-10-05,For more than five hours the company’s family of apps including Instagram and WhatsApp were unavailable to the billions who use them.
2021-10-05,Frances Haugen who left the social network in May and leaked internal documents gave senators rare insight into its inner workings.
2021-10-05,About a thousand employees at plants in four states are on the picket line arguing for better pay and benefits.
2021-10-05,Mr. Powell is facing down progressive pushback and an ethics scandal as the White House considers his future.
2021-10-06,The Treasury secretary says the government will run out of money to spend if Congress doesn’t raise the debt ceiling. Here’s what that could mean for programs that help millions of Americans.
2021-10-06,What we learned from Facebook whistleblower Frances Haugen’s Congressional testimony
2021-10-06,G.M. said it would develop ride-hailing services that use autonomous cars create insurance products and expand its defense contracting work.
2021-10-06,This is a pivotal moment in Facebook’s history. Here are suggestions for how to improve the company.
2021-10-06,Included in the breach was a list that purportedly showed how much money each of the platform’s streamers had earned in the past two years.
2021-10-06,Shortly after the C.E.O.s met with President Biden Senator Mitch McConnell said he would allow Democrats to raise the debt ceiling enough to push a potential default to December.
2021-10-06,The company’s chairman a fellow co-founder and an early investor are all listed as multibillionaires.
2021-10-06,Jurors’ eyes glazed over at detailed technical discussions as Theranos’s former lab director described repeated instances of irregular and inaccurate results.
2021-10-06,People InStyle Entertainment Weekly and more than 40 other magazines would become part of the same company as Serious Eats and Investopedia.
2021-10-06,Under new ownership the online publication aimed at younger readers unveiled a revamped version of itself on Wednesday.
2021-10-07,President Biden is urging employers to move ahead with work force requirements as OSHA sorts through companies’ questions about how the rules will work.
2021-10-07,The airline is expecting strong holiday travel especially around Thanksgiving.
2021-10-07,Stocks started their move higher on Wednesday after Republicans offered a short-term compromise to avoid the U.S. defaulting on its debts.
2021-10-07,Lael Brainard a Federal Reserve governor said officials are building climate scenarios for bank stress tests.
2021-10-07,With each Facebook crisis we become savvier about the influence of tech companies on our lives.
2021-10-07,“We’ve heard directly from a growing number of our advertising and publisher partners who have expressed concerns about ads that run alongside or promote inaccurate claims about climate change” the company said.
2021-10-07,A former hedge fund manager Mr. Barsky led the nonprofit news organization to two Pulitzer Prizes in seven years.
2021-10-07,This week the International Monetary Fund’s executive board spent hours questioning Ms. Georgieva about her actions.
2021-10-07,A program gave money to 700000 self-employed people who improperly claimed to have as many as a million employees according to an inspector general’s report.
2021-10-07,Used car prices normally a tiny contributor to overall inflation have become a key influence on the direction of measures like the Consumer Price Index.
2021-10-08,The gain of 194000 in September showed the continuing grip of the latest coronavirus wave though unemployment fell to 4.8 percent.
2021-10-08,The $530 million fine is Beijing’s second major penalty this year against an internet company accused of monopolistic practices.
2021-10-08,Larry Fink is giving some investors more say over voting their shares.
2021-10-08,While its C.E.O. Elon Musk and the state’s conservative lawmakers share libertarian sensibilities they differ greatly on climate change and renewable energy.
2021-10-08,Dig deeper into the numbers we're watching in September's jobs report.
2021-10-08,All of Facebook’s main products — Instagram WhatsApp Messenger and the “big blue app” of Facebook — were inaccessible to at least some users around 3 p.m. Eastern time.
2021-10-08,Complete access will add roughly $40 to the price of daily park entry.
2021-10-08,The S.E.C.’s chair has said that the Archegos trading debacle revealed gaps in the regulatory requirements for investment firms and lightly-regulated family offices.
2021-10-08,At the heart of the legal battle is the power Apple wields over its lucrative App Store.
2021-10-08,Fans are coming up with creative ideas to incorporate masks into their cosplay as in-person gatherings resume with restrictions.
2021-10-09,Some poorer countries are paying more and waiting longer for the company’s vaccine than the wealthy — if they have access at all.
2021-10-09,In “Play Nice But Win” Mr. Dell delves into the drama behind some of the biggest deals of the past decade.
2021-10-09,If what faces Big Tech is anything like what happened to Big Tobacco the road ahead is likely to be a yearslong battle over proposed rules and regulations.
2021-10-09,As the International Monetary Fund gets set for its annual meeting economists ask if it’s time to update its mandate as the world’s financial crisis responder.
2021-10-10,For brands associated with the Bond franchise the connection is valuable enough to throw do-over parties for the latest film.
2021-10-10,DealBook gathered experts to debate the solutions to cryptocurrency’s climate problem.
2021-10-10,An enduring traffic jam at the Port of Savannah reveals why the chaos in global shipping is likely to persist.
2021-10-10,“No Time to Die” has taken in more than $300 million worldwide. The overall box office remains fragile however and the future for films that aren’t part of big-budget franchises is unsure.
2021-10-10,Employees are divided over Frances Haugen a former product manager who testified that the company was putting profit before safety.
2021-10-10,A writer for an alt-weekly called out a Boston Globe editor for his “fealty” to the idea of objectivity in a column that reads as if it were written yesterday.
2021-10-10,More than a thousand flights were canceled on Sunday and 800 on Saturday. The airline blamed air traffic control and “disruptive weather” but no other carrier reported problems.
2021-10-11,David Card Joshua Angrist and Guido Imbens were honored for delving into cause and effect in ways that shed light on labor markets.
2021-10-11,Southwest’s weekend disruptions fueled opposition to corporate vaccine mandates.
2021-10-11,Joe Bae and Scott Nuttall are taking over as co-chief executives in a succession plan that was set in motion in 2017.
2021-10-11,The Chinese real estate developer has three more payments due Monday on its dollar bonds and offshore bondholders are beginning to worry.
2021-10-11,The airline and its pilots union denied that the cancellations were related to the company’s decision to require employees to be vaccinated against the coronavirus.
2021-10-11,His retirement adds to brain drain at the world’s largest entertainment company as a new generation of executives rise to power.
2021-10-11,Black business owners were more likely to get Paycheck Protection Program loans from online lenders than from banks according to new research.
2021-10-11,The big banks are expected to benefit from increased consumer spending when they report earnings this week. Where they go from here will depend greatly on lending to households and businesses.
2021-10-11,Netflix said in a statement that the transgender employee Terra Field was not suspended because of the tweets critical of Mr. Chappelle’s show.
2021-10-11,The announcement was a further retreat from the rigid stance the tech giant had taken earlier this year.
2021-10-12,General Motors has recalled 141000 Bolts to replace battery packs that can catch on fire because of manufacturing defects.
2021-10-12,The global growth forecast was pared to 5.9 percent from 6 percent because of the Delta variant and supply chain bottlenecks. The U.S. growth prediction was cut to 6 percent from 7 percent.
2021-10-12,Companies start reporting their third-quarter earnings this week and profits are expected to have risen substantially. But worries of future growth are growing.
2021-10-12,A plan outlined by President Emmanuel Macron commits 30 billion euros to finance crucial industries and cut greenhouse emissions.
2021-10-12,Recent commercial real estate transactions in New York.
2021-10-12,A survey by the Federal Reserve Bank of New York shows inflation expectations are the highest since 2013 adding pressure for Fed officials.
2021-10-12,“This does not change anything for American” a spokeswoman said. When the airline introduced its mandate it cited a presidential order that employees of government contractors be vaccinated.
2021-10-12,A government report shows how the balance of power in the labor market has swung toward workers.
2021-10-12,The International Monetary Fund says the persistence of the coronavirus and global supply chain crisis weighs on economies.
2021-10-12,When the tech giants splurge on big-ticket investments it’s great for them but hard for others to keep up.
2021-10-13,Why are DoorDash and Instacart letting businesses buy their way to the top of search results?
2021-10-13,In his most direct comments to date on the contentious Russian pipeline President Vladimir V. Putin called it an “obvious” way to relieve Europe’s soaring natural gas prices.
2021-10-13,The social network which has been under increased scrutiny after a former product manager turned into a whistle-blower is trying to prevent leaks.
2021-10-13,Federal Reserve officials are preparing to slow bond buying and are divided over when they might need to raise interest rates as inflation bites.
2021-10-13,Starting next week the American private equity firm will take a more forceful approach to vaccines than many other firms in Britain.
2021-10-13,In a letter the National Highway Traffic Safety Administration reminded Tesla that federal law requires automakers to initiate recalls if they find defects that pose a safety risk.
2021-10-13,The increase a cost-of-living adjustment that applies to about 70 million Americans comes as consumer prices have jumped sharply.
2021-10-13,Companies are juggling conflicting federal and state orders on coronavirus vaccine mandates.
2021-10-13,Mr. Goldner who went on medical leave two days earlier has been credited with merging toys and entertainment.
2021-10-13,Consumer Price Index data from the Labor Department showed that prices kept climbing in September as supply chain snarls and rising rents fueled rapid inflation.
2021-10-14,The Microsoft-owned service had censored posts in China in compliance with the country’s laws to operate there.
2021-10-14,The drugstore chain’s parent company said that it delivered 13.5 million vaccinations in the three months that ended in September.
2021-10-14,The benchmark U.S. index rose 1.7 percent following a broad-based surge in share prices of materials tech and health care companies.
2021-10-14,Audiobooks are an example of a technology developed by or for people with disabilities that has helped all of us.
2021-10-14,The hotel magnate Stewart Bainum has put together $15 million in annual funding for a nonprofit news site The Baltimore Banner.
2021-10-14,Delivery workers started watch groups during the summer after bike thefts rose. Our reporter visited with one of these groups.
2021-10-14,The prevalence of videos claiming fraud dropped sharply according to New York University’s Center for Social Media and Politics.
2021-10-14,Federal prosecutors say Mark Forkner deceived the F.A.A. and was “scheming to defraud” customers.
2021-10-14,The comedian Dave Chappelle’s comments on transgender people and gender in “The Closer” have led to outside criticism and internal unrest at the company that upended Hollywood.
2021-10-14,Natural gas prices have skyrocketed pressuring manufacturers and households with high energy bills.
2021-10-15,Some analysts say they cannot determine if plant-based foods are more sustainable than meat because the companies are not transparent about their emissions.
2021-10-15,The automaker had initially planned to produce a million vehicles in November but now projects it will make 850000 to 900000.
2021-10-15,Big college endowments had a bumper year.
2021-10-15,A big reason for the gains is investments with private equity firms which in some years have received more in fees than endowments have paid out in tuition help.
2021-10-15,The 0.7% increase was better than expected. Rising consumer prices were a factor but economists said the results showed Americans wanted to get out and shop.
2021-10-15,In a town-hall-style meeting on Friday Ted Sarandos a co-chief executive of Netflix faced criticism from staff over Mr. Chappelle’s “The Closer.”
2021-10-15,Janneke Parrish who was a program manager for Apple Maps in Austin Texas was one of the two leaders of a group that called itself AppleToo.
2021-10-15,Testimony addressed the question of whether Theranos was misleading and deceiving big corporations to get money.
2021-10-15,Fees from advising corporate clients on mergers and other deals raised bottom lines across Wall Street. Bankers say it’s a good sign for the recovery.
2021-10-15,The Wall Street giant joined the country’s other big banks in beating analysts’ earnings expectations.
2021-10-16,DealBook spoke with the Harvard researcher and biotech founder David Sinclair about the opportunities and challenges of hacking the human lifespan.
2021-10-16,A new project aims to incorporate the cost of lawsuit settlements and inequality when rating municipal bonds.
2021-10-16,The app hailed as Facebook’s growth engine has privately wrestled with retaining and engaging teenagers according to internal documents.
2021-10-17,The tentative agreement came hours before a strike deadline and avoids a production shutdown at TV and movie studios already scrambling to make up for time lost in the pandemic.
2021-10-17,A high-flying German media giant is ahead on digital media but seems stuck in the past when it comes to the workplace and deal-making.
2021-10-17,The company which went public earlier this year has lessons for other internet outfits aiming to attract younger users even as its own audience gets older.
2021-10-18,Supply chain issues have made all kinds of products — paint and lumber certain foods clothing and electronics — harder to find.
2021-10-18,The tech giant rolled back some of the changes it had made to its laptops getting rid of the unpopular Touch Bar and re-adding ports for an HDMI cable and an SD memory card.
2021-10-18,A push in the Buffalo area could produce the first union at company-owned stores in the U.S. But backers say moves by management are having a chilling effect.
2021-10-18,An exchange-traded fund tied to the cryptocurrency is set to begin trading on the New York Stock Exchange a milestone for the industry.
2021-10-18,A bipartisan group told the company that they were considering referring their concerns to the Justice Department for a potential criminal inquiry.
2021-10-18,A long-anticipated report did not suggest any policy changes in response to the meme stock frenzy that caused some little-regarded shares to soar.
2021-10-18,The editor Julian Reichelt had been accused of abusing his power involving a relationship with a junior employee at Bild a tabloid owned by the media giant Axel Springer.
2021-10-18,The American Rescue Plan could be pushing inflation up slightly and temporarily a Federal Reserve Bank of San Francisco analysis said.
2021-10-18,Under her leadership the Academy has taken steps to diversify and expand its membership.
2021-10-18,Mr. Gates who at the time was Microsoft’s chairman had asked a female employee out on a date a Microsoft spokesman said.
2021-10-19,Autumn was meant to mark the beginning of the end of the labor shortage that has held back the nation’s economic recovery. Expanded unemployment benefits were ending. Schools were reopening freeing up many caregivers. Surely economists and business owners reasoned a flood of workers would follow.
2021-10-19,The Justice Department sued the company in December arguing that Facebook had declined to “recruit consider or hire” qualified United States workers for more than 2000 positions.
2021-10-19,Start-up implosions don’t matter to most people. But the feelings of unfairness affect us all.
2021-10-19,The virtual walkout planned for Wednesday is the latest example of how the internal backlash over the comedian’s new special has roiled the streaming service.
2021-10-19,Since 2011 more than 500000 of the 1.2 million people who received prepaid cards from JPay were forced to pay fees to retrieve their money the Consumer Financial Protection Bureau said.
2021-10-19,Investigators said more than $200 million was used to pay bribes and kickbacks to enrich foreign officials and former bankers at Credit Suisse.
2021-10-19,With government officials around the world slowly easing travel restrictions and companies starting to send employees on more business trips United’s executives expressed optimism about the coming months.
2021-10-19,Large companies including G.E. have cited a requirement which President Biden announced in September that federal contractors be vaccinated when introducing mandates.
2021-10-19,The agency said Arizona South Carolina and Utah had failed to adopt rules protecting workers from the coronavirus.
2021-10-19,The company has 222 million customers with 67 million in the U.S. and expects to add 8.5 million subscribers in the December quarter.
2021-10-20,The developer once China’s most prolific has more than $300 billion in unpaid bills and is facing a crisis that has sent a wave of panic through global markets.
2021-10-20,A new high for the S&P 500 would cap a volatile stretch of trading that saw the benchmark fall nearly 5 percent in September.
2021-10-20,DuPont factories pumped dangerous substances into the environment. The company and its offspring have gone to great lengths to dodge responsibility.
2021-10-20,The drug Aduhelm brought in $300000 in revenue in its first full three months of availability. The company expects the drug to generate minimal revenue for the rest of the year.
2021-10-20,Over-the-counter hearing aids have the potential to show government and tech companies at their best.
2021-10-20,Buying a $1000 iPhone can be equivalent to giving up $17000 in retirement savings or 2500 cups of coffee.
2021-10-20,Multinational conglomerates like Danone Nestlé and Procter & Gamble blamed supply chain disruptions for the jump.
2021-10-20,The automaker also reported a big jump in revenue to $13.8 billion from $8.8 billion a year ago as sales of the Model Y continue to rise.
2021-10-20,The protest involved dozens of employees and was one of the most visible signs of worker unrest in the history of the streaming service.
2021-10-20,If completed it would be the largest consumer internet deal of the past decade.
2021-10-21,We’re interested in learning as much as possible about how employers manage their work forces.
2021-10-21,A merger with a so-called blank check company is poised to give the former president access to hundreds of millions of dollars.
2021-10-21,Snap the parent company of Snapchat said that it had expected some disruption but that challenges for advertisers had been more severe than expected.
2021-10-21,After weeks of fluctuations driven in part by Washington gridlock share prices hit another high and put a dismal September in the rearview mirror.
2021-10-21,The Federal Reserve faced scrutiny after two regional bank presidents disclosed questionable 2020 trading. Now it’s revamping the rules.
2021-10-21,The move is a concession to regulators and lawmakers who are challenging whether the company has overcharged developers.
2021-10-21,The agreement comes as more than 130 countries agreed this month to an overhaul of the international tax system that will see nations adopt a global minimum tax of 15 percent.
2021-10-21,It all comes down to having power over what Americans watch and how.
2021-10-21,Both airlines said they expected to do even better in the final three months of the year lifted by corporate international and holiday travel.
2021-10-21,The social network’s oversight board took aim at an internal program that gives prominent users special leeway on rules.
2021-10-22,Jerome H. Powell said that it was important for policy to be positioned to react and that the Federal Reserve would act to keep prices stable if necessary.
2021-10-22,The deficit was not as high as projected as the strengthening economy bolstered tax revenue.
2021-10-22,The investor Boaz Weinstein moved to abandon a blank-check fund that announced a deal with the former president.
2021-10-22,Confession: We didn’t even have a logistics beat before the pandemic. Now we do. Here’s what we’ve learned about the global supply chain disruption.
2021-10-22,Social media platforms like TikTok and Instagram try to monitor for content related to the problem but it is not always clear what to do about it.
2021-10-22,Company documents show that the social network’s employees repeatedly raised red flags about the spread of misinformation and conspiracies before and after the contested November vote.
2021-10-22,The announcement came one year after Goldman admitted criminal wrongdoing by its Malaysian subsidiary for its role in the looting of 1MDB the Malaysian government’s sovereign wealth fund.
2021-10-22,The new details came in an unredacted version of a lawsuit filed by Texas and 11 other states.
2021-10-22,Safety protocols for firearms on set are well established and straight forward and injuries of any kind are rare.
2021-10-22,Prosecutors focused on her alleged deceptions trying to make the case that she intentionally misled Theranos’s investors and commercial partners.
2021-10-23,Internal documents show a struggle with misinformation hate speech and celebrations of violence in the country the company’s biggest market.
2021-10-23,Since July the N.C.A.A. has allowed athletes to make money from endorsement deals. Fans don’t seem to mind.
2021-10-24,A knot of problems with Amazon’s system for handling paid and unpaid leaves has led to devastating consequences for workers.
2021-10-24,A team of private security sleuths in their first public detailing of their efforts discuss how they used cybercriminals’ mistakes to quietly help victims recover their data.
2021-10-25,Likes and shares made the social media site what it is. Now company documents show it’s struggling to deal with their effects.
2021-10-25,A look at a month of scrutiny and struggles for the social-networking giant.
2021-10-25,Leaders are weighing a new charge on unrealized capital gains for the ultrawealthy.
2021-10-25,The order to be fulfilled between now and the end of next year is a sign of the growing momentum in the shift toward electric cars.
2021-10-25,The deal to join the stock market through a merger with a shell company would value the e-sports conglomerate at about $1 billion.
2021-10-25,Fewer foreign people have been able to work in the U.S. amid the coronavirus leaving a hole in the potential labor force.
2021-10-25,The outcome could bring a second unionization vote at an Amazon warehouse in less than a year.
2021-10-25,The results in the latest quarter are a sign of the company’s financial strength as it faces a public relations crisis.
2021-10-25,Mr. Chappelle’s special has put Netflix at the center of a conversation involving transphobia free speech and employee activism.
2021-10-25,With long battery life and nice cameras the new Google devices excel at what popular phones have done for years. Is that enough?
2021-10-26,Inflation is as much a psychological process as an economic one. And a key indicator of inflation expectations has risen in recent days which could ultimately lead to higher interest rates.
2021-10-26,Lawmakers pressed the executives on the mounting concerns that their services harm children and teenagers.
2021-10-26,Recent commercial real estate transactions in New York.
2021-10-26,New technology and stricter standards allow them to better track a development’s carbon footprint.
2021-10-26,The social media giant is making bonkers money. But it aims to turn itself inside out to get more young people.
2021-10-26,The social media company said the effects of Apple’s privacy changes had not been as severe for its advertising business as for other companies.
2021-10-26,The results easily topped analysts’ forecasts.
2021-10-26,The earnings were driven by success in the company’s Microsoft Cloud business which includes Office 365 subscriptions and Azure.
2021-10-26,The streaming service said it would bid for a nearly 300-acre chunk of Fort Monmouth and it has the support of Gov. Phil Murphy.
2021-10-26,The government wants to bolster electricity supply and ease dependence on foreign developers like China.
2021-10-27,The cost of food is soaring — and it’s changing shopping and eating habits for tens of millions of Americans.
2021-10-27,A major investor testifies.
2021-10-27,Revenue fell 5 percent from a year earlier but the automaker said chip availability had “markedly improved” since the previous quarter.
2021-10-27,Americans are paying more for food and beverages as large corporations are able to pass on higher costs brought on by supply chain delays and labor shortages.
2021-10-27,The move follows intense scrutiny after a whistle-blower provided documents about the social network’s inner workings.
2021-10-27,Candid looks at the inner workings of influential tech companies shouldn’t be so rare.
2021-10-27,“A new age of optimism” is coming said Chancellor Rishi Sunak while inflation and shortages still bedevil the country.
2021-10-27,The aircraft maker reported $15.3 billion in revenue in the third quarter up about 8 percent from the same period last year and just below analyst expectations.
2021-10-27,The automakers said the profit outlook for the full year had improved and higher car prices eased the impact of reduced production.
2021-10-27,The world is facing an energy credit crunch in part because of Wall Street’s E.S.G. focus warned Steve Schwarzman of Blackstone.
2021-10-28,“I’m probably going to get in trouble for this” Mr. Rivera said after taking issue with “false flag” claims in Mr. Carlson’s upcoming three-part series “Patriot Purge.”
2021-10-28,The social network under fire for spreading misinformation and other issues said the change was part of its bet on a next digital frontier called the metaverse.
2021-10-28,Novara a London news group fell victim to YouTube’s opaque and sometimes arbitrary enforcement of its rules.
2021-10-28,The video game publisher said it would spend $250 million on hiring more women and those from “underrepresented communities” and adopt a zero-tolerance harassment policy.
2021-10-28,They are tech titans entertainment moguls and heirs to great fortunes. Their ranks grew during the pandemic changing the political conversation around taxing the wealthy.
2021-10-28,Thousands of local and state police departments are customers for Clearview’s facial recognition tool the company says.
2021-10-28,The company’s profit was lower largely because of higher labor costs and huge investments in its delivery network.
2021-10-28,The bank will consider requests for medical and religious exemptions.
2021-10-28,The team behind “Rust” chose not to get an insurance package often carried by productions which some in Hollywood said was a sign of cutting corners.
2021-10-28,Evergrande has warned in securities filings that it could not guarantee it would meet its financial obligations because of challenges it has faced selling assets.
2021-10-29,It’s a $19 cloth.
2021-10-29,If his new strategy works — a big if — it could help address several of Facebook’s biggest problems.
2021-10-29,As climate change bears down Greece is upending its sources of energy and trying to reshape its economic destiny.
2021-10-29,There is evidence the change to Meta is more than window dressing.
2021-10-29,Economic output grew 2.2 percent in the third quarter as the region recovered from a double-dip recession while inflation jumped to 4.1 percent.
2021-10-29,The Federal Reserve is closely watching inflation and the numbers have been sharply elevated in recent months.
2021-10-29,In the third quarter the companies continued their rebound from the collapse in demand at the start of the coronavirus pandemic.
2021-10-29,The S&P 500 rose nearly 7 percent for the month as strong earnings reports and progress toward a spending deal in Washington helped investors shake off a number of concerns.
2021-10-29,The former president began discussing a deal with a ‘blank check’ company early this year. Investors weren’t told.
2021-10-29,The labor unit says it has also submitted to the National Labor Relations Board cards from more than 80 percent of eligible workers seeking to form a union.
2021-10-30,The agreement must still be approved by U.A.W. members. They had rejected an earlier accord negotiated by the union.
2021-10-30,A proposed ‘billionaire tax’ appears to have been shelved but questions about how to best tax extreme wealth remain.
2021-10-30,Trying to attract investors and retain customers the United Arab Emirates says it will step up its efforts to cut emissions.
2021-10-31,By selling battery-powered S.U.V.s and luxury sedans in places like Germany and Norway China is striving to become a force in the global auto industry.
2021-10-31,Earnings nearly tripled showing that oil retains a large role in the global economy despite climate change concerns.
2021-10-31,Journalists and tech executives seem to be fighting each other to a draw in a battle that has no end in sight.
2021-10-31,After three days offline the popular gaming site said Sunday that it was back. In the meantime children were freaking out.
2021-10-31,The carrier blamed bad weather and staffing shortages. It was the second airline this month to face significant disruptions.
2021-11-01,The company updated registration documents with the Securities and Exchange Commission on Monday.
2021-11-01,The California utility already faces state criminal charges over the blaze this year the second largest wildfire ever recorded in the state.
2021-11-01,A Treasury Department report says stablecoin issuers should operate like banks to avoid destabilizing runs that could erode financial stability.
2021-11-01,The Labor Department has completed a draft of an emergency standard which is under review. When it is released a flurry of corporate vaccine mandates is expected to follow.
2021-11-01,While big companies wield considerable power Covid’s economic disruption has given workers new leverage contributing to a recent upturn in strikes.
2021-11-01,Memories of the Yellow Vest movement are prompting officials to ensure that spiking energy prices don’t fuel inequality or populist discontent.
2021-11-01,British regulators had examined what Jes Staley told his bank’s board about ties to the disgraced financier.
2021-11-01,Following the devastation wrought by Hurricane Ida in Millburn N.J. small business owners are facing an uncertain future even as the community rallies to help.
2021-11-01,There was a lot of advance hype for the FX series “Impeachment: American Crime Story.” But it won’t be available on any major streaming platform for another 10 months and that’s a problem in 2021.
2021-11-01,British regulators investigated how the bank executives characterized his ties with the disgraced financier.
2021-11-02,The Federal Reserve is expected to announce a plan to taper off its bond buying. With inflation surging economists’ eyes are already turning to rates.
2021-11-02,Hertz had said that it would convert more than 20 percent of its rental fleet to Tesla’s cars a deal that helped propel Tesla’s stock value beyond $1 trillion for the first time.
2021-11-02,Recent commercial real estate transactions in New York.
2021-11-02,Saying it wants “to find the right balance” with the technology the social network will delete the face scan data of more than one billion users.
2021-11-02,Developers say industrial-scale farms are needed to meet the nation’s climate goals but locals are fighting back against what they see as an encroachment on their pastoral settings.
2021-11-02,For two years in a row the company is on track to bring in more single-year revenue from the shots than any other medical product in history.
2021-11-02,One of the leaders of an activist movement at Apple took her complaint to a federal agency marking an escalation of a conflict between Apple and some of its workers.
2021-11-02,The real estate website had been relying on its algorithm that estimates home values to buy and resell homes. That part of its business lost about $420 million in three months.
2021-11-02,After the social media giant auditioned agencies to manage its ad budget underscoring its Madison Avenue ties Spark Foundry won the business.
2021-11-02,How the U.S. tries to keep the country safe and competitive as the future of technology becomes less American.
2021-11-03,The moves appeared linked to several factors including positive corporate announcements a surge in interest from retail investors and the squeezing of short sellers.
2021-11-03,The Federal Reserve the Bank of England and the Reserve Bank of Australia are among several central banks pulling back support as inflation jumps.
2021-11-03,If the apps alerts and action on your smartphone are taking up too much of your attention turn on Focus mode to mute the distractions.
2021-11-03,The ban is the strongest step an American president has taken to curb abuses in the global market for spyware.
2021-11-03,Flashy new car technology may be exciting but it might also be distracting us from what we need.
2021-11-03,The Federal Reserve is dealing with high inflation at a time when millions of workers remain on the job market’s sidelines. Wednesday’s announcement that it will slow bond purchases is a step toward more normal monetary policy.
2021-11-03,Seth Lipsky sold the publication to Dovid Efune the former top editor of The Algemeiner. Mr. Lipsky will remain the top editor and Mr. Efune will be publisher and chairman.
2021-11-03,Smartmatic an election technology company that faced baseless accusations of rigging the 2020 election has filed a similar lawsuit against Fox News.
2021-11-03,Three years ago the company walked away from a Defense Department project after employees objected to it. Now the company is working on a new proposal for the Pentagon.
2021-11-03,It was the second contract proposal to be voted down by union members at the farm machinery company.
2021-11-04,The trade deficit in September climbed to $80.9 billion a record. Imports rose slightly while exports fell.
2021-11-04,The authorization of Merck’s easy-to-use Covid treatment molnupiravir is a step toward taming the pandemic.
2021-11-04,We’re answering your questions about the new OSHA rules for employers with 100 or more workers. This F.A.Q. was last updated on Nov. 8 at 11:50 a.m.
2021-11-04,Why Apple and Samsung are the Coke and Pepsi of smartphones in the U.S.
2021-11-04,Isomorphic Labs is a spinoff of the London-based artificial intelligence lab DeepMind.
2021-11-04,Leaders of some of the world’s biggest financial firms say that the rush to transition to clean energy could have unintended consequences for the global economy.
2021-11-04,Start-up investors have often suspended skepticism while chasing a hot deal. The trial of Ms. Holmes the founder of Theranos has put that behavior under the spotlight.
2021-11-04,The quarter was otherwise upbeat as business continued to rebound.
2021-11-04,The Biden administration has released details of its plan to prevent the spread of the coronavirus at work. Here are answers to some of the questions readers submitted.
2021-11-04,The suit filed by the now defunct photo start-up Phhhoto accused the social network of stalling on a deal and then putting it out of business.
2021-11-05,The social networking company has discussed opening physical stores to showcase its virtual reality and augmented reality devices.
2021-11-05,Employers added 531000 jobs in October a big improvement from the previous month and a sign of optimism as the latest coronavirus surge eases.
2021-11-05,In the tug of war between wage growth and rising prices it is not yet clear who is winning. It could matter for the Federal Reserve.
2021-11-05,Federal Reserve officials want to know where things stand in the job market’s recovery. It’s tricky to guess that with so many workers on the sidelines.
2021-11-05,New details have clarified the forthcoming requirements — and prompted questions and concerns.
2021-11-05,The New York Times’s economics reporters including Ben Casselman Neil Irwin Jeanna Smialek and Talmon Smith are pulling out the most interesting and important parts of Friday’s jobs report.
2021-11-05,What is Cambo? It’s a proposed oil field deep underwater off Scotland that has become an intense focus of environmentalists and the energy industry.
2021-11-05,The $237.5 million accord is subject to court approval. The plaintiffs said board members had neglected their oversight duties.
2021-11-05,When a Google staffing agency reneged on a promise to pay an attendance bonus temps who are part of the company’s union organized and forced it to backtrack.
2021-11-06,The conglomerate’s results reflected the turmoil in financial markets and the broader slowdown in U.S. economic growth.
2021-11-06,Steven Donziger who won a $9.5 billion settlement against Chevron over dumped oil began serving a six-month sentence for contempt of court last week.
2021-11-08,He asked whether he should sell 10 percent of his stock and Twitter voters said yes. Stock options he was granted in 2012 are “a ticking tax time bomb” one expert said.
2021-11-08,Signing bonuses higher wages even college tuition. Companies are using perks to entice new employees in an industry that has been battered by the pandemic.
2021-11-08,At a moment of political turmoil economic change and a pandemic-driven focus on how we work labor has become a hot news beat.
2021-11-08,After plunging during the pandemic as the economy slowed energy prices have roared upward. Washington is already moving to offer homeowners relief.
2021-11-08,Low-profile chip makers with aging factories have become surprisingly powerful leading to industry changes that may outlive the pandemic-fueled supply crunch.
2021-11-08,Is the Tesla chief about to sell a big chunk of his shares?
2021-11-08,Mr. Quarles’s term as a governor could have stretched until 2032. His departure will give the Biden administration more room to remake the Fed.
2021-11-08,Their union which is seeking higher salary minimums and guaranteed raises has been negotiating with The New York Times Company for two years.
2021-11-08,A Federal Reserve report found the financial system showed broad signs of resilience but it suggested so-called meme stocks could pose some risks.
2021-11-08,One97 Communications the app’s parent company has drawn interest from institutional investors as online shopping in India expands.
2021-11-09,“I think it’s reasonable to own it as part of a diversified portfolio” Apple’s chief executive said at the DealBook Online Summit.
2021-11-09,The company is pushing to find new sources of revenue.
2021-11-09,Satellite internet is exciting but it needs to be part of a bigger effort to get more people online.
2021-11-09,Since Friday Tesla has shed about $200 billion in market valuation.
2021-11-09,He also tried to revise the record about what happened.
2021-11-09,The petitions were submitted as employees at three other stores prepared to vote in a unionization effort.
2021-11-09,Ad buyers will no longer be able to use topics such as health race or sexual orientation to target people with unwanted ads on Facebook or other Meta apps.
2021-11-09,The company which lost its bid for a big Postal Service contract has told investors it is under federal investigation.
2021-11-09,“It sets us up for economic growth and success but it also just allows people to have that very sacred time as a family.”
2021-11-09,The actor and author Matthew McConaughey is contemplating a run for governor of Texas.
2021-11-10,The emblem for Facebook’s new parent company is built for the metaverse even if it disappoints in the real world.
2021-11-10,On Day 2 of the DealBook Online Summit more leaders in business policy and culture are set to speak with DealBook’s Andrew Ross Sorkin about consequential issues from American foreign relations to the prospects for electric cars and how to fight misinformation. To catch up on the news from Day 1 browse our coverage here.
2021-11-10,The Secretary of State called for rich countries pharmaceutical companies and others to “step up.”
2021-11-10,Evergrande had three bonds for which grace periods for interest payments were set to expire on Wednesday.
2021-11-10,Amazon racing to get products from factories to our homes lures merchants with chartered cargo ships.
2021-11-10,The company will pay out successful compensation suits and allow victims’ families to file those suits in Illinois. Families agreed not to sue for punitive damages.
2021-11-10,Disney is beginning a new marketing blitz to promote its all-important streaming service.
2021-11-10,The Justice Department and the S.E.C. have contacted companies that discussed investing in the Silicon Valley media business.
2021-11-10,Two former lab directors testified about some of the inner workings of Theranos.
2021-11-10,The Justice Department says Uber did not adjust its wait time fees for people with disabilities even when Uber knew someone needed additional time.
2021-11-11,Hint: It’s not because we all have a burning desire to buy makeup on YouTube.
2021-11-11,China inflation electric vehicles deplatforming and other hot topics dominated the DealBook Online Summit this year.
2021-11-11,The economy grew 1.3 percent in the third quarter down from 5.5 percent growth in the previous three months.
2021-11-11,Sales grew 8.5 percent from last year but had grown 26 percent in 2020 from the year before.
2021-11-11,Across seven decades the roadster has radiated a sporty elegance and a new generation adds a dash of modern driving technology.
2021-11-11,The second-most populous country is enjoying some of the world’s strongest stock market returns. Pro-growth policies and gnawing questions about China have helped.
2021-11-11,The sales so far were considerably short of the $20 billion worth he promised over the weekend that he would sell.
2021-11-12,After years of complaints NBCUniversal and its peers are looking for other ways to count viewers with or without the ratings giant.
2021-11-12,Has the president found a corner of the market that has faith in his pledge to contain rising prices?
2021-11-12,Vietnam one of the world’s largest suppliers of apparel and footwear is experiencing a labor shortage. Many employees are reluctant to return after a harsh summer lockdown.
2021-11-12,Nearly a million workers quit in the leisure and hospitality industry alone reflecting the competition for workers after pandemic-induced shutdowns.
2021-11-12,The workers had spent months collecting signatures to call for an election.
2021-11-12,False statements about vaccines have spread on the “Wild West” of media even as some hosts die of virus complications.
2021-11-12,The 135-year-old company announced plans to divide itself into a consumer products business and a medical company.
2021-11-12,A University of Michigan survey registered the lowest reading in a decade reflecting unease about the present and the future.
2021-11-13,More than 30000 West Coast workers at the health care provider had planned to go on strike on Monday.
2021-11-13,About 10000 workers primarily in Iowa and Illinois have been out since Oct. 14. They rejected two previous contract proposals negotiated by the United Automobile Workers.
2021-11-13,As the number of jobs focused on environmental social and governance issues grows M.B.A. programs are updating their courses to meet demand from students and recruiters.
2021-11-13,Countries have been paying about $3 to $4 per shot for AstraZeneca’s vaccine under the company’s not-for-profit pricing model.
2021-11-14,The coronavirus and supply chain issues stymied growth in the third quarter but high vaccination rates and low numbers of virus cases point to a recovery.
2021-11-15,The restructuring is meant to make the company more appealing to investors and make it easier to sell assets the oil giant said.
2021-11-15,President Biden is set to sign $1 trillion in infrastructure spending into law. But rising prices will determine what happens to his social bill.
2021-11-15,A little-known organization called the Bridgespan Group is guiding the philanthropic choices of many leading donors including MacKenzie Scott.
2021-11-15,Small experimental hydrogen-powered planes are paving the way for net-zero carbon aviation by 2050. But the route is rocky.
2021-11-15,The co-working business cut its expenses in the third quarter but also showed a decline in revenue.
2021-11-15,The margin was perilously narrow with many International Alliance of Theatrical Stage Employees members viewing the pact as toothless in terms of preventing long working hours.
2021-11-15,Though interest in Halo has waned over the years the company is banking on a new version to goose sales of its Xbox and subscription gaming service.
2021-11-15,The company abandoned work on an earlier military program after employees revolted.
2021-11-15,Citigroup JPMorgan Chase and Goldman Sachs are among those eyeing huge potential profits undeterred by Beijing’s sudden policy changes and friction with the United States.
2021-11-15,President Biden is under pressure to release oil from the Strategic Petroleum Reserve. Here’s how it works and how it might lower prices (modestly and maybe not for long).
2021-11-16,Mr. Kanter has fought against Google and other tech giants for years.
2021-11-16,The Treasury secretary’s letter comes weeks after she issued similar calls before Congress temporarily raised the cap on borrowing.
2021-11-16,More than a hundred employees protested at the company’s studio in Irvine Calif. on Tuesday.
2021-11-16,Workers demonstrated to push the company to wrap up negotiations on contracts.
2021-11-16,A company that once guarded its viewership numbers closely is now going to release data weekly on its top shows and films.
2021-11-16,The treatment Paxlovid is the second antiviral pill to show effectiveness in treating Covid.
2021-11-16,The 2018 tweet in which Mr. Musk claimed he had secured funding to take Tesla private initially sent the automaker’s shares soaring. But they sank when it became clear that no such deal had been reached.
2021-11-16,Our online experiences are shaped by the people who run our favorite Facebook group or Reddit forum.
2021-11-16,Demand for residences that produce as much energy as they consume is being spurred by climate concerns consumer appetite and more affordable solar technology.
2021-11-16,Recent commercial real estate transactions in New York.
2021-11-17,Prices rose 4.2 percent last month from a year earlier more than double the Bank of England’s target.
2021-11-17,Peloton Zoom and others make way for the shares of “reopening” companies.
2021-11-17,The drug Aduhelm has been mired in controversy since it was in approved in the United States in June.
2021-11-17,For years merchants have complained about transaction fees that eat into their revenue but having Amazon take up the fight may ratchet up the pressure. The change will go into effect Jan. 19.
2021-11-17,The list of scarce gadgets is long driven by a chip shortage. Don’t wait until Black Friday for the best deals.
2021-11-17,How a “financial flash mob” is trying to raise $20 million for a rare copy of the U.S. Constitution.
2021-11-17,Many local governments see a silver lining in the shortage of semiconductor chips that has contributed to a slowdown in the global economy.
2021-11-17,Apple said it would soon provide parts tools and manuals to those who wanted to fix their own iPhones and Mac computers.
2021-11-17,Saule Omarova a Cornell law professor faces fierce opposition from bankers and Republican lawmakers. She may not have enough support from Democrats either.
2021-11-17,Before we get to the metaverse we need to talk about the past decade of tech ideas.
2021-11-18,Shares in Lucid Motors and Rivian are soaring. Can that last?
2021-11-18,The retailer said its sales for the three months that ended on Oct. 30 were $5.4 billion and it posted a net profit of $239 million.
2021-11-18,Big companies are struggling with how when and even if they will bring employees back to the office.
2021-11-18,You loved TikTok leggings. Will you ever buy them again?
2021-11-18,It’s the latest investment deal for the celebrities whose financial backing is valued as a stamp of approval for consumer brands.
2021-11-18,The automaker will team with GlobalFoundries on producing and developing semiconductors crucial parts that have been in short supply.
2021-11-18,The states were examining whether the actions of Facebook now called Meta violated state consumer protection laws and put the public at risk.
2021-11-18,What’s Crypto.com which is paying $700 million for the naming rights to the sports venue?
2021-11-18,Testimony in the fraud trial of Ms. Holmes the founder of the blood testing start-up Theranos shows how much coverage of the tech industry has changed over the years.
2021-11-18,The company said the closures which will affect about 9 percent of its stores in the next three years were part of a shift in focus.
2021-11-19,A group of cryptocurrency fans known as ConstitutionDAO had also bid on the document setting off a frenzy of memes and pledges.
2021-11-19,Supporters of the Biden buyback tax say it will be good for the economy. Skeptics say it will hurt investment.
2021-11-19,In a new episode of turmoil at the radio station the author of the articles was reassigned.
2021-11-19,Zia Chishti resigned from the artificial-intelligence company he founded after a former employee accused him of sexual misconduct.
2021-11-19,Jonathan Kanter who was confirmed by the Senate earlier this week as the assistant attorney general for antitrust has been a longtime behind-the-scenes player in building arguments against tech giants.
2021-11-19,The company still loses money but its revenue rose 20 percent in the third quarter. Investors who want to own a piece can do so around Dec. 6.
2021-11-19,For the past 11 weeks prosecutors revealed emails from desperate investors. They held up falsified documents side-by-side with the originals. They called dozens of witnesses who lobbed accusations of deceit and evasiveness.
2021-11-19,The U.S. rested its case after 11 weeks and Ms. Holmes the founder of the blood testing start-up Theranos took the stand.
2021-11-19,Sean O’Brien scored a decisive victory among union members after criticizing the current leadership as too timid in UPS talks and Amazon organizing.
2021-11-19,The suit was part of a proposed three-part class action suit against Robinhood and others over their roles in January’s GameStop trading frenzy.
2021-11-20,Ford remains an investor but its own E.V. development plans have progressed since the partnership was announced.
2021-11-20,The billionaire founder of the world’s largest hedge fund talked with DealBook about China inflation and “The Changing World Order” his new book about empires.
2021-11-20,They hit their highest level since 2014 last month forcing Americans to rejigger household budgets and forgo leisure activities.
2021-11-21,Jonah Goldberg and Stephen Hayes stars of a brand of conservatism that has fallen out of fashion decide they’ve had enough.
2021-11-22,Terms of the deal were not disclosed but the company Scanline VFX will continue to operate independently.
2021-11-22,Ms. Holmes the founder of the disgraced blood testing start-up Theranos pointed blame at others and said her company had worked with drug makers.
2021-11-22,Thanksgiving will be the biggest test of the system’s resilience since the pandemic began with millions more passengers than last year.
2021-11-22,A secret arbitrator’s ruling was issued 13 months ago and became public on Monday when lawyers for the studio petitioned a California court to confirm the award.
2021-11-22,Prosecutors said Theranos had lied about endorsements from pharmaceutical companies to land funding. Ms. Holmes testified that Theranos had indeed worked with drug makers.
2021-11-22,President Biden views the incumbent Fed chair as sharing his values on price growth and the pursuit of a lower unemployment rate to help Black Hispanic and other marginalized workers.
2021-11-22,Hellman & Friedman and Bain Capital are taking over the health care software company.
2021-11-22,Mr. Evans often sits with the rest of Ms. Holmes’s family in the courtroom.
2021-11-22,The Labor Department issued a final rule carrying out an April executive order from President Biden. It could affect more than 300000 workers.
2021-11-22,The hedge fund which owns about 200 papers and bought Tribune Publishing this year bid $141 million for Lee which publishes 90 dailies.
2021-11-23,Apple accused NSO Group the Israeli surveillance company of “flagrant” violations of its software as well as federal and state laws.
2021-11-23,By blaming others and aiming to appear sympathetic Ms. Holmes was employing a strategy of saying she didn’t know and that it wasn’t her lawyers said.
2021-11-23,Two of the banks JPMorgan Chase and Goldman Sachs already meet the board’s requirement because the Federal Reserve holds them to a higher standard.
2021-11-23,We live at the whims of the tech giants. What if small businesses had alternatives?
2021-11-23,The outcome of Ms. Holmes’s fraud trial may be a referendum on start-up behavior and hubris lawyers and others said.
2021-11-23,The price increases come as dollar stores have been struggling with a slowdown in sales and shrinking profits.
2021-11-23,Taylor went to great lengths to lure the Samsung plant. The city its independent school district and the surrounding county promised the company hundreds of millions of dollars in tax breaks.
2021-11-23,As he waits for his own trial to begin in January Elizabeth Holmes’s partner at Theranos and former partner in life is nowhere to be seen.
2021-11-23,A New York trial judge said he needed more time to deliberate on an order that the newspaper argued violates the First Amendment.
2021-11-23,In her most substantial day of testimony Ms. Holmes the founder of the failed blood testing start-up Theranos painted herself as someone whose best intentions were misinterpreted.
2021-11-24,Some central bank officials suggested a quicker pace of tapering economic stimulus might be needed.
2021-11-24,This will be the first time Adam Mosseri a trusted lieutenant to Mark Zuckerberg will appear before lawmakers under oath.
2021-11-24,On a seasonally adjusted basis the figure fell to 199000 a milestone in the economic recovery from the shock of the pandemic.
2021-11-24,To build trust in the government it would help if the website worked.
2021-11-24,Prices climbed by 5 percent in the 12 months through October according to Personal Consumption Expenditures price index data released Wednesday.
2021-11-24,“I regret and should not have made that comment” the chief executive of JPMorgan Chase said Wednesday.
2021-11-24,Supply-chain disruptions may make it tough to buy devices but the most thoughtful presents were never tangible to begin with.
2021-11-24,It’s the season so some business leaders have opened up about why they’re grateful.
2021-11-24,Ifeoma Ozoma who accused Pinterest of discrimination has become a key figure in helping tech employees disclose and fight mistreatment at work.
2021-11-24,Herbert Diess the chief executive seeks to cast VW as a dynamic modern company but his style risks the ire of its powerful works council.
2021-11-25,The Biden administration has called on major companies to help fight the pandemic. Big chains want to get past the holiday staffing crunch first.
2021-11-25,They’re in fobs or on phones and digital or “smart” and they can do far more than just open doors and start the engine.
2021-11-25,Shareholders had accused Pinterest’s board of directors of failing to respond to a pervasive culture of discrimination and retaliation against women and people of color.
2021-11-25,Holiday shopping over the past 80 years as chronicled in photos from The New York Times archives.
2021-11-25,The R1T can haul five tons conquer brutal off-road trails and sprint to 60 miles an hour in a blink. And about that Camp Kitchen tucked inside …
2021-11-26,Black Friday discounts are now routine for European toy stores and other retailers but pandemic restrictions remain a big presence in some areas.
2021-11-26,About 69 percent of stores said they have seen an increase in organized theft in the past year.
2021-11-26,Shoppers are returning to stores in much bigger numbers than last year but the atmosphere is not quite as carefree as the prepandemic days of 2019.
2021-11-26,Historians say the Philadelphia police took to calling the day before the annual Army-Navy football game Black Friday because officers had to work long hours and deal with bad traffic bad weather and other miseries.
2021-11-26,Gaming consoles and TVs were among the most popular items at the beginning of the holiday shopping season.
2021-11-26,Stocks and oil futures slumped while investors sought safety in government bonds.
2021-11-26,A father of three got some Christmas shopping done and the Garden State Plaza expected a busy day.
2021-11-27,The furniture capital of the state is ground zero for inflation labor shortages hot demand and limited supply. It’s debating how to cope.
2021-11-28,A small paper like The Storm Lake Times in Iowa would receive a big tax credit. So would Gannett the nation’s largest news publisher.
2021-11-29,Drawn by deals consumers spread out their spending in the weeks leading up to the day after Thanksgiving.
2021-11-29,Nearly half of the prepandemic audience hasn’t returned research shows and 8 percent may be gone forever.
2021-11-29,A look at key moments from Dorsey’s tenure at the company.
2021-11-29,Amazon said in August that it intended to appeal to the national labor board if it did not prevail at the regional level but it did not say Monday whether it would follow through.
2021-11-29,The Information Commissioner’s Office said it fined Clearview AI for failing to inform British residents that it was collecting billions of photos from sites including Facebook Instagram and LinkedIn to build its facial recognition software.
2021-11-29,President Biden has made a push to unclog ports address trucker shortages and take other steps to alleviate the pressure created by consumers looking to buy couches cars and electronics instead of eating out or going to theme parks.
2021-11-29,A longtime Twitter insider and a confidant of co-founder Jack Dorsey Mr. Agrawal takes over as the social media company confronts various challenges.
2021-11-29,Markets slumped on Tuesday and analysts expect a bumpy ride for share prices while experts assess whether existing vaccines will be effective against the new variant.
2021-11-29,Ms. Holmes the founder of the failed blood testing start-up Theranos blamed Ramesh Balwani the former No. 2 at the company.
2021-11-29,Ms. Holmes the founder of the failed blood testing start-up Theranos testified for seven days to defend against fraud charges.
2021-11-30,“I think it’s important that the I.R.S. have visibility into opaque income streams” the Treasury secretary said.
2021-11-30,Transactions for properties in digital realms are jumping guided by the same principle in the physical world: location location location.
2021-11-30,Jerome H. Powell said the Federal Reserve could end its bond-buying program sooner as inflation persists.
2021-11-30,Jack Dorsey who is stepping down after six years as Twitter’s chief executive is one of the tech leaders who seem to have grown tired of managing their empires.
2021-11-30,David Marcus had most recently spearheaded Meta’s push into a global digital currency.
2021-11-30,The Small Business Administration skipped a basic fraud check and sent billions to recipients barred from receiving federal funds the agency’s inspector general reported.
2021-11-30,The treatment known as molnupiravir could be authorized in the United States within days and available within weeks if the F.D.A. follows the committee’s recommendation.
2021-11-30,The cable news network’s top-rated anchor was an intimate adviser to Andrew Cuomo in the last 18 months of his governorship.
2021-11-30,Under cross-examination the founder of the failed blood testing start-up defended herself but admitted that she had made mistakes.
2021-11-30,The company said the policy was consistent with privacy laws in the European Union and elsewhere.
2021-12-01,Investors are considering the risk of a new variant of the coronavirus and its potential impact on the global economy and are grappling with a shifting outlook for interest rates.
2021-12-01,The network said it was pursuing a “further evaluation” of evidence regarding its star anchor’s efforts to help stave off a sexual harassment scandal that his brother former Gov. Andrew M. Cuomo was facing.
2021-12-01,Mr. Dorsey has in recent years grown more fascinated by cryptocurrencies and the promise of technological decentralization that blockchain technology could allow for.
2021-12-01,Ms. Ortega 37 will become chairwoman in a generational handoff as the global fashion retailer faces supply chain issues.
2021-12-01,The oil cartel and Russia want to bolster prices after a 10 percent drop last week. But they also need to consider the release of reserves by the U.S. and other countries.
2021-12-01,The president of the New York Federal Reserve said Omicron could prolong supply and demand mismatches causing some inflation pressures to last.
2021-12-01,The consumer bureau’s chief says too many banks are hooked on “exploitive junk fees.”
2021-12-01,The organization predicted the global economy would grow 5.6 percent this year but said a new virus-related downturn would hurt the United States and Europe differently.
2021-12-01,It has risen more than in any other year partly driven by the investing arms of large firms already in the crypto industry.
2021-12-01,There is more than one school of thought on the matter.
2021-12-02,New gaming consoles remain in short supply this holiday season spawning cottage industries of tipsters and scalpers making money off their scarcity.
2021-12-02,Supporters of the change say it will curb corruption. A referendum on the question was required in a consent decree between the union and prosecutors.
2021-12-02,The Supreme Court case over a Mississippi law hinges in part on questions of how much progress women’s rights have made over the decades.
2021-12-02,BuzzFeed will make its market debut as soon as Monday. As shareholders voted on the deal some of the media company’s employees staged a work stoppage.
2021-12-02,The commercial for the supermarket chain Tesco depicted Santa Claus being cleared to travel.
2021-12-02,A shipping terminal in Kansas reveals the fundamental problem — no one can plan and no one is sure what will happen next.
2021-12-02,The Treasury secretary said the new virus variant could further fuel price increases but she cautioned it was too soon know.
2021-12-02,A coalition of news outlets which includes The New York Times said the government’s proposed order to prevent Mr. Bannon from releasing documents to the public would violate the First Amendment.
2021-12-02,The proposed deal would give Nvidia control over computing technology and designs that rival firms rely on.
2021-12-02,The field known as Cambo and seen as a bellwether for Britain’s North Sea energy industry awaits a government decision before it can be developed.
2021-12-03,Pacific Gas & Electric settled claims that one of its transmission lines caused the Kincade fire.
2021-12-03,With plenty of its own money and a greater desire to control the private sector Beijing is pushing its companies to tap investors closer to home.
2021-12-03,Employers reported adding 210000 jobs the year’s weakest showing but there were also bright spots. The mixed picture complicated policy prospects.
2021-12-03,The United States could default as soon as Dec. 21 if Democrats and Republicans fail to extend the Treasury Department’s borrowing authority.
2021-12-03,In recent months robberies have been more visible with several involving large groups rushing into stores and coming out with armloads of goods.
2021-12-03,The S&P 500 is down nearly 4 percent since Omicron first began to make headlines.
2021-12-03,Airbnb is renting out the house from “Home Alone” as part of a marketing campaign to make headlines. (Yes it’s working.)
2021-12-03,The SoftBank founder Masayoshi Son is locked in a dispute over compensation that his key deputy Marcelo Claure insists he should be paid.
2021-12-03,Twitter’s head of engineering Michael Montano and its head of design and research Dantley Davis will leave the company by the end of the year.
2021-12-03,A popular route to the public market is looking shakier lately.
2021-12-04,The network said it had “terminated him effective immediately” a move that came days after a lawyer for a former colleague accused the host of sexual misconduct.
2021-12-04,The strategy’s returns increasingly may not provide the stellar performance that investors have been sold.
2021-12-05,Crypto enthusiasts see a future where the internet runs on blockchain-based tokens. In some spaces these experiments are already well underway.
2021-12-06,Farmers in India are desperate. Trucks in South Korea had to be idled. Food prices already high could rise even further.
2021-12-06,Investors have pulled back broadly from risky assets as financial markets have been struck by the arrival of the Omicron variant and surprisingly high inflation.
2021-12-06,Ray Dalio is trying to explain comments about doing business there.
2021-12-06,They are eyeing BuzzFeed’s market performance as they face a tough advertising climate and look for ways to pay back their early investors.
2021-12-06,The Securities and Exchange Commission and the Financial Industry Regulatory Authority are scrutinizing the agreement to go public by merging with a so-called blank-check company.
2021-12-06,A financing company told investors that it wasn’t in deal talks weeks after its C.E.O. held a private videoconference about a possible deal with Donald Trump.
2021-12-06,The plant which will employ 1750 people will be located outside of Greensboro.
2021-12-06,The group was likely using the websites to install malware that helped it gather data from government agencies and other groups the company said.
2021-12-06,The anchor was dismissed by CNN over the weekend amid an inquiry over help he gave his brother and after an allegation of sexual misconduct which he denies.
2021-12-06,Exxon plans to reduce greenhouse gas emissions across its business but its goal does not include offsetting emissions from its customers such as car and truck owners and airlines.
2021-12-07,Airports around the nation are installing solar arrays on unused land roofs and parking garages helping them achieve self-sufficiency while also providing power to their communities.
2021-12-07,Amazon Web Services began reporting increased “error rates” in its cloud operations on Tuesday morning.
2021-12-07,Saule Omarova withdrew herself from consideration to be comptroller of the currency after attacks from Republicans and banking lobbyists that labeled her a communist.
2021-12-07,The decision by HarperCollins comes after the anchor was fired by CNN and exited his daily satellite radio talk show.
2021-12-07,Netflix and TikTok have supercharged fame.
2021-12-07,The central bank has spent years guarding against economic blows. Now it is in inflation-fighting mode even as a potential risk emerges.
2021-12-07,Mr. Morrell’s hiring ends a guessing game about who Bob Chapek Disney’s chief would select to succeed Zenia B. Mucha who announced her retirement as Disney’s chief communications officer in July.
2021-12-07,The drop came after government weather forecasts projected a warmer-than-expected winter for most of the country.
2021-12-07,The automaker plans to develop new vehicles based on software that will let it sell entertainment navigation and other subscription services to buyers of its cars and trucks.
2021-12-07,About 1400 have been on strike at four cereal plants since Oct. 5 over a dispute that has revolved around a two-tier compensation structure.
2021-12-08,New settings in iOS 15 and Android 12 give you more power over your personal information and when (or if) apps and sites can see it.
2021-12-08,The Labor Department said 4.2 million people quit their jobs in October a decline of about 205000 from September but still close to a record high.
2021-12-08,Adam Mosseri the company’s leader was asked to appear before a Senate panel after internal research leaked that said the app had a toxic effect on some teenagers.
2021-12-08,Six cryptocurrency chiefs will testify about the promises and perils of their industry.
2021-12-08,“We are aware of driver concerns and are discussing the feature with the manufacturer” the National Highway Traffic Safety Administration said in a statement.
2021-12-08,The ruling was a win for Apple which can put off tweaking its App Store policies until its legal battle with Epic Games concludes.
2021-12-08,Sanctions like aiming to cut oil exports could also hurt European allies. “It’s a limited toolbox” one expert said.
2021-12-08,Instead of letting Facebook or Apple decide the norms of this new technology we need to do it.
2021-12-08,Lawyers must now agree on a set of jury instructions before closing arguments begin on Dec. 16.
2021-12-08,The antibody drug Evusheld was found to be strongly effective in preventing Covid in a clinical trial that enrolled mostly those at high risk.
2021-12-09,The coffee chain’s executives sought to persuade workers to reject the union in an election campaign that began in late August. Workers at a second store voted not to unionize and the result at a third outlet was not clear.
2021-12-09,Trading in the merger partner’s warrants which allow holders to buy shares later spiked several times before the Trump Media agreement was made public.
2021-12-09,The carrier was expecting 13 Dreamliners this winter but Boeing has delayed those deliveries the latest sign that it is struggling to overcome problems that have eroded its credibility.
2021-12-09,New British guidelines are influencing what U.S. internet companies do to protect American children.
2021-12-09,Price gains have moved up sharply for months but the fact that the trend is lasting and broadening has newly put policymakers on red alert.
2021-12-09,Mr. Iger who will retire on Dec. 31 stood in on Thursday for the usual weather guru on KABC in Los Angeles.
2021-12-09,Thousands of problems identified by state inspectors were never publicly disclosed because of a secretive appeals process a New York Times investigation found.
2021-12-09,The board of Lee Enterprises voted 8-0 against an unsolicited offer by the hedge fund that valued the newspaper chain at $141 million.
2021-12-09,The last time the S&P 500 had a negative real earnings yield analysts said was in 2000 before the tech bubble burst.
2021-12-09,Peter McIndoe the 23-year-old creator of the viral Birds Aren’t Real movement is ready to reveal what the effort is really about.
2021-12-10,The Consumer Price Index is rising sharply a concern for Washington policymakers and a sign of the rising costs facing American households.
2021-12-10,The new company which makes Freightliner trucks in the United States will aim to produce long-haul vehicles powered by hydrogen fuel cells.
2021-12-10,The agency’s chief Gary Gensler wants to regulate the blank-check funds more tightly as initial public offerings are.
2021-12-10,Its main owner said it would pause the $2.6 billion project just over a week after Shell pulled out.
2021-12-10,Edelman has worked for Exxon Mobil and Shell while making strong public statements in favor of environmental sustainability. At a recent companywide meeting employees had some sharp questions.
2021-12-10,The mortgage lender’s board announced the decision in a memo sent to staff adding that the company had brought on a third-party firm to assess its leadership and culture.
2021-12-10,The president said he was “deeply troubled” by management’s plan calling it an “existential attack” on union members. Their walkout began in October.
2021-12-10,Jelena McWilliams the F.D.I.C.’s chairwoman doesn’t always go along with President Biden’s agenda. Other regulators want to push her out.
2021-12-10,The company will make electric pickups at an existing plant and batteries at a factory built with a partner a person with knowledge of the plan said.
2021-12-11,Suing companies that contributed to the opioid epidemic may not be the most effective way to hold them accountable.
2021-12-11,More and more companies are saying: We’ll get back to you.
2021-12-11,It’s a tale as old as 2020: The C.E.O. says workers will return to the office only to see that plan capsized by Covid.
2021-12-11,On Thursday night the video game industry held its big awards event which is quickly becoming as important — and as long — as certain other entertainment occasions.
2021-12-12,The Race of Remembrance is put on by Mission Motorsport a charity that uses racing to help military veterans recover from injuries or mental health issues.
2021-12-12,After initially supporting her #MeToo accusation the company now blames her for damaging the company’s reputation with false claims.
2021-12-12,With “Don’t Look Up” Adam McKay makes a star-studded allegorical satire that shows the news media whistling past the climate-change graveyard.
2021-12-12,Amazon which has its highest employment during the holiday shopping season said the tornado formed at the site’s parking lot.
2021-12-12,The “Fox News Sunday” anchor had been with the network for 18 years and often dissented from the views of his pro-Trump colleagues.
2021-12-13,The city’s aid organizations are facing labor shortages and supply chain disruptions in their effort to help the 1.5 million New Yorkers who cannot afford food.
2021-12-13,Five days after Facebook changed its name to Meta an Australian artist found herself blocked with seemingly no recourse from an account documenting nearly a decade of her life and work.
2021-12-13,Prices are rising at the fastest rate on record and unions want to keep up. Policymakers worry that might make inflation worse.
2021-12-13,After deadly tornadoes hit a facility owned by Amazon concerns were raised about its safety practices and business model.
2021-12-13,SenseTime is one of a number of Chinese companies that has drawn condemnation for helping Beijing develop its fast-growing surveillance systems.
2021-12-13,Didi is moving its stock listing to Hong Kong heralding more departures as Beijing ramps up scrutiny of China’s corporate sector.
2021-12-13,The appeals ruling cut a hefty fine but upheld a lower court’s decision that the Swiss bank had used cloak-and-dagger techniques to evade French law.
2021-12-13,New York Magazine and PopSugar will soon be under the same banner as the media industry looks for ways to bring in more ad revenue.
2021-12-13,The leaders of Turkey Hungary and Brazil are all grappling with problems posed by the global rise in prices ahead of national elections.
2021-12-13,A former employee said she had accused Apple of suspending her and then firing her in September in retaliation for reporting workplace health concerns at a Sunnyvale Calif. office.
2021-12-14,Janice Min a leading editor joins forces with the writer Richard Rushfield.
2021-12-14,Recent commercial real estate transactions in New York.
2021-12-14,Many former stores are being overhauled for new retailers but developers are installing high-end apartments cutting-edge classrooms and even labs at sites around the country.
2021-12-14,The Federal Reserve could announce plans to cut economic support faster and may signal 2022 rate increases at its Dec. 14-15 meeting.
2021-12-14,Even before the pandemic Turkey was trying to ward off financial meltdown. The crisis has accelerated as President Recep Tayyip Erdogan has doubled down on his unorthodox policies.
2021-12-14,The decision allows some latitude for reporting until a final ruling is reached. The Times said the order remained “an unconstitutional prior restraint that should be dissolved.”
2021-12-14,Before we invest in making more chips on U.S. soil we should be asking what we’re trying to achieve.
2021-12-14,The company’s Lexus brand will only sell electric cars by 2030 in China Europe and the United States.
2021-12-14,The contract which the union’s members will vote on includes immediate average wage increases of about $5000 and 3 percent raises for each year of the deal which runs through February 2024.
2021-12-14,The filing with the National Labor Relations Board on Monday could reflect a rising interest in organizing by workers elsewhere.
2021-12-15,The tech world delivered many unpleasant surprises to us in the pandemic. We can learn from them.
2021-12-15,The pace of price rises is moving faster than the Bank of England’s estimate.
2021-12-15,There is more suspense than usual surrounding the central bank’s latest policy meeting.
2021-12-15,The increase in spending continued for a fourth straight month despite an increase in coronavirus cases and higher prices.
2021-12-15,With cold weather approaching worries over gas inventories and tensions over Ukraine are stoking the highest prices in more than a decade.
2021-12-15,What is inflation why is it up and whom does it hurt? A run through common questions about the ongoing price burst.
2021-12-15,With the economy healing but price gains pinching consumers officials are dialing back bond purchases and getting in position to raise interest rates (three are possible next year).
2021-12-15,The news came after three Apple stores were temporarily closed amid a spike of exposures. Workers will get $1000 each to help furnish a home office.
2021-12-15,Stars of the most-watched cable channel continued to downplay the Jan. 6 attack and back Donald J. Trump while criticizing the investigation of the Capitol siege.
2021-12-15,In the start-up world there can be big payoff for investing and little incentive for asking questions.
2021-12-16,In a court filing they said that the Justice Department’s settlement with Boeing violated a federal law meant to protect victims.
2021-12-16,Tell us about what you’ve seen or heard as you shop travel dine out or work with customers in the second holiday season of navigating pandemic-altered plans.
2021-12-16,The gadgets are too hard to use.
2021-12-16,The publisher will also require employees in its biggest office locations to return at least three days a week starting Feb. 15.
2021-12-16,A prospective investor in Digital World Acquisition Corp. a special purpose acquisition company that is merging with President Donald J. Trump’s social media start-up says he was removed from a slate of board nominees without warning and deprived of shares he was owed.
2021-12-16,The company which began trading on the stock exchange last month said it lost $1.2 billion in the third quarter.
2021-12-16,Expectations for autonomous vehicles have cooled since Mr. Ammann took over nearly three years ago leaving his post as the president of General Motors.
2021-12-16,The week after an accord was voted down by union members the cereal maker said it had agreed on terms meant to address their reservations.
2021-12-16,A final decision on whether to cancel the event — which drew roughly 3000 people before the pandemic — will be made by Jan. 6 10 days before it is scheduled to start.
2021-12-16,Within 24 hours the Federal Reserve Bank of England and European Central Bank all stepped forward to deal with price increases.
2021-12-17,Employers mandate boosters postpone return dates and brace for an Omicron surge.
2021-12-17,A court has blocked enforcement of President Biden’s executive order that had instructed federal contractors to require coronavirus vaccines for employees.
2021-12-17,Gary Kelly appeared at the committee hearing with other airline officials on Wednesday. Each was unmasked for at least part of the hearing as were many senators.
2021-12-17,Christopher J. Waller a Fed governor said that the central bank’s decision to slow bond buying faster allowed flexibility amid high inflation.
2021-12-17,Dominion an election technology company has accused the network of defaming it by spreading false claims that it was involved in rigging vote counts in the 2020 election.
2021-12-17,A fight between the United States and China over audit standards could lead to the delisting of many Chinese companies traded on American stock exchanges.
2021-12-17,Employees in the bank’s securities division avoided oversight by discussing company business on their personal devices two regulators said.
2021-12-17,The jury of eight men and four women will meet on Monday morning to consider wire fraud-related charges for claims made to Theranos’s investors and patients.
2021-12-17,The holiday season is always a busy one for shipping but this year has been complicated by supply chain disruptions and more people using deliveries because of the coronavirus pandemic.
2021-12-17,Despite controversy over lawmakers’ trading activity Democrats and Republicans still bought stocks worth hundreds of millions.
2021-12-18,The decision by a split three-judge panel overturned a ruling that had blocked a Biden administration rule requiring companies with 100 or more employees to mandate vaccinations or testing for workers.
2021-12-18,California catches up with the reality that when it’s too hard to play by the rules people convert the garage into an apartment anyway.
2021-12-18,The move came a day after a federal appeals panel reinstated the Biden administration’s rule that companies with at least 100 workers require that they be vaccinated against the coronavirus or face weekly testing.
2021-12-18,DealBook recaps the most memorable moments of a record-breaking year in deal making.
2021-12-19,“I have zero desire to be involved in politics” says Brandon Brown the NASCAR driver at the center of the “Let’s Go Brandon!” meme.
2021-12-19,In a sign of the luxury industry’s revival from pandemic lows the company went public through a SPAC on Monday.
2021-12-19,Louise Taylor faces questions about whether she improperly enriched herself as the pop star’s business manager.
2021-12-20,Companies are postponing return-to-office plans and canceling holiday parties as concerns grow over the spread of the Omicron variant of the coronavirus.
2021-12-20,The trial which has stretched nearly four months has come to represent a critical moment for the tech industry and its culture of overly optimistic salesmanship.
2021-12-20,The S&P 500 fell amid grim forecasts about the Omicron variant and a setback in efforts to pass a comprehensive domestic policy bill.
2021-12-20,The World Economic Forum postponed its annual gathering of business and government leaders over fears of the Omicron variant.
2021-12-20,Mr. Nagel a supporter of Germany’s conservative fiscal policy who spent 17 years at the Bundesbank will succeed Jens Weidmann.
2021-12-20,Tech executives and engineers are quitting Google Meta Amazon and other large companies for what they say is a once-in-generation opportunity with crypto.
2021-12-20,The company said it would seek to reach a contract with workers who voted to form a union in December a victory that has raised interest in organizing at other company-owned stores.
2021-12-20,Cerner is No. 2 in the electronic health record business with 25 percent of the market.
2021-12-20,The Brazilian owner of Havaianas the maker of flip flops is taking a 49.9 percent stake in the San Francisco company.
2021-12-20,The new policy was in keeping with New York City’s vaccination rule for companies in the city.
2021-12-21,Nearly five months ago federal prosecutors filed criminal charges against the founder of the electric truck company.
2021-12-21,The move comes as businesses have voluntarily closed their doors either as a precaution against the Omicron variant or because too many staff members are sick.
2021-12-21,Recent commercial real estate transactions in New York.
2021-12-21,Developers are converting former grain textile and water mills into vibrant destinations saying they offer strategic locations scenic views and flexible designs that offer ample room.
2021-12-21,President Biden hopes more testing will stave off renewed restrictions.
2021-12-21,Union members had rejected an earlier proposal in early December prolonging a strike by about 1400 workers at four cereal plants.
2021-12-21,Mary Daly president of the Federal Reserve Bank of San Francisco wanted to withdraw economic help slowly. Now she might support a rate increase as soon as March.
2021-12-21,Next year we need more creative ways to bring us together. (Laundry robots would be cool too.)
2021-12-21,Saying they are overworked and underpaid architects at a prominent New York firm want to unionize. Others could follow.
2021-12-21,European businesses are demanding government help again as another virus surge is driving customers away.
2021-12-22,Soaring inflation in Europe is starting to squeeze shopkeepers and consumers. Many are preparing for more price increases in the new year.
2021-12-22,Drivers can be distracted playing games while the vehicle is in motion the National Highway Traffic Safety Administration said following a New York Times report earlier this month.
2021-12-22,Medical experts help envision the price of a truly ambitious plan to stamp out Covid.
2021-12-22,The Twitter co-founder’s comments exposed a rift over the direction of crypto.
2021-12-22,The caps come as the rapid spread of the Omicron variant has customers flocking to testing sites and pharmacies which are struggling to keep up.
2021-12-22,Amazon told workers that it changed the mask policy “in response to the rapid spread of the Covid-19 Omicron variant” and it hoped the mandate would be necessary only in the winter.
2021-12-22,In 2021 the tech titans became both more powerful and more vulnerable.
2021-12-22,The limited supply of new and used vehicles is forcing some Americans to go to great lengths to find and buy them including traveling to dealers hundreds of miles away.
2021-12-22,Big banks have been pushed workers to return but have reversed course in light of the Omicron variant of the coronavirus.
2021-12-22,Organizers are aiming to form a new union the Amazon Labor Union.
2021-12-23,As life spans grow a small subspecialty of financial planners address multiple stages of old age.
2021-12-23,The F.D.A. said the drug was not a preferred treatment but could be used when alternate treatment options were “not accessible or clinically appropriate.”
2021-12-23,The agreement’s national scope and its concessions to organizing go further than any previous settlement that the e-commerce giant has made.
2021-12-23,We’re grappling with how to handle the tech we have and imagining what to make of the tech of our future.
2021-12-23,In a year filled with bad news there were reasons for optimism as well.
2021-12-23,New Yorkers headed out in droves in the final days of the holiday shopping season undeterred by fears of the fast-spreading Omicron variant.
2021-12-23,The breach involved the personal data of more than 100 million customers.
2021-12-23,The retailer which had closed all its U.S. stores has resurfaced at the American Dream mall in New Jersey just in time for the holidays.
2021-12-23,Comments by Jesse Watters a host of “The Five” were in keeping with previous derogatory remarks about Dr. Anthony Fauci by hosts and conservatives.
2021-12-23,A federal regulator said the electric vehicle maker agreed to disable the feature after an investigation was opened.
2021-12-24,Travelers had hoped this holiday season would represent a return to relative normalcy. Instead pilots are out and delays are piling up.
2021-12-24,The New York State judge also ordered The Times to turn over physical copies and destroy any electronic versions of documents a lawyer prepared for the conservative group.
2021-12-24,Facing staffing shortages companies are weighing conflicting guidance on when employees who have tested positive for the coronavirus can safely return to work.
2021-12-24,First the Restaurant Revitalization Fund was supposed to promote equity. Then the grants were meant to be first come first served. Both ways had problems.
2021-12-24,The budget increase the biggest in decades comes as officials warn that tensions over Taiwan could pull Japan into a conflict between the United States and China.
2021-12-25,Airlines have found themselves short staffed during the busy holiday travel season as the number of coronavirus infections in the U.S. spikes.
2021-12-26,The virus and winter weather are making flights trickier during a busy season.
2021-12-26,Boldface names have always mattered at the movies but a number of recent casts have been full of them. That hasn’t always helped at the box office.
2021-12-26,Mastercard SpendingPulse data showed an 8.5 percent jump in total sales with online ordering up 11 percent from last year.
2021-12-26,At least 2600 more flights were canceled globally on Monday including about 1000 U.S. flights.
2021-12-27,Some of the closures were precautionary; others were closed because not enough healthy employees were available.
2021-12-27,This year technology companies stepped up on housing and criminal justice — with a dash of whistle-blowers mixed in.
2021-12-27,A jury of eight men and four women deliberated for three days last week with no verdict in the case of the Theranos founder.
2021-12-27,“You’re feeding America and going broke doing it”: After years of consolidation four companies dominate the meatpacking industry while many ranchers are barely hanging on.
2021-12-27,Companies have sprouted up to help others navigate the varied laws around the world governing websites.
2021-12-28,The C.D.C. decision to cut the confinement period was welcomed by many business representatives but a union leader warned that workers may feel pressure to return to their jobs too soon.
2021-12-28,The company was originally set to pay its female employees $10 million until California fought successfully for more money.
2021-12-28,Recent commercial real estate transactions in New York.
2021-12-28,Building owners may have saved on maintenance when their offices were dark but new pandemic-related costs are being added to the bill.
2021-12-28,Once aimed at small businesses a 1990s-era tax break has become a popular way for Silicon Valley founders and investors to avoid taxes on their investment profits.
2021-12-28,A shorter isolation period could help people return to work more quickly but some owners also worry about how to determine when someone is healthy enough to come back.
2021-12-28,A New York appeals court said the paper did not need to immediately give up or destroy documents related to the conservative group. The paper is still prevented from publishing certain documents.
2021-12-28,Ms. Holmes the founder of the failed blood testing start-up Theranos is accused of lying about its technology.
2021-12-29,Discord users from 12 to 23 years old describe how they use the messaging site which has boomed during the pandemic.
2021-12-29,Jason Citron created a video game that was going nowhere fast. So he stripped it down to a chatting feature that eventually boomed during the pandemic.
2021-12-29,Workers say factories are still glossing over virus safety as the meatpackers that dominate beef production harvest record profits.
2021-12-29,Problems peaked on Sunday as carriers dealt with staffing shortages and bad weather.
2021-12-29,While the worst of the Brexit trade disruptions are over British exports to the European Union are down and companies are frustrated.
2021-12-29,Expectant parents have keenly felt the inconvenience of global shipping delays caused by the pandemic. With a baby due “it’s a different ballgame.”
2021-12-29,“Hard pants” R.T.O. and boomer burnout made for an eventful second pandemic year. They also taught us about the economic future.
2021-12-29,Many airlines have canceled a spate of flights during the busy holiday travel season blaming staff shortages caused by a spike in infections.
2021-12-29,We want to hear from you as businesses navigate whether boosters should be part of vaccine mandates.
2021-12-29,Ms. Holmes the founder of the blood testing start-up Theranos is accused of deceiving investors patients and advertisers.
2021-12-30,Privacy groups sounded alarms about the coin-sized location-tracking devices when they were introduced. Now people are concerned those fears are being realized.
2021-12-30,The recalls which Tesla initiated on Dec. 21 affect about 350000 Model 3s and 120000 Model S cars.
2021-12-30,JetBlue and Alaska Airlines are among the hardest hit as weather and the latest coronavirus wave continue to snarl operations.
2021-12-30,Automakers are building “brand experience centers” to pitch their vehicles to consumers without the hard sell of a showroom.
2021-12-30,Tech’s biggest companies are joining game makers and start-ups in pursuit of an immersive digital world that some have been working on for years.
2021-12-30,As Meta and other companies bet big on an immersive digital world questions about its harms are rising.
2021-12-31,Other high-profile trials around the country have started and ended while Ms. Holmes’s case has stretched for four months into the new year.
2021-12-31,Business leaders are trained to “shoot move and communicate.” But the pandemic has called on them to rewrite the leadership playbook.
2021-12-31,Authorities in China have turned to sophisticated investigative software to track and silence obscure critics on overseas social media. Their targets include college students and non-Chinese nationals.
2021-12-31,Airlines and passengers are ending the year with many of their plans upended. And New Year’s weekend may be bumpy too.
2021-12-31,Shares soared as interest rates stayed low and stimulus programs helped the economy. But expected changes could make investors wary.
2021-12-31,Jelena McWilliams the chairwoman of the F.D.I.C. said that she would step down effective Feb. 4. Democrats on the board contended she was stonewalling their attempts to review policy.
2021-12-31,Weeks after signaling it could no longer go on the troubled Chinese property developer has pledged to start paying its workers and completing projects again. Buyers are skeptical.
2022-01-01,The television star who died on Friday at age 99 shared an image of the celebrity weekly’s tribute to her earlier this week.
2022-01-02,A pandemic benefit that many progressives hoped to make permanent has lapsed in a congressional standoff. Researchers say it spared many from poverty.
2022-01-02,The social media service said the Republican congresswoman had violated its policy on coronavirus misinformation.
2022-01-02,The electric-car maker managed substantial growth as Europe and China increasingly propelled sales.
2022-01-02,The co-founder of CrowdTangle has been working with Congress on legislation to make tech companies disclose their inner workings.
2022-01-02,The draft proposal could help unleash a wave of investment but critics say both sources of energy cause damage to the environment.
2022-01-02,Transportation officials said they feared a risk to flight safety. The standoff could complicate a tumultuous travel period filled with cancellations.
2022-01-02,In a shift in policy as Covid cases rise the Wall Street firm urged U.S. employees who can work remotely to do so until Jan. 18.
2022-01-03,Cloud computing is slowly changing how Wall Street banks handle their business but concerns with security remain.
2022-01-03,Some executives say corporate boards have often overlooked qualified women and nonwhite people. That may be changing.
2022-01-03,The start of 2022 has echoes of the last two years but the landscape is also changing.
2022-01-03,Some businesses are changing their vaccination policies to require booster shots while others are prioritizing coronavirus tests.
2022-01-03,Jurors in the Elizabeth Holmes trial will continue to deliberate and a report will show how many people quit their jobs in November.
2022-01-03,A storm in the Washington area knocked out power to hundreds of thousands of people adding to the problems facing airlines like staff shortages.
2022-01-03,Twitter permanently banned her account on Sunday after what the company said was her fifth “strike.”
2022-01-03,The iPhone maker’s value tripled since 2018 as its sales continued to soar and it spent hundreds of billions of dollars on its own stock.
2022-01-03,Politicians are placing more blame on greedy companies as prices stay high. But booming consumer demand is enabling firms to charge more.
2022-01-03,The firm named deputy C.E.O. Nir Bar Dea and a board member Mark Bertolini to succeed David McCormick in light of Mr. McCormick’s political aspirations.
2022-01-04,Senator Marco Rubio criticized the electric carmaker for opening the outlet in a region where China has been accused of targeting Muslims.
2022-01-04,After struggling to produce cars because of a global computer chip shortage automakers are trying to move quickly to making electric vehicles.
2022-01-04,Theranos which dissolved in 2018 is likely to stand as a warning to other start-ups that stretch the truth to score funding and business deals.
2022-01-04,Mr. Smith will help start a new organization with Justin Smith the chief executive of Bloomberg Media.
2022-01-04,Looking back at tech misjudgments so we can better look ahead.
2022-01-04,Transportation regulators had clashed with AT&T and Verizon saying the new technology posed a security risk.
2022-01-04,The three hung counts were related to investments from three Theranos investors who testified that Ms. Holmes misled them.
2022-01-04,A memo sent to the staff indicated that the retailer was preparing for the potential that vaccines or weekly testing could be mandated by the Biden administration.
2022-01-04,A new study analyzed nearly 1500 episodes showing the extent to which podcasts pushed misinformation about voter fraud.
2022-01-04,The city is not expected to rebuild its labor force to prepandemic levels until late 2025 as the recovery is hampered by a slow rebound in the leisure and hospitality sector.
2022-01-05,We aren’t buying more smartphones. So how is this smartphone company making crazy money?
2022-01-05,Online chatter about holding rallies has grown but sizable real-world gatherings on Thursday are unlikely to materialize.
2022-01-05,Jared Hohlt who made his reputation at New York magazine led the publication’s newsroom during a difficult period for digital media.
2022-01-05,Minutes from the Federal Reserve’s December meeting show that officials are contemplating when and how quickly to lift interest rates.
2022-01-05,The announcement represents a vindication of the strategy to release the entire Warner Bros. 2021 film slate simultaneously in theaters and on streaming.
2022-01-05,Her decision follows the recent exits of other prominent people of color at the public broadcaster.
2022-01-05,Some big events are delaying their return to in-person gatherings but the organizers of CES the Winter Olympics and the Australian Open have decided it’s time to gather in person again.
2022-01-05,The director’s fight over ownership of the movie’s script could set a legal precedent for intellectual property rights.
2022-01-05,Organizers insist that the conference which formally kicks off today had to return in-person.
2022-01-05,The crackdown is killing the entrepreneurial drive that made China a tech power and destroying jobs that used to attract the country’s brightest.
2022-01-06,The “Hirohata Merc” commissioned in 1952 and one of the most famous custom cars of its era is up for sale for the first time in over 60 years.
2022-01-06,Business leaders promised a reckoning after the Jan. 6 riots. They’ve altered some practices and returned to others.
2022-01-06,Corrected disclosures show that Vice Chair Richard H. Clarida sold a stock fund then swiftly repurchased it before a big Fed announcement.
2022-01-06,Scarce supplies and surging Covid cases have caused health officials hospitals doctors and patients to scramble for pills and infusions.
2022-01-06,We cover how the pandemic has affected the workplace. Here's what we are hearing.
2022-01-06,The deal could help the media company reach its goal of 10 million subscriptions ahead of schedule.
2022-01-06,Old habits die hard. But technology can change entrenched ways of doing things slowly and then very quickly.
2022-01-06,After the country’s largest telecommunications company shut off internet access throughout the country on Wednesday processing activity on Bitcoin plunged.
2022-01-06,The company will not be allowed to import products that infringe on Sonos patents including smart speakers video streaming devices and some computers and phones.
2022-01-06,A lawsuit argued that individuals who sought to harm law enforcement officers were able to connect with one another on Facebook.
2022-01-07,The Supreme Court will consider challenges to the policies today.
2022-01-07,The airlines say they are being forced to fly thousands of nearly empty flights to satisfy rules requiring the use of landing and takeoff slots at airports.
2022-01-07,The gain of 199000 was the weakest of the year but not for lack of demand: The unemployment rate fell to 3.9 percent and wages increased.
2022-01-07,The jobless rate is falling sharply and pay is jumping. That may increase the urgency as the Federal Reserve withdraws economic support.
2022-01-07,The bank is said to have given all its U.S. staff until Jan. 14 to submit proof of inoculations and workers who do not comply will be placed on leave and fired on Jan. 31.
2022-01-07,A small consolation: Energy prices rose 26 percent in December from a year earlier a slightly slower pace than the previous month.
2022-01-08,After a record year of transactions in 2021 deal makers are expecting a slowdown in 2022. Here are three factors that could intensify it.
2022-01-08,The yawning disparity between the performance of the electric car company and established automakers last year reflects the technological change roiling the industry.
2022-01-09,A lawsuit by Ruth Shalit Barrett centers on the magazine’s retraction of her article in 2020 about wealthy parents seeking Ivy League admissions for their children through sports.
2022-01-09,Bad weather and staff shortages are still a problem. But airlines are also trying to deal with the traditional slowdown in travel in January.
2022-01-09,Audiences remain reluctant to return to theaters. And the kinds of movies that used to rely on the sheen of awards to attract moviegoers now find themselves in peril.
2022-01-09,Vaccine mandates. Boosters. Exemptions. Testing protocol. Just a handful of public health questions that human resources departments now have to answer.
2022-01-10,The latest tranche totals about 200. They are among more than 1000 that the company accused of firing union organizers claimed were protected by attorney-client privilege.
2022-01-10,Ms. Sanders 32 will host a weekend show on the cable network one of the first big programming moves by MSNBC’s president Rashida Jones.
2022-01-10,The CNN president Jeff Zucker is staffing up as he prepares for a streaming debut in the spring.
2022-01-10,The Washington news organization under new ownership names Goli Sheikholeslami as its chief executive.
2022-01-10,The agency which has been hobbled by paperwork backlogs and short staffing said tax filers should expect a lower level of service this year.
2022-01-10,Richard Clarida the vice chair of the Federal Reserve will leave on Friday two weeks ahead of schedule. Updated disclosures showed rapid moves out of and back into stocks as the central bank prepared to reassure markets.
2022-01-10,Central bankers will act to keep rapid price gains from becoming permanent Mr. Powell the chair of the Federal Reserve will say during a renomination hearing.
2022-01-10,Mr. Watters a sardonic conservative with a pro-Trump bent will take over the 7 p.m. hour.
2022-01-10,A second store could add potency to the economic pressure such as a work stoppage that winning a contract often requires.
2022-01-10,Away from the media frenzy jurors dealt with the trial’s disruption to their lives and had little idea of the case’s implications.
2022-01-11,Recent commercial real estate transactions in New York.
2022-01-11,Global growth is expected to slow to 4.1 percent this year from 5.5 percent in 2021 a projection underscores the stubborn nature of the public health crisis.
2022-01-11,United Airlines’ chief executive said that 3000 workers recently tested positive and that it was cutting its flight schedule to manage the shortage of workers.
2022-01-11,The manufacturer sold a net 535 new planes last year after factoring in cancellations ahead of its chief rival Airbus.
2022-01-11,The speed by which electric vehicles have taken over Norway has stunned even the cars’ enthusiasts.
2022-01-11,The Federal Reserve is embroiled in a scandal over trades officials made in 2020 before and after they rescued markets.
2022-01-11,The government can proceed with its claims that the company abused its monopoly power through acquisitions.
2022-01-11,The airline’s top lawyer sent a letter telling the union to stop criticizing policies on how many days workers should isolate themselves if they test positive for the coronavirus.
2022-01-11,The business known as Banamex has generated heavy regulatory scrutiny.
2022-01-11,The National Labor Relations Board has scheduled a mail-in election to start Feb. 4 for workers in Alabama after throwing out the results of a vote last year.
2022-01-12,Rent costs a key component of inflation surged 0.4 percent in December putting pressure on the Federal Reserve to tamp down rising prices.
2022-01-12,Need a Covid rapid test? One solution is to work for the right big company.
2022-01-12,The surge in coronavirus cases is idling workers at ports and trucking companies while strong consumer demand continues to drive up the cost of shipping and energy.
2022-01-12,You can easily transform photos and videos into GIF files to share with family friends or the world at large.
2022-01-12,The latest media start-up with millions in funding and a team of more than 20 journalists aims to bring clarity to weighty issues.
2022-01-12,After 13 years at the helm he says goodbye to the nonprofit news organization he helped start.
2022-01-12,Ms. Holmes the Theranos founder faces up to 20 years in prison for each of four counts that led to a conviction in her federal fraud trial.
2022-01-12,At least 10 million returns from last year remain unprocessed because of short-staffing at the tax collector according to the national taxpayer advocate.
2022-01-12,Bankers used it until the end. Regulators say good riddance after its infamous fall.
2022-01-12,Lael Brainard the Federal Reserve governor who President Biden nominated for vice chair said the central bank is focused on getting price gains back down.
2022-01-13,Companies must now decide whether to proceed with planned mandates without cover from the federal government.
2022-01-13,The S&P 500 fell 1.4 percent while the Nasdaq composite slid 2.5 percent losses that wiped out gains made by both benchmarks over the past two days.
2022-01-13,Shareholders called for action after evidence emerged that Bill Gates had sought romantic relationships with employees.
2022-01-13,A discussion over whether price controls would work to stem inflation is sweeping progressives. So far it has little political acceptance.
2022-01-13,It turns out one can live in America and not have an Amazon Prime account.
2022-01-13,The student loan servicer agreed to cancel $1.7 billion in private student loan debts for nearly 66000 borrowers and to pay $95 million in restitution.
2022-01-13,The fund will provide free legal advice and rely primarily on part-time and volunteer lawyers.
2022-01-13,The firm which was valued at $9 billion in its I.P.O. must convince investors that it can compete with its publicly traded rivals.
2022-01-13,The private equity firm’s trading debut is seen as a gauge for the health of the market.
2022-01-13,Ms. Brainard nominated to be the Federal Reserve’s vice chair expects workers will come back as the economy chugs along she told a Senate committee.
2022-01-14,Quarterly profit at JPMorgan Chase was down but it still earned a record $48.3 billion for the year. Citi’s annual profit nearly doubled even though quarterly profit fell 26 percent.
2022-01-14,Companies must now decide whether to proceed with their own requirements or await new rules from the federal government.
2022-01-14,Unvaccinated employees will lose their jobs by the end of the month.
2022-01-14,The new figure points to the challenge for the majority of Americans who do not have a four-year college degree.
2022-01-14,Despite that 1.9 percent decline sales for the fourth quarter of 2021 jumped 17.1 percent as consumers began their holiday shopping earlier.
2022-01-14,The states argue that Google reached a deal with Facebook to have the social network join its effort in an effort to “kill” a competing ad network.
2022-01-14,The National Labor Relations Board said balloting will begin at three locations in the Buffalo area on Jan. 31 and end on Feb. 22.
2022-01-14,A federal judge found that Mr. Shkreli violated state and federal antitrust laws by trying to maintain a monopoly over a lifesaving drug and must pay back the excess profits.
2022-01-14,The states’ central claim is that Facebook acquired competitors — particularly Instagram in 2012 and WhatsApp in 2014 — in a predatory manner by crushing competition.
2022-01-14,The Biden administration is picking Sarah Bloom Raskin who has a long record of pushing tougher regulation as the nation’s top bank cop.
2022-01-15,The right-wing network has aired conspiracies about the 2020 election last year’s Capitol riot and the safety of coronavirus vaccines.
2022-01-15,With no uniform national approach in sight it’s up to chief executives to decide when and how to pursue a “new normal.”
2022-01-15,Under a new decree all web traffic will be routed through a government portal. Rights groups say a crackdown on digital expression is about to get worse.
2022-01-17,The Hirohata Merc a prime example of the custom car scene that blossomed in midcentury Southern California notched two records in its sale.
2022-01-17,Economic output climbed 4 percent in the last quarter of 2021 slowing from the previous quarter. Growth has faltered as home buyers and consumers become cautious.
2022-01-17,António Horta-Osório is out less than a year after he stepped into the role.
2022-01-17,Bring a Trailer had a huge year but rivals big and small are planning to grab a piece of this market which the pandemic has accelerated at a breakneck pace.
2022-01-17,The license fee on TV owners makes up three-quarters of the British broadcaster’s income and is guaranteed until 2027.
2022-01-17,Oil giants like BP and Shell propose to spend billions on renewable energy bolstering Scotland’s efforts to move away from an economy based on fossil fuel.
2022-01-17,For companies depending on fast small deliveries the costs of new Brexit trade rules are mounting.
2022-01-17,The popularity of battery-powered cars is soaring while the overall auto market stagnates a worldwide trend.
2022-01-17,Thousands of planes could be grounded because the new internet technology interferes with sensors the industry reiterated in a letter to federal officials.
2022-01-17,Rejected three times Unilever suggests it will keep fighting to acquire a giant in the world of pain relievers toothpastes and cold treatments.
2022-01-18,Mobile apps for office buildings have become popular as employers try to entice staff back on site by making work-related tasks convenient and safe.
2022-01-18,Stocks tumbled on Tuesday as Treasury yields kept climbing above prepandemic levels and disappointing results from another major Wall Street bank dragged the financial sector lower.
2022-01-18,Whether the change would end the long conflict between the telecom and aviation industries wasn’t clear.
2022-01-18,Microsoft cited the metaverse as a reason for buying Activision Blizzard for $68.7 billion. Let’s break down what that really means.
2022-01-18,In the lawsuit Michelle Gotthelf said the tabloid’s longtime top editor Col Allan had retaliated against her after she turned down a sexual proposition.
2022-01-18,A dispute over “web3” in the cryptocurrency industry was publicly exposed in a Twitter spat between Jack Dorsey and Marc Andreessen. Here’s what it’s all about.
2022-01-18,U.S. antitrust leaders said they would focus on the tech industry’s free services as they strengthened the review process for corporate consolidation.
2022-01-18,A new survey of 187 businesses shows just how much the Omicron variant has upended plans to get back into the office.
2022-01-18,The employees’ union was critical of G/O Media’s plan to close the Chicago office and relocate workers without a cost-of-living adjustment.
2022-01-18,Video games have become weapons that tech titans wield to try to shape our future.
2022-01-19,The International Energy Agency said demand for oil this year was likely to be higher than expected. Prices are already nearing $90 a barrel.
2022-01-19,The blockbuster deal for the video game maker came together quickly and opportunistically.
2022-01-19,After airlines warned of air travel chaos AT&T and Verizon said they would restrict the new wireless service near airports.
2022-01-19,The consumer goods giant said it will increase prices on fabric care products in February and personal care products in April.
2022-01-19,In an unlikely media deal the big-city tabloid would become a subsidiary of the nonprofit organization that brings listeners “Wait Wait … Don’t Tell Me.”
2022-01-19,The series “The Lord of the Rings: The Rings of Power” will take place thousands of years before the events of the “Lord of the Rings” trilogy.
2022-01-19,Facebook’s little mistakes have big consequences too. (But only for us.)
2022-01-19,The coffee company is among the first major employers to roll back plans after the Supreme Court blocked the Biden administration’s mandate for large businesses.
2022-01-19,Activision has a lot of popular games that fit into Microsoft’s plans to build a vast library of titles that can be played on all sorts of devices. The metaverse can wait.
2022-01-19,The potential for interference between 5G signals and the radio altimeters long used by pilots has divided the telecom and aviation industries.
2022-01-20,The longtime Washington Post political reporter will take an on-air role covering campaigns and elections.
2022-01-20,The company plans to open Amazon Style later this year in Glendale Calif. that will incorporate customers’ physical browsing behavior and preferences on the Amazon Shopping app.
2022-01-20,It says something about human nature.
2022-01-20,Auto industry people have a special affection for Mazda’s petite (and affordable) roadster.
2022-01-20,The New York Times asked readers to send questions about inflation. Economists at the Federal Reserve the White House and Wall Street weighed in.
2022-01-20,IG Metall the German union that represents autoworkers said a vote for a works council which helps set factory policies had been scheduled for Feb. 28.
2022-01-20,Mustafa Suleyman who played a key role in the company’s work on health care technology is joining Greylock Partners a Silicon Valley venture capital firm.
2022-01-20,The company reported adding 8.3 million subscribers last quarter but forecast only 2.5 million additions in the current quarter.
2022-01-20,The Fox News host discussed with the White House press secretary how to dissuade the president from pursuing claims of voter fraud newly disclosed documents show.
2022-01-20,The Federal Reserve issued a paper on the pros and cons of a central bank-backed digital dollar. It’s a first step but will kick off discussion.
2022-01-21,The pandemic has led to the largest price spikes at fast-food restaurants in two decades.
2022-01-21,Shares in Netflix and Peloton soared in the early part of the pandemic. Now they’re tumbling.
2022-01-21,Amid deteriorating human rights an oil giant finds it can no longer make a “sufficiently positive contribution in the country.”
2022-01-21,The sale is part of IBM’s effort to tighten the focus of its business and shed operations.
2022-01-21,Businesses that held on through several outbreaks are now trembling as the highflying metropolitan hub struggles with supply chain issues and a relentless approach to the pandemic.
2022-01-21,The agency whose offices were closed nearly two years ago and the unions representing its work force agreed to reopen more than 1200 offices.
2022-01-21,The effort is the first time the tech giant has tried to get a government case against it tossed out.
2022-01-21,The retaliatory move came after the Chinese government canceled American Delta and United flights to China after some passengers tested positive for the coronavirus.
2022-01-21,Stocks are off to their worst start of a year since 2016 as the central bank pulls back the enormous stimulus programs it began in the early months of the pandemic.
2022-01-21,The Game Workers Alliance represents workers at Raven Software a studio owned by Activision Blizzard where some employees walked out in early December to protest work conditions.
2022-01-22,For the second year in a row the World Economic Forum’s annual in-person meeting was delayed because of the pandemic. Did anyone miss it?
2022-01-22,With so many changes to the way people work in the last few years you might wonder how much the traditional résumé still matters and what one should even look like.
2022-01-22,The offer comes as the retailer like other brick-and-mortar stores struggles with supply chain problems and competition from online sites.
2022-01-22,The White House is emphasizing that inflation is worldwide. Economists say that’s true — but stimulus-spurred consumer buying is also to blame.
2022-01-23,An activist investor adds pressure as Unilever seeks a new strategic direction.
2022-01-23,In filing for a union election employees of the outdoor equipment retailer cited safety during the pandemic among other concerns.
2022-01-23,The trial comes at a time when those who argue that news outlets should pay a steeper price for getting something wrong are more emboldened than they’ve been in decades.
2022-01-23,A harsh portrait of pay inequality at the company premiering at Sundance on Monday was directed by the granddaughter of one of the founders.
2022-01-24,The companies are under pressure to generate bigger returns.
2022-01-24,Utility regulators have proposed slashing the incentives homeowners receive to install solar panels a long-sought goal of utilities and labor unions.
2022-01-24,Shareholders are pushing for big changes at Unilever Peloton and Kohl’s.
2022-01-24,The latest wave of coronavirus cases is slowing the recovery but its longer-term impact is less clear.
2022-01-24,The tech industry has grown ever more rich off big ideas that were developed more than a decade ago. New things like quantum computing and self-driving cars could take a while.
2022-01-24,Jed S. Rakoff the judge in the trial said it would now begin on Feb. 3 after three positive test results for Ms. Palin.
2022-01-24,Three states and the District of Columbia allege that the tech giant misled consumers by continuing to track those who had changed their privacy settings to prevent data collection.
2022-01-24,The S&P 500 slid into correction territory before rallying and signals on Wall Street show that investors have become markedly more pessimistic.
2022-01-24,A sell-off pushed the S&P 500 to correction territory a threshold that signals investors have turned pessimistic about stocks.
2022-01-25,The automaker will build a battery plant and overhaul an existing factory to produce electric pickup trucks creating 4000 jobs.
2022-01-25,The New York Times would like to hear from people in Britain who are affected by rising prices and are making changes to their spending habits because of inflation or in anticipation of higher energy bills and taxes.
2022-01-25,Recent commercial real estate transactions in New York.
2022-01-25,The stock market’s swings have been startling. Unfortunately it’s wise to prepare for much worse.
2022-01-25,In pulling the rule the Biden administration acknowledged what most businesses expected: the plan to make companies mandate vaccines-or-tests is over.
2022-01-25,Online creators make the content that entertains and informs us and they want to share in the riches.
2022-01-25,Fashion Nova held lower-starred reviews for approval before they could be posted the F.T.C. said in a complaint.
2022-01-25,Profit and sales at the tech giant the first of the largest tech companies to report earnings for the three months ending in December grew about 20 percent.
2022-01-25,Europe is a huge customer of Russia’s fossil fuels. Gas from the U.S. and elsewhere is helping offset fears of a midwinter cutoff.
2022-01-25,The woman a 45-year-old Virginia resident is accused of threatening Mr. Cook and visiting his home according to the court documents.
2022-01-26,In the wake of Bill Gates and Melinda French Gates’s divorce their foundation added members to its new governing board.
2022-01-26,Mattel announced it had won back the license to produce dolls and toys based on the popular movie characters like Anna and Elsa from “Frozen.”
2022-01-26,Late payment charges hotel resort fees and other tacked-on expenses collectively add billions to what Americans pay for goods and services.
2022-01-26,Creators who want to make a living online say the fees are too high.
2022-01-26,Some strategists think that bond markets might be a better indicator of what’s next for the economy.
2022-01-26,Intel had been charged with paying illegal rebates to companies that used its semiconductors over rival Advanced Micro Devices.
2022-01-26,An Amazon program guaranteed sellers a minimum price while offering a potential upside if an algorithm determined that customers were willing to pay more
2022-01-26,The carmaker had a profit of $5.5 billion as sales of its electric vehicles kept soaring especially in China and Europe.
2022-01-26,Already suspended under the platform’s Covid-19 misinformation rules he continued to post videos daring YouTube to ban him.
2022-01-26,Jerome H. Powell the Fed chair said the central bank could raise rates imminently as officials cut back help for the economy.
2022-01-27,Trading has been volatile all week with the S&P 500 dropping on Tuesday and Wednesday.
2022-01-27,The trading platform which just reported billions in losses for 2021 is still contending with lawsuits trading restrictions and regulatory scrutiny.
2022-01-27,Profit soared 59 percent from a year earlier to $7.5 billion.
2022-01-27,Marcelo Claure became a close confidant of SoftBank’s founder and played a singular role at the Japanese conglomerate. He was seeking roughly $2 billion over several years.
2022-01-27,The nation’s G.D.P. has outpaced the growth rate that preceded the pandemic until you take higher prices into account.
2022-01-27,The agency cited national security in revoking the license for the American subsidiary of a state-owned Chinese telecom operator.
2022-01-27,President Biden is suffering in the polls as high inflation saps confidence in the economy even as growth comes in strong.
2022-01-27,The company’s revenue and profit beat Wall Street expectations easing concerns that supply chain problems and the coronavirus were a drag on sales.
2022-01-27,But ruling is another indication of the difficulty prosecutors have had making the case that traders at a handful of big banks conspired to profit from manipulating Libor the benchmark once used by banks to set interest rates.
2022-01-27,How does a TikTok star make a living? In a zillion different ways.
2022-01-28,Settlements upkeep and lawyers have whittled his $600 million estate to about $185 million. A civil fraud suit in the Virgin Islands could wipe out more.
2022-01-28,Claims about professional athletes dying after getting vaccinated have been a recurring conspiracy theory since the shots were introduced.
2022-01-28,The federal agency said an agreement with Verizon and AT&T would enable the wireless providers to expand their networks while allowing aircraft to land safely.
2022-01-28,The company recorded a profit of $5.1 billion as global prices rose.
2022-01-28,Overall spending fell for the first time since February as the virus and supply chain issues impacted purchases.
2022-01-28,Prices are rising rapidly wages are growing and consumers are glum as a fraught economic moment poses big challenges for policymakers.
2022-01-28,The S&P 500 rose 2.4 percent its biggest one-day jump since June 2020. But some analysts cautioned against reading too much into a single day’s bounce.
2022-01-28,The European Union’s two largest economies diverged in the final quarter of 2021.
2022-01-28,The exit of SoftBank’s chief operating officer comes as the tech giant faces huge challenges.
2022-01-28,Pressure is mounting on companies to condemn the country’s human rights violations but executives say the Games should not be politicized.
2022-01-29,An extensive digital privacy law aimed to give internet users more control over their data. Instead experts say it’s created “almost a useless exercise.”
2022-01-29,David M. Solomon is now tied with James Gorman of Morgan Stanley as the highest-paid chief executives at major U.S. banks.
2022-01-29,Once considered comic relief to anchors television meteorologists are making it clear to viewers that they are covering a crisis in real time.
2022-01-30,Treasury rates remain strikingly low partly because of the safety government debt offers corporations and retirees. Whether that endures is crucial to federal spending.
2022-01-31,The protein-based shot already authorized in some parts of the world has faced long delays and it is not clear what role it will play in the United States.
2022-01-31,Central bankers on Monday emphasized that conditions are better than they were the last time they backed off their efforts to prop up the U.S. economy.
2022-01-31,The anchor is expected to be off until April leaving MSNBC with a hole in the coveted 9 p.m. weeknight time slot.
2022-01-31,The word game released in October has millions of daily users.
2022-01-31,Here's what you need to know about the recent market volatility.
2022-01-31,The deal follows two other major acquisitions in the game market by Microsoft and Take-Two Interactive.
2022-01-31,With the Biden administration’s attempt to impose a national standard blocked companies must navigate a thicket of local rules as they try to return employees to the workplace.
2022-01-31,Industry professionals told The Times in 2019 that Hubble switched people out of their prescribed lens brands and into Hubble’s lenses which could be harmful to customers.
2022-01-31,The controversy is different in many ways from the other conflicts between online stars and the companies that give them a platform.
2022-01-31,Audrey Strauss is returning to the law firm Fried Frank and Cyrus Vance Jr. is starting a new job as a partner at the law firm Baker McKenzie.
2022-02-01,Employers posted 10.9 million job openings in the last month of 2021 a rise from November but shy of the record set in July.
2022-02-01,Logistics firms are finding new options to deal with a scarcity of storage including building multistory facilities and choosing locations farther from coastal ports.
2022-02-01,With the backing of venture capital and well-known tech investors Synapticure seeks to fill in the gaps in care and research for those with amyotrophic lateral sclerosis.
2022-02-01,Narendra Modi’s plan calls for a big increase in infrastructure spending. Some say more must be done to create jobs for the country’s young work force.
2022-02-01,Tesla told the federal regulator that rolling stops were allowed only at intersections when no cars pedestrians or bicyclists were detected but agreed to disable the feature.
2022-02-01,The company made $10 billion in profit for 2021 a 55 percent increase from 2020.
2022-02-01,Experimentation is great yada yada. But it costs us when influential companies change their mind.
2022-02-01,The earnings by the parent company of Google were above analysts’ estimates.
2022-02-01,The company’s profit soared 31 percent to $816 million in the last three months of 2021.
2022-02-01,The chaos at ports warehouses and retailers will probably persist through the year and perhaps even longer.
2022-02-02,Alphabet Exxon Mobil UPS and others gave shareholders reasons to stay optimistic.
2022-02-02,The dating app removed itself from Apple’s platform in China because of concerns over data regulations.
2022-02-02,High prices and strong demand would suggest it was time for a major increase but uncertainty around Ukraine leaves the oil producers in an awkward spot.
2022-02-02,The deal for the sports site which was completed on Tuesday helped the company reach that goal a couple of years early.
2022-02-02,High-tech vacuums and robotic mops are having their moment in a pandemic that has contributed to never-ending messes at home.
2022-02-02,The world loves WhatsApp and other texting apps. Americans are chatting in their own bubble.
2022-02-02,The effort to steer public and private money toward nuclear power stations and gas-fired generators in the European Union was criticized as greenwashing.
2022-02-02,The relationship came up during the network’s investigation into the former anchor Chris Cuomo. “I was required to disclose it when it began but I didn’t” Mr. Zucker wrote in a memo to colleagues.
2022-02-02,Quarterly profits decreased 8 percent to $10.3 billion from a year earlier. Shares of Meta’s stock plunged about 22 percent in after-hours trading.
2022-02-02,Inflation in the eurozone set its latest record climbing to 5.1 percent in January amid persistently high energy costs and tensions over Ukraine.
2022-02-03,The jump in heat and electric bills a result of the record rise in natural gas prices will be “extremely worrying for many people” a regulator said.
2022-02-03,The vote came after the United States Mexico and Canada revised a trade agreement that sought to strengthen the hand of workers.
2022-02-03,Revenue rose to a record $137.4 billion just slightly under forecasts.
2022-02-03,The company formerly known as Facebook has hit major turbulence as it suffered its biggest one-day wipeout ever.
2022-02-03,Ford ended the year with more revenue than General Motors for the second year in a row.
2022-02-03,Meta’s stock prices plunged after the company reported that Apple’s privacy features would cost it billions this year. It’s not the only tech giant to take a hit.
2022-02-03,The Games are central to the network’s brand and NBC will have to navigate complications resulting from the pandemic and politics.
2022-02-03,BNY Mellon which has nearly 50000 employees worldwide told its staff that their return-to-office date would be March 7.
2022-02-03,Five superpower companies — yes even Facebook after recent news — are completely enmeshed in our world.
2022-02-03,Allison Gollust an executive vice president has worked alongside Mr. Zucker for two decades. He cited their relationship as he abruptly resigned.
2022-02-04,President Biden is celebrating a historic year of job gains and trying to shift the narrative amid high inflation and a lingering virus that have many consumers glum.
2022-02-04,Investors took the strong jobs showing as a reason for the Federal Reserve to move quickly as it starts to raise interest rates this year.
2022-02-04,Meta’s earnings led to a wild swing in stocks. The latest jobs numbers might trigger another.
2022-02-04,A gain of 467000 jobs in January defied forecasts that the Omicron variant would hobble the labor market.
2022-02-04,The news publishing company said it thought the breach affected a “limited number” of accounts.
2022-02-04,The request came in a letter to the attorney general after an increase in complaints about violent and disruptive passengers during the pandemic.
2022-02-04,Stephen Scherr who served as chief financial officer at Goldman Sachs until the end of last year will take over Hertz and join its board on Feb. 28.
2022-02-04,Citing a “powerful anti-union campaign” workers at SHoP Architects withdrew a petition for an election but organizing continues at other firms in the industry.
2022-02-04,John Stankey the head of AT&T and David Zaslav the chief of Discovery sidestepped intense speculation regarding whether Mr. Zucker was forced out.
2022-02-04,Here's who chooses the life of being a long-haul truck driver. It's not for everyone.
2022-02-05,The book documented the reckless frat-guy culture of investment banking in the 1980s. DealBook talked with Mr. Lewis about how Wall Street has (and hasn’t) changed since.
2022-02-06,Helium a wireless network powered by cryptocurrency hints at the practical promise of decentralized services.
2022-02-07,As the largest computer networks continue to grow some engineers fear that their smallest components could prove to be an Achilles’ heel.
2022-02-07,Many of the recommendations proposed by a White House task force would make it easier for federal workers and employees of contractors to unionize.
2022-02-07,The budget carriers said they would save customers $1 billion a year while adding jobs.
2022-02-07,A proposed union of budget airlines could test competition policy.
2022-02-07,Martin J. Gruenberg replaced Jelena McWilliams a Trump appointee who stepped down after a conflict with Mr. Gruenberg and two other Democratic members on the board.
2022-02-07,The agreement will transform a current 25 percent tariff into a so-called tariff-rate quota exempting up to 1.25 million metric tons of Japanese steel.
2022-02-07,Citing a competitive labor market the online retailer raised the cap on cash compensation for salaried workers to $350000 from $160000.
2022-02-07,The tech billionaire who has been on the board of the company formerly known as Facebook since 2005 is backing numerous politicians in the midterm elections.
2022-02-07,The suit by Village Roadshow claims Warner Bros. rushed the release of the movie to help boost HBO Max subscriptions a revenue stream Village Roadshow doesn’t share in.
2022-02-07,The electric carmaker disclosed the new legal issues in its annual report to securities regulators which was made public on Monday.
2022-02-08,A crucial Johnson & Johnson plant has stopped making its Covid vaccine though the company says it has millions of doses in inventory.
2022-02-08,The widening deficit was driven by a $576.5 billion increase in imports last year as Americans purchased more products made abroad.
2022-02-08,Recent commercial real estate transactions in New York.
2022-02-08,The decisions made by the editor James Bennet are at the heart of the lawsuit brought by former Gov. Sarah Palin.
2022-02-08,Johnson & Johnson’s easy-to-deliver Covid-19 shot is the vaccine of choice for much of the developing world.
2022-02-08,The disruptions could limit the movement of parts and cars between factories in the United States and Canada if the situation deteriorates.
2022-02-08,Banks are raising pay to fend off investment firms fintechs and crypto start-ups. Still leaving is often about something other than “always having more and more.”
2022-02-08,A company spokesman said the workers had violated several policies. The union organizing stores accused Starbucks of retaliation.
2022-02-08,New data show that China effectively bought none of the additional $200 billion in goods it promised to as part of a 2020 trade deal.
2022-02-08,Treating any technology connected to China as a major crisis may itself be a risk to the U.S.
2022-02-09,Six titles owned by Dotdash Meredith will become digital-only publications as the company tries “embracing the inevitable digital future.”
2022-02-09,Three Federal Reserve picks said that they won’t work in finance for years if they are confirmed to central bank positions.
2022-02-09,The agency is proposing to cut in half the time required to complete stock trades.
2022-02-09,Revenue in the last three months of 2021 was up 83 percent from a year earlier the company reported.
2022-02-09,She will replace Eric S. Rosengren who retired as the Boston Fed’s president last year.
2022-02-09,Disney said its theme parks had come roaring back despite the Omicron variant. But the company’s vast cable television business continued to shrink.
2022-02-09,Regulators are expected to give Microsoft’s proposed acquisition of Activision Blizzard — the largest in Microsoft’s history — a tough review.
2022-02-09,In the coming weeks Discovery will have a shareholder vote which is widely expected to pass and will have to begin raising more than $30 billion in debt for the deal.
2022-02-09,The electric vehicle maker’s stock surged after a public offering last fall but has since plunged in part because the company failed to meet its 2021 goals.
2022-02-09,Filling in more of the blanks and dumping duplicates opens up new ways to manage the people in your life.
2022-02-10,Some Puerto Ricans are worried they’ll have to leave the island as crypto investors snap up properties causing a spike in housing costs.
2022-02-10,A state appeals court said a judge’s order preventing publication of the documents would not be enforced until a formal appeal could be heard.
2022-02-10,Consumer Price Index data showed prices climbing faster than expected picking up across a broad array of goods and services.
2022-02-10,Ruchir Sharma believes U.S.-based investments like stocks and the dollar have become overvalued after outperforming much of the rest of the world in recent years.
2022-02-10,Prices were flat for new vehicles and up slightly for used ones. The latest issue is production problems from a blockade at the U.S.-Canada border.
2022-02-10,An activist investment firm that has been fighting for changes at the company for more than a year has proposed a slate of candidates to the company’s board.
2022-02-10,The $29 devices have become a headache for the company.
2022-02-10,The suit comes months after a jury awarded a former Black employee at the electric carmaker’s San Francisco-area factory $137 million.
2022-02-10,Blockades of U.S.-Canada border crossings could hurt the auto industry factory workers and the economy which are still recovering from pandemic disruptions.
2022-02-10,Plunging profit wobbly shares and a key executive’s departure after a bitter pay dispute beget the question: Will SoftBank rein in its freewheeling ways?
2022-02-11,After high-profile departures the publication is trying to find a new voice.
2022-02-11,The Super Bowl will feature commercial breaks that embrace the usual jokes and celebrities plus a whole lot of blockchain.
2022-02-11,A blockade of key trade routes between the U.S. and Canada is roiling car makers’ businesses.
2022-02-11,Still the impact was milder than feared and the country’s economy grew 7.5 percent in 2021 the fastest pace in eight decades.
2022-02-11,Blockades of border crossings between the United States and Canada have disrupted production for some automakers and their suppliers causing workers to be sent home.
2022-02-12,No deal is currently on the table according to two people familiar with the talks but Cisco could pay more than $20 billion one said.
2022-02-12,A number of the stores’ nearly 500000 employees have reported being homeless receiving government food stamps or relying on food banks.
2022-02-12,Documents released in an age-discrimination case appear to show high-level discussion about paring the ranks of older employees.
2022-02-12,A government investigation and proposed rules aim to rein in investors who talk down stocks. But some argue abuse by activist short sellers isn’t as common as believed.
2022-02-12,Incomes are low in small-town Tennessee but so is the cost of living. That attraction could be a key to reviving many rural areas.
2022-02-13,Roger Ng was indicted in 2018 for his role in the looting of Malaysia’s government fund. His trial starts Monday.
2022-02-13,Dividing the family’s Bitcoin stash has become a major source of contention in divorce cases.
2022-02-14,Peter Thiel one of Donald J. Trump’s biggest donors in 2016 has re-emerged as a prime financier of the Make America Great Again movement.
2022-02-14,Oil prices are well over $90 a barrel and an invasion would most likely push them above $100. Reflecting the uncertainty stock markets were sliding lower.
2022-02-14,The popular sitcom has become the latest target of China’s censorship campaign. The awkward cuts have not been missed by fans of the show in the country.
2022-02-14,Opening arguments in a case tied to the 1MDB bribery scandal will begin today.
2022-02-14,The jury will continue to deliberate. The judge indicated that he believed an appeal was likely and his decision was intended to avoid any complications should that occur.
2022-02-14,For many cities the Games make no economic sense. National pride and an enthusiasm for building transportation infrastructure change the equation for Beijing.
2022-02-14,The state’s attorney general said the company repeatedly captured and commercialized biometric data in photos and videos for more than a decade without users’ permission.
2022-02-14,Starting Feb. 28 “employees will have 30 days to make adjustments to their routines and adopt the working preferences they’ve agreed upon with their managers.”
2022-02-14,The threat of S.E.C. scrutiny already had scuttled plans by Coinbase the largest U.S.-based cryptocurrency exchange to launch a loan product.
2022-02-14,Central bankers panned the idea that they will raise interest rates between meetings. Nor have they settled on a big rate increase.
2022-02-15,The verdict came a day after the judge said he planned to dismiss the case ruling that Ms. Palin’s legal team had failed to prove that the newspaper defamed her.
2022-02-15,Recent commercial real estate transactions in New York.
2022-02-15,Subtle changes — like mobile apps that will replace ID badges for workers and visitors — are meant to ease the flow at the turnstile while minimizing contact.
2022-02-15,The military standoff which had dragged Wall Street lower in recent days showed signs of de-escalating easing concerns over disruptions in global energy supplies.
2022-02-15,The meatpacking giant said fully vaccinated workers at “some facilities” could begin to remove their masks at work but it did not say which plants or offices were affected.
2022-02-15,Linus Sebastian started out making wacky videos. Now he employs fashion designers and logistics experts.
2022-02-15,The move is a blow to the Mexican state of Michoacán which exports roughly $3 billion worth of the fruit annually.
2022-02-15,The halftime show attracted a bigger audience than the year before.
2022-02-15,Now that Facebook has renamed itself Meta that’s what employees will be known as the company said.
2022-02-15,The White House’s five Federal Reserve nominees including picks for the chair and vice chair were supposed to face a committee vote on Tuesday.
2022-02-16,Tell us what you’re worried or excited about as you prepare to potentially leave remote work behind.
2022-02-16,It’s time for tech employees to outgrow their cutesy names. Please.
2022-02-16,The private equity firm said it would acquire Preferred Apartment Communities a real estate investment trust for $6 billion as it seeks a hedge against inflation.
2022-02-16,Minutes from the Federal Reserve’s meeting in January reflected ongoing concern about prices rising across the economy.
2022-02-16,The timing of the vote coincides with an election at Amazon’s warehouse in Bessemer Ala. outside Birmingham.
2022-02-16,It’s the first such move involving a for-profit chain that’s still in business.
2022-02-16,Prominent short sellers including Carson Block and Andrew Left are said to have received search warrants as part of an ongoing investigation into possible manipulation of stock prices.
2022-02-16,Tim Leissner testified at the trial of a former colleague Roger Ng who faces bribery and money-laundering charges.
2022-02-16,The state’s attorney general said the mandate was unconstitutional even though the Supreme Court recently declined to hear a similar case.
2022-02-16,The judge said several jurors acknowledged knowing about his decision but said it had not “played any role whatever in their deliberations.”
2022-02-17,The settlement was portrayed as a win-win for 39 states and the loan giant Navient. But thousands who received predatory loans will still have to pay.
2022-02-17,A limited edition collaboration between BMW and the artist is unveiled. “I wanted to make a car that when it drove by would go pop-pop-pop.”
2022-02-17,The automotive retailer said tight demand and limited supply driven by shortages in computer chips is likely to continue well into the year.
2022-02-17,A bipartisan bill would impose sweeping new restrictions on internet platforms.
2022-02-17,The retailer said total revenue rose to $153 billion in its most recent quarter up 0.5 percent from a year earlier.
2022-02-17,The broad nature of Thursday’s decline pointed to more than one reason. Oil prices and yields on government bonds also fell.
2022-02-17,The Biden administration added several major Chinese businesses to a list of counterfeiters but removed any mention of Amazon’s foreign operations.
2022-02-17,Podcasts have been a freewheeling corner of digital life but the potential for profits is changing that.
2022-02-17,A labor shortage that began as businesses reopened from pandemic lockdowns is helping to push up pay. The Fed is watching carefully.
2022-02-17,The project is a big bet on scaling up programs that have proved effective in lifting low-income workers into middle-class jobs and careers.
2022-02-18,Prices fell and then recovered as speculation grew that a revived nuclear deal with Tehran could free millions of barrels of oil.
2022-02-18,Chamath Palihapitiya a prolific sponsor of blank-check funds is stepping down as chairman of Virgin Galactic.
2022-02-18,The company said it lost $326 million in the fourth quarter and told investors to expect nearly $1 billion in additional losses from operations this year.
2022-02-18,Shares of a copy of Batman No. 1 will be sold by an online collectibles company in mid-March.
2022-02-18,Truth Social the former president’s hard-right alternative to Twitter could open its doors next month. But as businesses go outrage may not be the best moneymaker.
2022-02-18,Control of the internet is increasingly part of any modern conflict.
2022-02-18,The debacle over Olympic sponsorship shows how the U.S.-China relationship has turned into a minefield for companies trying to do business in both countries.
2022-02-18,An internal investigation found that a top executive Allison Gollust had extensive communications with then-Gov. Andrew Cuomo.
2022-02-18,Despite warnings by Western leaders of an imminent Russian attack U.S. and European companies say they see a low risk of an invasion.
2022-02-18,Top Federal Reserve officials will be barred from owning many securities after a trading scandal and a series of prominent resignations.
2022-02-19,Several claims have circulated on social media often after they are mentioned by Russian officials or news media.
2022-02-19,Barry McCarthy replaced the floundering company’s founder as chief executive this month. In an interview with DealBook Mr. McCarthy discussed what he plans to do differently.
2022-02-19,States are lifting mask mandates and demand is bouncing back quickly after Omicron. Supply constraints are proving harder to escape.
2022-02-20,Leaked data on more than 18000 accounts shows that the Swiss bank missed or ignored red flags.
2022-02-20,As workplaces transformed by the pandemic negotiate a “new normal” DealBook asked college seniors across the country what they hope it will look like.
2022-02-20,While oil traders keep an eye on Russia they’re also looking to a possible nuclear deal with Iran that could help add to global supplies.
2022-02-20,The billionaire investor has proposed two candidates for the company’s board. The company argues that his demands are unreasonable given the current U.S. pork supply.
2022-02-21,“Everything was a lie” said one woman lured into a recent scam.
2022-02-21,Countries that depend on the region’s rich supply of energy wheat nickel and other staples could feel the pain of price spikes.
2022-02-21,Investors say Nelson Partners owes them tens of millions and student tenants complain about poorly run properties. Now a $54 billion investment firm is in the mix.
2022-02-21,The Times was honored for coverage that revealed a plot behind the murder of the Haitian president and for investigations on the toll of America’s air war in the Middle East.
2022-02-21,High energy prices in Europe are upending people’s lives. While some are installing solar panels others are stoking their wood-burning stoves.
2022-02-22,Banks are bracing for potential economic sanctions and cyberattacks as the conflict escalates.
2022-02-22,Federal Reserve officials appear unlikely to change course amid escalating tensions. A conflict could drive gas prices higher.
2022-02-22,Officials have been preparing investors for a series of steady rate increases and a prompt start to Federal Reserve balance sheet shrinking.
2022-02-22,Apple is making a stink over a Dutch regulator’s effort to change its app store. Here’s why the tech giant cares.
2022-02-22,Overall sales last year were $24.5 billion compared with $24.6 billion in 2019. Net profit was $1.4 billion.
2022-02-22,Team leaders will decide what type of return would work best the chief executive of Dow Jones wrote in a companywide email.
2022-02-22,Oil and gas prices are up and Western energy giants with operations and investments in Russia could find it harder to keep doing business there.
2022-02-22,The White House effort is part of a push to reduce America’s dependence on foreign products particularly those from China.
2022-02-22,The U.S. and Britain are aiming to throttle Russia’s access to foreign capital. But things could get complicated for the entire global financial system.
2022-02-22,After Russia ordered its military into Ukraine Chancellor Olaf Scholz suspended a natural gas pipeline connecting Germany to Russia.
2022-02-23,The official debut of the former president’s social media platform on Monday was marred by error messages and a long waiting list for people who had signed up for access.
2022-02-23,After Omicron derailed return-to-office plans late last year some companies are making a new attempt to call their workers back.
2022-02-23,Under the legislation known as a due diligence law businesses would need to establish regulations to detect prevent and mitigate breaches of human rights.
2022-02-23,The National Labor Relations Board ruled that single Starbucks stores not multiple locations in an area were the proper jurisdictions for unionization votes.
2022-02-23,Russian companies have many cryptocurrency tools at their disposal to evade sanctions including a so-called digital ruble and ransomware.
2022-02-23,The Russian attack on Ukraine could push up oil and food prices globally at a time of already-high inflation. In the U.S. it will drive up uncertainty.
2022-02-23,To combat the decline of theatergoing the large-format cinema company will show events like concerts stand-up comedy and e-sports tournaments.
2022-02-23,Prosecutors in a case involving a former Goldman Sachs executive and a Malaysian fund found 15000 emails and other documents they need to turn over.
2022-02-23,Lawyers have told a federal judge that they will file several motions scrutinizing the timing of his announcement that he intended to dismiss the case for lack of evidence.
2022-02-23,America’s emergency stockpile was tapped in November seemingly to little effect.
2022-02-24,The agency’s lawsuit against the deal for a health technology company is the latest move by the Biden administration to quash corporate consolidation.
2022-02-24,Comments made by the stars of the network's prime-time opinion programs came in contrast to coverage by its correspondents reporting from Ukraine.
2022-02-24,Shoving these videos at us is a little bit sad a little bit brilliant — and very much worth watching.
2022-02-24,The fees have been criticized by regulators. Citi’s move follows similar actions by smaller lenders like Capital One and Ally Financial.
2022-02-24,The swiftness of Russia’s assault raised questions about how to confront the rapidly shifting geopolitical landscape.
2022-02-24,Russia and Ukraine together supply more than a quarter of the world’s wheat and coming disruptions could fuel higher food prices and social unrest.
2022-02-24,The Biden administration is taking steps to avoid a spike in gas prices as officials consider the potential consequences for American consumers.
2022-02-24,Ex-heads of government left the boards of some prominent Russian companies after Ukraine was attacked except the most prominent — Germany’s ex-chancellor Gerhard Schröder.
2022-02-24,The moves are aimed at cutting off Russia from critical technology needed to power its military and economy.
2022-02-24,Fox News stars like Tucker Carlson questioned why Americans hated Vladimir Putin and CNN showed Russian tanks and rockets in live war-zone dispatches.
2022-02-25,The ripple effects of Russia’s invasion of Ukraine are coming into focus.
2022-02-25,Star Wars: Galactic Starcruiser opening at Walt Disney World is part luxury hotel part theme park ride part role-playing game. But it will cost you.
2022-02-25,After-tax incomes grew 0.1 percent the slowest rate since June. Adjusted for inflation they declined for the sixth straight month.
2022-02-25,Ms. Rascoe will fill a role that Lulu Garcia-Navarro left.
2022-02-25,Americans saved 6.4 percent of their after-tax income in January lower than the prevailing rate before the coronavirus hit.
2022-02-25,A meeting discussed “increased concerns” in energy markets and appeared to signal the group was getting ready to intervene perhaps with a release of oil.
2022-02-25,The Securities and Exchange Commission is proposing new disclosure requirements for large short sellers. Officials say it could help them sort out market disruptions.
2022-02-25,The victory was the union’s first outside Buffalo and appeared to underscore its momentum in organizing company employees across the country.
2022-02-25,After marinating in conspiracy theories and Donald J. Trump’s Russia stance some online discourse about Vladimir Putin has grown more complimentary.
2022-02-26,Facing a wary United States and worried about depending on imports by sea China is buying more energy and food from its northern neighbor.
2022-02-26,He will take over CNN as the network gets a new corporate owner. He replaces Jeff Zucker the network president who abruptly resigned this month.
2022-02-26,In announcing the company’s $90 billion profit in 2021 Warren Buffett noted the role that Berkshire plays in the American economy.
2022-02-26,Daniel Yergin the author of several books about geopolitics and oil talked with DealBook about the complicated relationship between renewable energy and energy security.
2022-02-26,Google Apple and others were warned that they must comply with a new law which would make them more vulnerable to the Kremlin’s censorship demands.
2022-02-26,European companies that have operations in Russia are preparing for collateral damage as Western sanctions aim to penalize Russia’s economy.
2022-02-27,As the world overwhelmingly condemns the assault on Ukraine online opinion in China is mostly pro-Russia pro-war and pro-Putin.
2022-02-27,Corporate America is lifting prices and bragging about bigger profits as consumers open their wallets and spend heartily.
2022-02-27,Ukraine is one of the major transmission routes for Russian gas to Europe.
2022-02-27,Russian holdings may become toxic for the Western oil industry.
2022-02-28,Google Meta Twitter Telegram and others are levers in the conflict caught between demands from Ukraine Russia the European Union and the U.S.
2022-02-28,The electric car start-up cited supply chain problems.
2022-02-28,The organization’s energy commissioner said the Russian invasion of Ukraine had exposed vulnerabilities in European energy supplies.
2022-02-28,Shell said it would exit its investments in Russia a day after BP said it would do the same. Now companies like TotalEnergies and Exxon will face questions.
2022-02-28,Uber said it would try to ‘accelerate’ the planned sale of its shares in the Russian service.
2022-02-28,The operation will continue to cover the intersection of race sports and culture but will expand into publishing live events music TV and film.
2022-02-28,European companies that have leased hundreds of planes to Russian airlines must now find a way to fly them out.
2022-02-28,John Demsey an executive vice president was a powerful figure at the company which has been scrutinized for its diversity efforts.
2022-02-28,A newly revamped store in Washington shows how thoroughly Amazon has woven itself into the grocery shopping experience.
2022-02-28,The Swedish carmaker’s move is a sign of how businesses may decide the hazards of doing business in Russia outweigh the risks.
2022-03-01,Military conflicts have not been a major factor in market movements for decades. But Russia’s invasion of Ukraine has put global relations back on investors’ minds.
2022-03-01,A new how-to guide aims to support the start-ups that are chugging along and doing just fine.
2022-03-01,The contract between about 100 workers at six publications and G/O Media expired on Monday night.
2022-03-01,Volkswagen BMW and Porsche said they would be forced to curtail production at factories. Ukraine produces crucial electronic components.
2022-03-01,Both Democratic and Republican officials are taking steps to sell state funds invested in Russia.
2022-03-01,It is also disabling features in its maps app “as a safety and precautionary measure for Ukrainian citizens.”
2022-03-01,Labor market gains are expected to be emphasized during the State of the Union address. Progress is strong but needs context.
2022-03-01,In a written opinion explaining his decision to dismiss Ms. Palin’s defamation case Judge Jed S. Rakoff also stated his faith in the integrity of the jury.
2022-03-01,Tim Leissner testifying in the trial of a former colleague accused of helping loot billions of dollars from a Malaysian sovereign wealth fund said he misled his wives including Kimora Lee Simmons.
2022-03-01,European buyers shippers banks and insurers have grown leery of doing business with Russia in recent days even at deep discounts.
2022-03-02,As daily life feels more familiar apps from Apple and Google can keep you organized and get you to your in-person events on time.
2022-03-02,Four Democrats have asked Treasury officials to explain how they’re overseeing digital assets while Russia is largely frozen out of traditional commerce.
2022-03-02,Friends With Benefits is a V.I.P. lounge for crypto’s creative class. Is it empty hype or the future of friendship?
2022-03-02,The company is undertaking a far-reaching effort to change how it works. For some it is an echo of their early idealism and a vision for what the internet could have been.
2022-03-02,Sarah Bloom Raskin his choice for the Federal Reserve’s head of bank oversight has faced staunch G.O.P. opposition over her climate views. Yet her private sector work is holding up her nomination.
2022-03-02,The announcement followed similar decisions from tech companies oil giants and Hollywood studios.
2022-03-02,Some employees who back unionization efforts have been told they must increase their work availability or leave. The company cites scheduling issues.
2022-03-02,The group is looking into the Chinese-owned video site for the harms it may pose to younger users.
2022-03-02,The Biden administration said the measures would degrade the ability to wage war on Ukraine and would prevent Belarus from channeling forbidden goods to Russia.
2022-03-02,The closures affect its bookstores and Amazon 4-Star locations but not Whole Foods or Amazon Fresh.
2022-03-03,Even countries with limited trade relationships are intertwined in capital markets in today’s world. Could the Russia sanctions change that?
2022-03-03,Experts say stories like the Ghost of Kyiv and Snake Island both of questionable veracity are propaganda or morale boosters or perhaps both.
2022-03-03,Americans pay more for worse internet service. But that may be beginning to change.
2022-03-03,The new policy will take down channels that persistently lie about vaccines and election fraud as well as Russian state-run media.
2022-03-03,The sudden effort to sell Chelsea F.C. by its billionaire owner Roman Abramovich is a sign that the threat of sanctions is having an effect on wealthy Russians.
2022-03-03,More European and American businesses have been ceasing sales and other operations in Russia and expressing their support for the Ukrainian people.
2022-03-03,The British broadcaster is turning to frequencies that still work during a communications blackout.
2022-03-03,The company which has more than 200 gas stations in the U.S. acted as lawmakers in Washington were seeking to block Russian oil imports.
2022-03-03,The ratification with about 80 percent of ballots in favor makes it the largest tech union in the United States with collective bargaining rights.
2022-03-03,Jerome H. Powell the head of the Federal Reserve told lawmakers the Fed was prepared to prevent a rerun of 1970s inflation.
2022-03-04,In much of the world Russia is losing the information war over Ukraine. In China though it’s winning big.
2022-03-04,Stocks have been zigzagging for the last several weeks as tension in Ukraine escalated and as sanctions on Russia imposed in the days since its invasion of Ukraine have mounted.
2022-03-04,More than half of the debt that appears on credit reports as being in collection stems from medical bills the agency found.
2022-03-04,Bombs guns and fighter jets aren’t typical E.S.G. investments but two Citi analysts say they should be. Advocates for “socially responsible” investing call the idea “absurd.”
2022-03-04,Economists and Americans alike are trying to make sense of prices wages and public opinion.
2022-03-04,Russia’s invasion of Ukraine went unmentioned at the opening of an annual gathering of China’s legislature as leaders focused on stabilizing economic growth.
2022-03-04,The hackers have claimed a number of disruptions over the past week blurring the lines between amateurs and groups linked to governments.
2022-03-04,The French brands join other Western companies in pausing retail operations as the Russian invasion of Ukraine escalates.
2022-03-04,The announcement comes as Disney faces pressure to keep its streaming business growing.
2022-03-04,Lawmakers have passed legislation granting benefits and protections but allowing Lyft and Uber to continue to treat drivers as contractors.
2022-03-05,The Chinese-owned video app is dealing with a flood of war videos and the question of whether it is spreading unverified information.
2022-03-05,BBC and Bloomberg News were among the media outlets that instructed Russia-based reporters to cease news gathering after a new law cracked down on news and free speech.
2022-03-05,Efforts to make the supply chain more resilient after pandemic shortages are no match for low-price foreign products the companies say.
2022-03-05,Criticism of Russia has become a common feature of advertisements and the marketing industry.
2022-03-06,The national average price on Sunday was $4.009 a gallon approaching a record set in 2008.
2022-03-06,The economic fallout from Russia’s invasion of Ukraine is only part of the pain for German companies.
2022-03-06,Zelle the payments platform used by millions of customers is a popular target of scammers. But banks have been reluctant to make fraud victims whole — despite owning the system.
2022-03-07,A Biden administration report says collusion and other constraints on competition hold down pay and prospects in the labor market.
2022-03-07,The prize: batteries that would be cheaper faster to charge and less vulnerable to raw material shortages. Whoever gets there first will have a major advantage.
2022-03-07,Climbing energy prices are roiling markets.
2022-03-07,The S&P 500’s drop was its sharpest since October 2020. The tech-heavy Nasdaq composite is down 20 percent from its November record.
2022-03-07,Back in 2005 when low-cost Chinese manufacturers were taking over the personal protective equipment industry Mike Bowen joined a friend who had started a small surgical-mask company called Prestige Ameritech. The plan was to market his company’s masks to American hospitals and distributors as a way to provide resilience — a means of ensuring domestic supply if the global supply chain ever faltered.
2022-03-07,Swiss authorities estimate that 80% of Russia’s raw materials and resources are exchanged in their country.
2022-03-07,The news organization that prides itself on short-format writing has big plans to expand in local news paid newsletters and even the emails sent by your bosses.
2022-03-07,Russian authorities and multinational companies have erected a digital barricade between the country and the West erasing the last remnants of independent information online.
2022-03-07,A bipartisan group of lawmakers reached an agreement on legislation that if passed would bar imports of Russian energy and suspend normal trade relations with Russia and Belarus.
2022-03-07,The accounting firms said they would sever ties after similar announcements from their rivals KPMG and PwC.
2022-03-08,The White House is stopping Russian energy imports as the country wages war on Ukraine which could push American gas prices even higher.
2022-03-08,Other news organizations like Bloomberg have suspended their operations in Russia in response to a new law that effectively criminalizes independent reporting.
2022-03-08,Lululemon plans to sell athletic footwear for women underscoring its growth ambitions.
2022-03-08,The tech giant used to give us only a few cool options. Now it has to work harder to win us over.
2022-03-08,The price of a gallon of gas has climbed in the aftermath of Russia’s invasion of Ukraine. Russia is a major producer of oil.
2022-03-08,Pressure has been ramping up on the American brands to pull out of Russia.
2022-03-08,The policy change for Amazon Web Services started over the weekend but was not publicly announced until Tuesday.
2022-03-08,Gina Raimondo the commerce secretary said the U.S. could take “devastating” action against Chinese companies that defy Russian sanctions.
2022-03-08,Senator Ron Wyden asked the agency’s inspector general to open an investigation of the program which involved four states and Mexico.
2022-03-08,In a showcase on Tuesday Apple added to its ever-expanding array of product offerings.
2022-03-09,Openings remained high in January the Labor Department reported as did the number of workers quitting their jobs.
2022-03-09,Investment law and lobbying firms have helped enmesh Kremlin-linked oligarchs into the Western financial and legal systems.
2022-03-09,The isolation of the Russian economy is striking in its speed and scope.
2022-03-09,Members of the Judiciary Committee accused Amazon of obstructing its inquiry into how the company treats third-party sellers.
2022-03-09,Under pressure from investors and consumers many Western companies are unwinding their investments closing stores and pausing sales in Russia.
2022-03-09,Foreign companies and tech powers are increasingly pressured to cut ties over political crises. But then what?
2022-03-09,Bob Chapek’s remarks followed criticism that the company a major employer in the state because of Disney World had not spoken out against the legislation.
2022-03-09,The ballots were counted amid a growing nationwide campaign among the chain’s employees.
2022-03-09,The most prominent effort was a version of Instagram for children.
2022-03-09,Since the invasion of Ukraine began the increasing financial and reputational risks of doing business in Russia are leading Western brands to halt operations.
2022-03-10,Tadashi Yanai the founder of Fast Retailing had faced backlash for his decision to stay in Russia.
2022-03-10,The updated policy affects 2200 employees who have been on unpaid leave or in roles not requiring in-person contact with customers.
2022-03-10,The company aims to be “carbon negative” by the end of the decade but its emissions rose sharply in the most recent year measured.
2022-03-10,Whatever the short-term benefits for producers the market upheaval could accelerate the transition away from oil he says.
2022-03-10,Cryptocurrencies aren’t widely used in workplace retirement plans but the department worries about separating “the facts from the hype.”
2022-03-10,The automaker has been making delivery vans in Russia but its chief has said production is likely to halt because of a lack of parts.
2022-03-10,The economic fallout from Russia’s invasion will depend on the outcome of the war and the duration of the sanctions.
2022-03-10,More than 20 million returns remain unprocessed the agency said.
2022-03-10,President Biden had pledged to name a chief prosecutor to go after “criminals who stole billions in relief money.”
2022-03-10,The company said it expected to produce only 25000 electric vehicles this year adding a new cloud to its outlook only months after a hot I.P.O.
2022-03-11,Global disruptions from the war on Ukraine and uncertainty due to the sanctions have led to pileups at ports and could delay cargo longer.
2022-03-11,Any financial lifeline that Beijing can offer Moscow involves taking on risk and won’t have the power to reverse the damage of sanctions imposed by the United States and its allies.
2022-03-11,The company has opposed singer-songwriters school districts and food blogs for trying to trademark names or logos featuring an apple — or a pear or pineapple.
2022-03-11,European Union and British regulators are investigating an agreement between the internet giants that a U.S. antitrust inquiry uncovered.
2022-03-11,Goldman and JPMorgan are the first big U.S. lenders to pull out of the country.
2022-03-11,The company told workers on Friday that it will reduce or eliminate some of its famous perks as it prepares for a return to the office.
2022-03-11,When the merger is complete the newly formed Warner Bros. Discovery will be one of the largest media companies in the United States.
2022-03-11,The move will prevent any shipments of high-end watches cars apparel alcohol and jewelry from reaching the country.
2022-03-11,The backlash underscored the difficulties some technology companies face in limiting the spread of Russian propaganda.
2022-03-11,Long hailed by its advocates as a safe hedge during uncertain times Bitcoin’s value has fallen steadily in recent weeks.
2022-03-12,Bill Gross turned a sleepy market for bond trading into a cutthroat trillion-dollar business. A new book tells the story of his rise and fall.
2022-03-12,Western companies that own the planes face little prospect of getting them back meaning billions of dollars in losses.
2022-03-12,Mykhailo Fedorov Ukraine’s youngest minister has turned technology cryptocurrency and social media into modern weapons of war.
2022-03-13,A barrel of oil is trading at roughly $107 while gasoline is at $4.33 on average in the United States.
2022-03-13,Citing more blackouts wildfires and higher electricity rates a growing number of homeowners are choosing to build homes that run entirely on solar panels and batteries.
2022-03-13,Only one person is likely to ever face trial in the United States over the looted billions from a Malaysian sovereign wealth fund. The case hangs on his former boss at Goldman Sachs.
2022-03-13,Some legal experts say it is time to draw a sharp line between protected speech and harmful disinformation.
2022-03-14,Why spend more if you don’t have to? The new $430 iPhone meets all the criteria of what most of us need in a smartphone.
2022-03-14,Companies partially pulling out of the country are under pressure to make a cleaner break.
2022-03-14,Some companies have revised their plans after being pushed to make a more definitive break from the country.
2022-03-14,The Federal Reserve is facing the fastest inflation most Americans have ever seen. Its chair says policymakers will do what it takes to tame prices.
2022-03-14,Rising energy costs are lifting the prices of key materials and intensifying inflation compounding supply chain disruptions caused by the pandemic.
2022-03-14,The problems of Leoni which makes automotive wiring systems show the economic collateral damage caused by the Russian invasion.
2022-03-14,Republicans had already opposed Sarah Bloom Raskin as the Federal Reserve’s top bank cop.
2022-03-14,Mr. Hall is a longtime war correspondent who joined the network in 2015.
2022-03-14,Christopher Wynne’s company controls the franchise agreements for the 190 Papa John’s locations in the country. “At the end of the day they appreciate a good pizza” he said.
2022-03-14,Citi will expand its exit announced last April and stop seeking new clients in Russia.
2022-03-15,Western news outlets are engaging in a tense debate over balancing an urgent need to bear witness with journalists’ ability to report freely under strict new laws there.
2022-03-15,Federal Reserve officials are set to raise interest rates to control inflation but the return to normal they had hoped to see remains painfully elusive.
2022-03-15,Pierre Zakrzewski a Fox News cameraman and Oleksandra Kuvshynova a Ukrainian journalist were killed outside Kyiv. A Fox News correspondent Benjamin Hall remained hospitalized.
2022-03-15,Uncertainty looms for German business leaders who worry that the war could upend their country’s globalized export-focused economy.
2022-03-15,The streaming service is expanding more aggressively into the preschool space.
2022-03-15,The group is asking for compensatory damages estimated at more than $8.7 million.
2022-03-15,Citing sanctions the Russian government warned it might pay foreign debt obligations in rubles. Credit rating agencies say a default is imminent.
2022-03-15,Sarah Bloom Raskin did not appear to have the votes for Senate confirmation as Fed vice chair for supervision after a key Democrat withheld his support.
2022-03-15,Streaming services bring in steady cash for the music industry but sales are down and many artists feel left out.
2022-03-16,Kevin Johnson who was named chief executive in 2017 will leave his post on April 4.
2022-03-16,The central bank wants a strong economy but sustainability is the name of the game: A little pain today could mean less pain tomorrow.
2022-03-16,The International Energy Agency said the global economy could be whipsawed by cuts in oil supplies and a sharp drop in demand.
2022-03-16,Sales rose 0.3 percent from January a sharp slowdown in growth. Spending at electronics appliance furniture health and personal care stores was lower.
2022-03-16,Russian debt faces an uncertain future.
2022-03-16,Hand videos by the food entertainment site Tasty reshaped the internet. The question now is what’s next.
2022-03-16,The Fed is poised to raise its benchmark rate. Here's what that means for consumers.
2022-03-16,The former Bloomberg Media C.E.O. offered new details on the venture he is starting with the journalist Ben Smith.
2022-03-16,Mr. Cuomo’s lawyers claim the money is owed to him for wrongful termination.
2022-03-16,The German automaker which has made cars in the state for decades has invested $1 billion in a factory to supply the power for electric vehicles.
2022-03-17,The bank on Thursday lifted its key interest rate to 0.75 percent the third consecutive increase.
2022-03-17,The bubble hasn’t exactly burst but we’re no longer seeing a fantastical belief in the power of technology.
2022-03-17,Thirty-five manufacturers around the world have signed agreements to produce generic versions of Pfizer’s Covid pills and sell them inexpensively in 95 lower-income countries that together are home to more than half the world’s people.
2022-03-17,The labor agency wants a federal judge to order changes there in the case of a fired worker before a union election starts next week.
2022-03-17,The average rate on 30-year fixed mortgages dropped as low as 2.65 percent in January 2021.
2022-03-17,Some drivers say they find it hard to justify spending hours on the road for Uber or Lyft as fuel costs continue to tick upward.
2022-03-17,Koch employs about 600 people in Russia through a unit that makes up a small part of its overall business.
2022-03-17,Regulators say the bank which mainly serves U.S. military members failed to keep track of its customers’ suspicious activities despite repeated warnings that it needed to improve.
2022-03-17,BNY Mellon has ceased new business in Russia and has “suspended investment management purchases of Russian securities” it said.
2022-03-17,Citigroup is the first major U.S. bank to announce a policy change in response to the legislation which bans abortions after six weeks of pregnancy.
2022-03-18,Export controls introduced in late February prohibit exporting aircraft that were made in the U.S. or use some U.S. parts to Russia effectively grounding some international flights the Commerce Department said.
2022-03-18,Some of the pressures that had combined to sour once-ebullient markets seemed to be easing.
2022-03-18,Crypto is a lot of things – including terribly explained. We’re here to clear things up.
2022-03-18,The attorney general for the District of Columbia said Amazon made merchants on its site sell at the lowest price they charged on the web resulting in higher prices overall.
2022-03-18,The lawsuit echoes many of the complaints Black employees have expressed over the years about working at the company.
2022-03-18,Debts that are paid off after they go to collections will be removed instead of staying on credit reports for up to seven years Equifax Experian and TransUnion announced.
2022-03-19,Going back — way back — in American history for ideas about what to do about rising prices.
2022-03-19,A state representative threatened to introduce legislation that would bar local governments from doing business with companies that had such policies.
2022-03-21,The giant oil producer will spend as much as $50 billion this year on capital investments including shale drilling.
2022-03-21,The commission gave initial approval to a much-anticipated rule that would require public companies to report the climate-related impact of their businesses.
2022-03-21,Unlikely allies including hedge funds and labor activists oppose a proposal that would force faster disclosures of swap positions.
2022-03-21,The sport utility vehicle made in Tennessee is one of more than 20 E.V. models that General Motors plans to roll out in the U.S. within three years.
2022-03-21,Jerome H. Powell the chair of the Federal Reserve voiced worry about inflation expectations and declared the central bank ready to do what it takes to control rapid price increases.
2022-03-21,Ngozi Okonjo-Iweala the World Trade Organization’s director general said bringing more countries into international production networks could make supply chains more resilient.
2022-03-21,A lawsuit filed in federal court in California says the bank’s lending algorithms draw on racist history to deny refinancings at a higher rate for Black borrowers.
2022-03-21,Four were dismissed and two were disciplined. Google has said its actions had nothing to do with trying to combat unionization efforts.
2022-03-21,No fault has been found but the company which has been trying to overcome a recent legacy of design and production troubles is likely to get scrutinized.
2022-03-21,Using a network of banks law firms and advisers in multiple countries Roman Abramovich invested billions in American hedge funds.
2022-03-22,The $7 billion plant will eventually produce half a million S.U.V.s a year the company said.
2022-03-22,Recreating the human face could give virtual interactions the sense of intimacy they’re missing.
2022-03-22,A wind turbine factory in Denmark and a coal mine in Poland illustrate the painful policy choices after Russia’s aggression in Ukraine added urgency to the transition to greener energy.
2022-03-22,The name Semafor a variation on the word “semaphore” appears in similar form in many languages.
2022-03-22,The French company said it had been accused of “complicity in war crimes” for continuing to work in Russia.
2022-03-22,The 9-0 tally was the seventh union victory in the U.S. in a push that began last year.
2022-03-22,Hoping to avoid controversy the company initially shied away from taking a public stance on the anti-L.G.B.T.Q. bill. Now an internal outcry has stretched into its third week.
2022-03-22,Prosecutors say Ramesh Balwani worked hand in hand with Elizabeth Holmes the Theranos chief executive who was convicted of four counts of fraud.
2022-03-22,The rules required employers to mandate indoor masking in higher-risk areas and to report Covid outbreaks to the state’s Department of Health.
2022-03-22,The step announced as U.S. and British officials met in Baltimore removed trade barriers erected under former President Donald J. Trump.
2022-03-23,The arrival of the Omicron variant in New York this winter threatened the survival of restaurants that were already battered by the pandemic.
2022-03-23,Unlike so many of our online experiences shopping is one area that has remained mostly local.
2022-03-23,The automaker which was created by the merger of Fiat Chrysler and Peugeot has lagged in the fast-growing market for electric cars.
2022-03-23,The philanthropist announced new donations to Ukraine aid and Planned Parenthood and said she would soon debut a database of all her giving.
2022-03-23,Germany Europe’s largest economy has been the most prominent opponent of a boycott of Russian energy. It relies on Russia for about 55 percent of its natural gas 35 percent of its oil and half its coal.
2022-03-23,The move comes after months of complaints by business groups that the Biden administration was not doing enough to alleviate financial pain from the Trump trade war.
2022-03-23,The test program is likely to whittle away at the lucrative commissions that Google has charged app developers for money made on its platform.
2022-03-23,The pilot Mark Forkner was the only person to face criminal charges for flaws that resulted in two fatal crashes of one of Boeing’s most important planes.
2022-03-23,The French company is a partner of Russia’s top car manufacturer.
2022-03-23,The chief executives of American Airlines Delta Air Lines United Airlines and several other passenger and cargo carriers made the request Wednesday.
2022-03-24,The new company which is aiming to go public this year has performance E.V.s planned with Volvo’s safety in its DNA.
2022-03-24,Influential investors say that there could be a permanent shift in the world order.
2022-03-24,The market opened for the first time since Feb. 25 and the MOEX index was probably pushed up by measures designed to avoid a sell-off.
2022-03-24,Policymakers are wrestling with the reality that the pandemic may mark a turning point in the nation’s economic plot.
2022-03-24,The ride-hailing giant is teaming up with two taxi technology companies in an unlikely alliance.
2022-03-24,The Treasury Department warned that Russian gold sales could be subject to sanctions.
2022-03-24,European officials rejected Russia’s demand with Germany’s economic minister saying it amounted to a breach of contract.
2022-03-24,The Digital Markets Act is the most sweeping legislation to regulate tech since a European privacy law was passed in 2018.
2022-03-24,Beer coolers on wheels represent a debate over who belongs and who doesn’t in our shared spaces.
2022-03-24,The acquisition is the company’s third since it announced plans to move into video games last summer.
2022-03-25,The Biden administration’s plan to send more natural gas to Europe will be hampered by the lack of export and import terminals.
2022-03-25,One of the world’s most far-reaching laws to rein in the power of tech companies takes shape.
2022-03-25,President Biden said the agreement included “unprecedented protections.”
2022-03-25,The usually sedate bond market has been unsettled by worries about inflation the Federal Reserve’s interest rate increases and even the possibility of a recession.
2022-03-25,Jennifer Sey left Levi’s after her advocacy against school closures and mask mandates for children gained attention. She says it’s a matter of free speech. The company disagrees.
2022-03-25,Central bankers have been clear that they will do what it takes to control inflation. They are betting on a soft landing but a bumpy one is possible.
2022-03-25,European leaders announced the agreement Friday an effort to ease their reliance on Russia and contain energy costs.
2022-03-25,“Every supply contract that is terminated hurts Putin” said the country’s vice chancellor and economic minister.
2022-03-25,President Biden said the United States would send more natural gas to Europe though he did not specify how given that the U.S. is already near its export capacity.
2022-03-25,A reporter at the news organization claimed that it had created a hostile work environment that unfairly prevented her from writing about sexual assault.
2022-03-26,Trading has resumed after the market closed for a month but it’s not business as usual.
2022-03-26,A few years ago the entertainment industry was arguing over whether movies on streaming services even counted as a film. Now one is poised to win the Oscars’ top prize.
2022-03-27,As he starts a new streaming show at CNN the longtime TV anchor reflects on his decision to leave Fox News after 18 years.
2022-03-28,The company supported by Donald Trump Peter Thiel and other prominent conservatives wants to help build a “new internet” independent from Silicon Valley’s titans.
2022-03-28,The Finnish company played a key role in enabling Russia’s cyberspying documents show raising questions of corporate responsibility.
2022-03-28,With the contract of union workers at West Coast ports nearing expiration the prospect of a labor impasse threatens another shock to the global economy.
2022-03-28,The White House on Monday will ask Congress to tax the top one-hundredth of 1 percent of American households.
2022-03-28,Proposed new limits come as corporations may spend $1 trillion on stock repurchases this year.
2022-03-28,The brewing giants are quitting Russia as companies face pressure to completely pull out of the country.
2022-03-28,Disney’s employees criticized the company this month for not taking a public stance against the legislation.
2022-03-28,Raj Subramaniam the current president and chief operating officer will succeed Mr. Smith according to a news release issued by FedEx.
2022-03-28,Naming names Rohit Chopra says big banks and other companies that break rules multiple times should face long-lasting consequences.
2022-03-28,Even with a marked rebound in viewership the 2022 Oscars was the second-least-watched year for the awards show.
2022-03-29,The job market remained very strong last month suggesting that workers remain in high demand and are still quitting more often a Labor Department report showed.
2022-03-29,Mr. Wallace spoke to The Times about his decision to leave Fox News and join the new streaming platform.
2022-03-29,Developers are rapidly expanding hangar space at airports across the country to keep up with a growing demand for places to park private planes.
2022-03-29,The union will cover more than 500 employees from all of Condé Nast’s brands except the four publications that have already unionized.
2022-03-29,Recent poll data suggests that rising prices dominate Americans’ economic concerns with inflation fears the highest since 1985.
2022-03-29,While India and Russia have long had close ties researchers say there are signs that social media posts parroting Kremlin talking points may not be legitimate.
2022-03-29,But the largest audience of the night was tuned in earlier during Troy Kotsur’s win for best supporting actor.
2022-03-29,The company known for TV ratings has faced pressure from media platforms and advertisers to more accurately include digital audiences.
2022-03-29,Concerns that popular social media platforms can expose children to posts that are sexualized hurt their body image or are violent have escalated in recent years.
2022-03-29,Apple’s “CODA” won the Oscar for best picture. Cool. But what happens when Big Tech stops throwing money around?
2022-03-30,The rules over what war content is permitted on Facebook and Instagram keep changing causing internal confusion.
2022-03-30,In the 1970s Jack Dongarra created code and concepts that allowed software to work easily with the world’s most powerful computing machines.
2022-03-30,The economy minister had said Germany must be “prepared for an escalation on the part of Russia.”
2022-03-30,Supervisors are called on to help people navigate personal challenges whether or not they have the training to do so.
2022-03-30,Bill Ackman of Pershing Square Capital Management gives up the “noisiest” kind of shareholder agitation.
2022-03-30,Senators Elizabeth Warren and Sheldon Whitehouse called on regulators to interpret oversight powers more broadly to cover hedge funds private equity firms and more.
2022-03-30,More Americans than ever are buying fancy phones and laptops. Will it last?
2022-03-30,Big producers seem to be sticking to modest output raises and alliance with Russia.
2022-03-30,The high price of energy is driving up consumer prices across Europe with both Germany and Spain hitting record levels.
2022-03-30,Along with the annual wave of tax-related phishing attempts fake Ukrainian war-relief charities are flooding the internet.
2022-03-31,Along with the annual wave of tax-related phishing attempts fake Ukrainian war-relief charities are flooding the internet.
2022-03-31,The count was much closer than another unionization vote taken at the facility last year.
2022-03-31,Stocks rose 3.6 percent in March after the S&P 500 rebounded sharply from its lowest point of the year.
2022-03-31,Don’t underestimate the tech that makes your eyes glaze over. It holds us all up.
2022-03-31,Existing contracts that allow for payments in Western currencies must be upheld European leaders insist while economists contemplate Vladimir Putin’s motives.
2022-03-31,Media reports linked the raids to subsidiaries of Gazprom the Russian gas giant.
2022-03-31,The story of one shipping container from a factory in China to a warehouse in the United States traces the arc of a global supply chain consumed by trouble.
2022-03-31,The oil producers insist that the oil market is “well balanced” despite the Ukraine war and sanctions against Russia.
2022-03-31,Prices climbed at the fastest pace in four decades over the past year. While economists expect a slowdown it has yet to materialize.
2022-03-31,The administration said the president would announce a plan to release reserves of crude daily for six months.
2022-04-01,Despite strong job growth all the positions lost during pandemic may not be regained.
2022-04-01,A tornado that hit a delivery station in Illinois last year will be a focus of the inquiry.
2022-04-01,A continued run-up in prices shows how rapidly the impact of the war in Ukraine is coursing through Europe’s economy.
2022-04-01,Federal Reserve officials have said the pace of pay gains if they continue would not be consistent with stable inflation.
2022-04-01,Leisure and hospitality jobs are still far below their pre-Covid levels but represent a big share of employment gains.
2022-04-01,The companies struggled to produce vehicles in the first three months of the year a sign that shortages could last longer than executives had hoped.
2022-04-01,Ms. Psaki faced tough questions from the White House press corps about performing her job while negotiating with a news outlet.
2022-04-01,The International Energy Agency said member countries had agreed to a release to ease global oil markets rocked by Russia’s war in Ukraine.
2022-04-01,Despite heavy lobbying by the company workers at the facility voted by a wide margin for a union. It was seen as a rebuke of the company’s treatment of its employees.
2022-04-01,Loan servicers were told to hold off on sending bills signaling that an extension is probably in the works.
2022-04-02,In the 19th century small investors played a big role in finance. Wall Street took it away. Redditors are trying to get it back.
2022-04-02,Ned Johnson the longtime leader of Fidelity changed the way the middle class thought about its money.
2022-04-02,Studios are signing up consultants to help make sure their movies or shows don’t raise any cultural red flags.
2022-04-02,The Russian leader has stabilized the ruble and kept Europe’s leaders guessing by threatening to cut off energy. But he has left the country financially isolated.
2022-04-02,The electric carmaker maintained its momentum from last year even as larger automakers continue to struggle with parts shortages.
2022-04-03,In a blow to the state’s efforts to deal with disparities in the workplace a judge found the law unconstitutional. It’s unclear whether the state will appeal the ruling.
2022-04-03,The last time the National Automobile Dealers Association was able to hold its annual convention in person the mood was far different. In a word grimmer.
2022-04-03,Dr. Robert Malone says he helped invent mRNA vaccines and has been wronged for decades. Now he’s spreading unfounded claims about the vaccines and the virus.
2022-04-04,Europe wants 50 billion cubic meters of additional natural gas but supplies are tight. Prices will rise and other regions might have to do with less.
2022-04-04,Just years after women could legally drive there the Rally Jameel celebrates a new first.
2022-04-04,On his first day back in the top job Howard Schultz made an abrupt change in policy at the company as it faces rising worker discontent.
2022-04-04,Investigators face a formidable challenge in figuring out why China Eastern Flight 5735 crashed on March 21.
2022-04-04,The defense said the only evidence of involvement by Roger Ng who is accused of receiving illegal kickbacks was the testimony of Tim Leissner a former Goldman partner who admitted on the stand to lying a lot.
2022-04-04,The Tesla chief executive who has been critical of Twitter’s content moderation policies has bought 9.2 percent of the social media company.
2022-04-04,The automakers’ performance in the first three months was in line with that of other companies like General Motors and Toyota.
2022-04-04,But analysts question whether sanctions will eventually affect Russia’s ability to pay.
2022-04-04,Many big banks are offering flexible working arrangements — sometimes grudgingly — as they chase talent that would rather stay home.
2022-04-05,The U.S. Treasury tightened its restrictions on Russian financial transactions on Monday when more than half a billion dollars in bond payments were due.
2022-04-05,Freight haulers draw rookie drivers by promising to get them licensed. The obligation that follows one lawyer says amounts to indentured servitude.
2022-04-05,Mr. Kilar helped HBO Max exceed expectations but upset some top Hollywood filmmakers in the process.
2022-04-05,Lael Brainard a governor of the Federal Reserve highlighted the impact of inflation on the poor and pledged to act to cool off rising prices.
2022-04-05,Twitter will stop amplifying Russian government accounts and ban some tweets containing images of prisoners of war.
2022-04-05,JetBlue’s offer is worth more than Frontier’s but the combination of Spirit and JetBlue is less of a clear fit industry analysts say.
2022-04-05,Inflation and gas prices are causing pain but for millions a rising stock market and increased homeowners’ equity are providing an unusual degree of security.
2022-04-05,The White House is said to be planning to announce the seventh extension of the pandemic relief program affecting tens of millions of borrowers.
2022-04-05,Ms. Sarnoff became the first woman to hold the job in 2019 but Discovery’s C.E.O. is expected to take over at least some of her role himself.
2022-04-05,Having rich guys like Jeff Bezos in orbit can make space travel routine and help all of us dream big.
2022-04-06,The virtual pinboard service will remove content that denies climate change after also blocking ads about politics weight loss and anti-vaccine sentiment.
2022-04-06,New technology that blends language and images could serve graphic artists — and speed disinformation campaigns.
2022-04-06,Much attention has been paid to the risks passengers face accepting rides from Uber or Lyft but drivers can also be in danger.
2022-04-06,Text spam is on the rise. The latest version involves scammers sending messages to you seemingly from your own phone number. Here’s what to do.
2022-04-06,The Treasury secretary told a House committee that the U.S. would continue finding ways to punish Russia for its invasion of Ukraine.
2022-04-06,Notes from the March meeting at which it raised rates by a quarter of a percentage point showed officials gearing up to pull back economic support quickly as they try to tame inflation.
2022-04-06,The administration is in a tight spot as fast inflation makes households unhappy. Trying to offset price pain can risk stoking demand.
2022-04-06,Credit rating agencies have indicated that payments in a currency different from the one the debt was sold in would count as a default once the grace period expired.
2022-04-06,The stolen information included the value of some customers’ portfolios and details of their stock trades but did not involve the company’s personal payments system.
2022-04-06,Old-school media companies are challenging the streaming star which needs new ways to stay on top.
2022-04-07,For now supply may be constrained but Hyundai is putting a big bet on building electrics for the American market.
2022-04-07,“He was fearless and brilliant in his investigation of hypocrisies and double standards in the media and his contribution was priceless” his family said in a statement.
2022-04-07,The success of an independent drive has organized labor asking whether it should take more of a back seat.
2022-04-07,Services that put a name to a face including Clearview AI are being used to identify Russian soldiers living or dead and to verify that travelers in Ukraine are who they claim.
2022-04-07,In an update to investors the oil company projected a huge financial hit from its exposure to Russia.
2022-04-07,David Zaslav the chief executive of Discovery who will lead the new company appointed many of his longtime lieutenants to key positions.
2022-04-07,The government said it aimed to fulfill a quarter of the estimated electricity demand in Britain with nuclear power by 2050.
2022-04-07,Gun control advocates are petitioning the Federal Trade Commission to investigate the firearms industry’s marketing practices.
2022-04-07,The meetings are a common response by companies like Amazon and Starbucks to union drives among workers. The full labor board will make the decision.
2022-04-07,Goldman’s compliance department found private documents from the Federal Reserve Bank of New York on the banker’s desk — although he said he had never read them.
2022-04-08,As the global chip shortage continues we take an inside look at how semiconductors are fabricated.
2022-04-08,The blockbuster merger of Discovery and WarnerMedia closed on Friday putting many of the biggest names in movies TV and news under one roof.
2022-04-08,The unscheduled change came after the ruble had regained most of its losses since Russia invaded Ukraine.
2022-04-08,New research finds companies are starting to rely less on the college filter in hiring. But it remains an obstacle to opportunity for many.
2022-04-08,The potential takeover of Spirit Airlines will test the way that trustbusters review deals.
2022-04-08,Human rights activists and others urged the Biden administration to cast a wide net to stop imports of products made with forced labor in Xinjiang.
2022-04-08,The company listed a series of complaints against an upstart union’s organizing efforts. Both Amazon and another union noted objections to another vote in Alabama.
2022-04-08,Workers at six more stores in upstate New York have voted to unionize.
2022-04-08,Glass Lewis the advisory firm on Friday gave Goldman a grade of C for executive compensation.
2022-04-08,Roger Ng is most likely the only person who will face trial in the United States in connection with a scheme to loot billions from a Malaysian sovereign wealth fund.
2022-04-09,Mr. Browder once a major investor in Russia discusses what influences Vladimir Putin and whether punishing the oligarchs around him could help end his aggression in Ukraine.
2022-04-10,With a new owner the 99-year-old movie studio appears headed back to its traditional sweet spot as an entertainment company. But the business of Hollywood is no longer the same.
2022-04-10,Russia was unable to use dollars held in American banks to make a payment of about $650 million on its debt. It used rubles instead.
2022-04-10,Tens of billions of dollars are being spent on what where and how consumers will eat in the coming years. Laws and regulations aren’t always keeping up.
2022-04-10,Economists are betting that supply chains for all kinds of goods will heal shortages will ease and price gains will slow. Cars are a wild card in those forecasts.
2022-04-11,China’s officials and state media are increasingly parroting Russian propaganda organs on the war in Ukraine undercutting U.S. and European diplomatic efforts even after the killings in Bucha.
2022-04-11,Under pressure to cut emissions truck manufacturers are choosing between batteries and hydrogen fuel cells. Wagering incorrectly could cost them billions of dollars.
2022-04-11,The announcement reverses a decision last week when Twitter said Mr. Musk would become a board member after amassing a 9.2 percent stake in the company.
2022-04-11,Car prices have helped push inflation sharply higher over the past year and economists have been counting on them to level off and even decline in 2022 allowing the rising Consumer Price Index to moderate markedly.
2022-04-11,The California utility settled civil charges and avoided criminal prosecution over the role of its equipment in igniting the blazes.
2022-04-11,Companies are announcing the financial hits from pulling business out.
2022-04-11,Mr. Musk Twitter’s biggest shareholder is free to buy more stock in the company and could use the platform against itself. Some employees are dismayed.
2022-04-11,The world’s wealthiest man decided not to join Twitter’s board after all.
2022-04-12,Gasoline weighed heavily in the increases while prices moderated in several categories. Some economists say the overall rate may have peaked.
2022-04-12,This may be the beginning of “a new inflationary era” according to the Bank for International Settlements.
2022-04-12,The decisions by the two Nordic firms signal difficulties ahead for Russia’s ability to expand and maintain its telecommunications networks.
2022-04-12,The government seeks to ease financial pressure as foreign reserves plummet and prices for essential goods soar.
2022-04-12,Yelp is the latest to pay for employees to travel out of state for treatment responding to a recent Texas law that bans abortions after six weeks.
2022-04-12,The White House estimated that the move would allow Americans to save 10 cents a gallon at the approximately 2300 stations in the country that offer the blend known as E15.
2022-04-12,The company had net sales of 145 aircraft in the first three months of the year as airlines got ready for a resurgence in travel.
2022-04-12,Tech companies really want their employees to be happy — or at least less annoyed — about returning. So they’re providing concerts food trucks and other perks.
2022-04-12,The company repeatedly flouted a ban on luring consumers seeking free credit reports into paid products the Consumer Financial Protection Bureau said.
2022-04-12,Some owners are taking steps to make their buildings more energy efficient including upgrading building materials and turning the rooftops into solar farms.
2022-04-13,The International Energy Agency foresees slower growth in demand for oil caused by high prices and economic slowdowns.
2022-04-13,Delta said its March operations were profitable despite rising fuel costs. It reported a first-quarter loss but revenue exceeded its forecast.
2022-04-13,Household budgets are squeezed as wage increases are not keeping pace with rising prices.
2022-04-13,Prices rose last month at the fastest pace in more than four decades. Some economists think inflation may be subsiding.
2022-04-13,The video game evokes the hardship and disappointment of the pandemic but also the hope of human communion.
2022-04-13,Experts said the comments raised questions about whether the company was seeking to discriminate against unionized employees.
2022-04-13,How much should the middleman get?
2022-04-13,The new surcharge is in addition to fee increases for sellers in November that went into effect in January.
2022-04-13,The central bank is contemplating a half-point rate move in May. Christopher J. Waller a Fed governor said inflation data may justify big increases in months to come.
2022-04-13,Jersey an island in the English Channel froze assets believed to be linked to the Russian oligarch on whom Britain imposed sanctions after Russia invaded Ukraine.
2022-04-14,Tell us about your experience with automated tools meant to detect suspicious student behavior.
2022-04-14,Bank executives are lately taking a more somber tone than the ebullience of recent quarters when banks recorded blockbuster earnings.
2022-04-14,The board will review the offer but it doesn’t have the last word.
2022-04-14,The increase adds another burden for home buyers who were already struggling with rising prices.
2022-04-14,What would Twitter look like with Musk as its sole proprietor?
2022-04-14,The failure to fulfill its foreign debt obligation would be the first in more than a century for Russia dealing with sanctions after its invasion of Ukraine.
2022-04-14,The Tesla chief executive has a history of incorporating a cannabis term into business decisions.
2022-04-14,Elon Musk could pledge his Tesla shares borrow from banks or team up with private equity to raise the funds. Each option comes with caveats.
2022-04-14,The billionaire executive recently became one of the company’s largest shareholders. Now he says he wants to buy the whole thing and change how it handles speech.
2022-04-14,Here's what would happen next with Elon Musk's bid to buy Twitter.
2022-04-15,Twitter has unveiled its plan to fight Elon Musk’s bid for the company. It’s a well-worn tactic to fend off corporate raiders and hostile takeovers.
2022-04-15,The conservative network has appeared hundreds of times in Russian media.
2022-04-15,The company is intent on fending off the billionaire’s bid to buy it in a deal that could be worth more than $40 billion.
2022-04-15,Twitter’s board is considering Elon Musk’s offer. Here are the possible next steps.
2022-04-15,Jordan Belfort the inspiration for “The Wolf of Wall Street” is marketing himself as a cryptocurrency guru.
2022-04-15,Mr. Barr faced pushback from progressives when his name was floated for a different position.
2022-04-15,Supplies are not keeping up with demand and costs may go higher experts say.
2022-04-16,Care workers are organizing for better work conditions and to keep pandemic gains going.
2022-04-16,The company received requests for information that appeared to relate to investigations into whether investors who knew Bobby Kotick the chief executive traded Activision stock before a deal with Microsoft was made public.
2022-04-16,Mortgage costs have jumped as the Federal Reserve has raised rates. With higher rates come fewer offers.
2022-04-16,The billionaire in pursuit of Twitter has often been described as a libertarian but he has not shrunk from government help when it has been good for business.
2022-04-16,The ultimate arbiter of a sovereign default is an open question but markets may have the final word.
2022-04-16,“No one could be really prepared for a job like this” the nation’s top markets regulator said.
2022-04-17,The entertainment behemoth spent decades avoiding even the whiff of controversy. But it has increasingly been drawn into the partisan political fray.
2022-04-18,Ford’s chief executive is about to introduce an electric F-150 pickup truck that could determine whether the automaker can survive and thrive in an industry dominated by Tesla.
2022-04-18,Financing the next generation of green energy technologies means larger investments and getting venture capitalists to turn their attention away from “fast money.”
2022-04-18,Mary Gundel loved managing a store in Tampa Fla. But when she detailed its challenges on social media the company — and fellow employees — took notice.
2022-04-18,The Biden administration continued to push for $80 billion in new funding for the tax collection agency.
2022-04-18,Will he go hostile what is Twitter really worth and more.
2022-04-18,The bank now expects the global economy to grow at a rate of 3.2 percent in 2022 down from its previous estimate of 4.1 percent.
2022-04-18,The bank reported lower quarterly profits but it expects to earn significantly more money later this year from rising interest rates.
2022-04-18,Investors have been skeptical that Elon Musk would be able to cobble together the funds needed to buy Twitter.
2022-04-18,Guests no longer have to stay away from Mickey. “That personal one-on-one interaction may be the most powerful offering that the Walt Disney Company has.”
2022-04-18,After Twitter’s board put in place a poison pill provision Elon Musk appears to be hinting at the possibility of a hostile bid.
2022-04-19,They are thinking more seriously about flooding but a lack of established standards for assessing development projects is challenging their efforts.
2022-04-19,Joe Kahn the next executive editor of The New York Times has had a steady rise in journalism. It began with a decision to turn his focus to China.
2022-04-19,The International Monetary Fund’s new World Economic Outlook expects growth to slow to 3.6 percent this year. The group is one of many to slash their forecasts recently.
2022-04-19,Mr. Kahn 57 will take over a newsroom undergoing enormous change.
2022-04-19,The mortgage lender cut its staff again after firings in December and March including one conducted on a mass Zoom call.
2022-04-19,A set of piecemeal fixes is intended to address longstanding administrative failures by the government’s loan servicers.
2022-04-19,Government officials say we need more computer chips made in America and soon. Why isn’t Apple stressed?
2022-04-19,The Florida Senate approved a move to end Disney World’s self-governing privileges starting next year.
2022-04-19,It created tensions between flight attendants and noncompliant passengers but some travelers are worried about what comes next.
2022-04-19,The world’s richest man is trying to shore up debt financing including potentially taking out a loan against his shares of Tesla so he can buy Twitter for $43 billion.
2022-04-20,The carrier’s chief predicted a “historic inflection point for our business” with strong demand despite fare increases fed by rising fuel prices.
2022-04-20,The company faces a number of challenges but its problems may be an indication that its competitors are racing toward an unstable future.
2022-04-20,The petition for a union vote continues a trend of organizing at service-sector employers like Starbucks and Amazon.
2022-04-20,U.S. inflation rose to 8.5% in March reaching a four-decade high. So how are rising prices affecting you?
2022-04-20,The electric carmaker had to close an important factory in Shanghai because of China’s efforts to stamp out a coronavirus outbreak.
2022-04-20,Here’s how to be mindful about the tech subscriptions phone bills and upgrades that drain our budgets.
2022-04-20,New sanctions target a Russian bank and cryptocurrency mining company.
2022-04-20,The former president has embarked on a campaign to warn that the scourge of online falsehoods has eroded the foundations of democracy.
2022-04-20,The streaming company said 200000 subscribers left its platform in the first quarter.
2022-04-20,As SAP takes steps to wind down its cloud services in Russia Continental said it was required to “temporarily” restart a Russian tire factory.
2022-04-21,A debate over taxes is rapidly unraveling Florida’s long relationship with Disney with broader implications for corporate America.
2022-04-21,Lawmakers in the state voted to revoke the company’s special designation after a dispute with Gov. Ron DeSantis over a new education law.
2022-04-21,A London court ruled that Muzmatch a start-up had infringed on the trademarks of Match Group the owner of Tinder.
2022-04-21,Mr. Musk has been building a stake in the social media company and last week made an unsolicited offer to acquire it outright.
2022-04-21,A major investment by CNN which poached big-name anchors and threw a splashy launch party ends abruptly at the hands of a new corporate leadership team.
2022-04-21,Jerome Powell spoke at a moment of high inflation and economic uncertainty amid the war in Ukraine.
2022-04-21,It’s unlikely that you’ll be watching kitten videos one day and believing in QAnon the next.
2022-04-21,Customers sending remittances overseas were harmed by delays and other violations according to a lawsuit from the federal consumer bureau and the New York attorney general.
2022-04-21,Tech companies’ power has “turbocharged” political division and requires government scrutiny former President Barack Obama said at Stanford.
2022-04-21,Policymakers are discussing how to be less reliant on adversarial countries at the spring meetings of the I.M.F. and World Bank.
2022-04-22,A hybrid-work challenge: taking attendance.
2022-04-22,Federal privacy bills security legislation and antitrust laws to address the power of the tech giants have all failed to advance in Congress despite hand wringing and shows of bipartisan support.
2022-04-22,The Digital Services Act would force Meta Google and others to combat misinformation and restrict certain online ads. How European officials will wield it remains to be seen.
2022-04-22,Prosecutors say the disgraced auto tycoon channeled millions of euros in Renault funds through an Omani car distributor for personal use including the purchase of a 120-foot yacht.
2022-04-22,The country’s central bank warned that an abrupt end of gas imports from Russia could cause Germany’s economic output to plunge and inflation to jump.
2022-04-22,Its abrupt closure is raising doubts about the crowded field of streaming services.
2022-04-22,Friday was the S&P 500’s worst day since early March. Recent comments from Fed officials have fueled expectations that interest rates will climb far faster than anyone had thought.
2022-04-22,The workers had been seeking to unionize a store in Memphis.
2022-04-22,A group of about 20 quality assurance testers at the video game company are to vote by mail with ballots counted on May 23.
2022-04-22,Mr. Musk’s plan for a Twitter takeover adds to the problems facing the former president’s nascent Truth Social network.
2022-04-23,Some companies that hired remote workers during the pandemic say going back to the office isn’t an option.
2022-04-23,Workers can display the banner on other areas of the company’s properties including on lawns. The company is allowing a flag representing an L.G.B.T. employee group.
2022-04-24,Seen as the future of CNN the streaming channel was suddenly killed. Its soon-to-be owner Discovery had concerns but until the deal closed it was constrained in guiding a competitor.
2022-04-24,The company’s 11-member board met with Mr. Musk to discuss his offer to buy the social networking service and take it private. An agreement could come as soon as Monday.
2022-04-24,Akihiko Kondo and thousands of others are in devoted fictional relationships served by a vast industry aimed at satisfying the desires of a fervent fan culture.
2022-04-25,One prominent Republican Representative Jim Jordan of Ohio tweeted that free speech was “making a comeback.”
2022-04-25,The government most commonly intervenes when a company is buying a competitor.
2022-04-25,Twitter’s chief executive Parag Agrawal met with employees on Monday afternoon to discuss the sale of the social media company to Elon Musk. Mr. Agrawal was joined by Bret Taylor the chair of Twitter’s board for the employee question-and-answer session.
2022-04-25,The world’s richest man succeeded in a bid to acquire the influential social networking service which he has said he wants to take private.
2022-04-25,Dozens of employees had accused Buzzfeed of shortchanging them in its public debut.
2022-04-25,China’s capital city is not as central to global production networks as Shanghai but the costs for global companies will still mount if lockdowns spread.
2022-04-25,Mr. Nunes stepped down from his House seat in January to become chief executive of Trump Media. Wes Moss a financial adviser and a contestant on “The Apprentice” is also now a director.
2022-04-25,The balloting will take place this week and could produce the second union at an Amazon facility in the United States.
2022-04-25,Workers say they have been left largely in the dark about what a sale to the billionaire will mean for them and their shares in the company.
2022-04-25,Meta Store the company’s first physical storefront will sell virtual- and augmented-reality devices.
2022-04-26,Musk plans to buy Twitter with a mix of cash and debt split into these three parts.
2022-04-26,The French maker of Ray-Ban sunglasses Essilor International has sued JPMorgan Chase for failing to stop the suspicious payments.
2022-04-26,Members of the far right started testing the limits tweeting misleading information about masks or pushing false claims about the 2020 election results.
2022-04-26,Amid high inflation and global uncertainty the Senate could soon vote on a number of nominees to the Fed.
2022-04-26,The results were below analysts’ expectations for a net profit of $17.33 billion on revenue of $68.05 billion.
2022-04-26,Twitter would have to pay if it signed a deal with another suitor. Mr. Musk would have to pay if his financing falls apart.
2022-04-26,Some advocates believe President Biden’s repeated extensions of the repayment pause now set to end Aug. 31 could force his hand on loan forgiveness.
2022-04-26,The company’s co-founder Vlad Tenev said it had overhired during the height of the pandemic and now needed to “increase our velocity.”
2022-04-26,The sheriff said he was investigating the leak of a video that was reported on by The Los Angeles Times.
2022-04-26,Its sales of $49.4 billion in the first quarter were up 18 percent from a year earlier.
2022-04-27,Manhattan federal prosecutors arrested and criminally charged the owner Bill Hwang and his former top lieutenant in one of the highest-profile Wall Street prosecutions in years.
2022-04-27,Boeing reported a wider-than-expected loss and weaker revenue for the first quarter.
2022-04-27,The president made a campaign promise to erase billions in college loans but his economic advisers are split on whether he should follow through.
2022-04-27,The euro slumped to a five-year low on worries about energy security and a slowdown in European growth.
2022-04-27,Michael De Luca and Pamela Abdy brought on to ready MGM for a sale announced their departures one month after its acquisition by Amazon.
2022-04-27,It was the company’s second consecutive quarterly decline the first time that had happened in over a decade.
2022-04-27,There’s currently a limit to how many people in the world can use digital services like Facebook and Netflix.
2022-04-27,Mr. Musk had challenged an agreement he reached with securities regulators after he claimed that he had the funding to take Tesla private.
2022-04-27,The Trump-backed social media app is inundated with phony accounts and features that don’t work. It also hides some posts including those with curse words.
2022-04-27,Charter will distribute TV streaming devices based on Comcast’s technology as both try to stay competitive with companies like Roku and Amazon.
2022-04-28,The shareholder resolution which had urged the company to pull talc-based baby powder from shelves around the world stemmed from concerns about asbestos contamination.
2022-04-28,The deal is the latest in a wave of consolidation among digital publishers.
2022-04-28,The administration emphasized strength in consumer spending even as Republicans blasted its management of the economy.
2022-04-28,The past decade has been one long party for tech. Where we go from here isn’t so clear.
2022-04-28,Content moderators warn that Elon Musk doesn’t appear to understand the issues that he and the company will face if he drops its guardrails around speech.
2022-04-28,“We have to be ready for it” the German chancellor said a day after Russia quit providing natural gas to Poland and Bulgaria.
2022-04-28,Amazon benefited from the coronavirus pandemic as people flocked to online shopping. Now shoppers’ behavior has shifted.
2022-04-28,While the company did better in its first three months of the year than many of its tech peers it warned that Covid problems in China will be an issue.
2022-04-28,The British-born host who was a successful actor and comedian before joining the network’s late-night lineup has been signaling for some time that he was considering leaving.
2022-04-28,The drone camera is the newest hardware product from the maker of Snapchat which previously released smart glasses known as Spectacles.
2022-04-29,Elon Musk has invested heavily in China where officials are willing to influence or punish companies that cross political red lines.
2022-04-29,Europe’s growth in the first three months of the year was languid as the United States and China struggled to maintain momentum.
2022-04-29,A shrinking G.D.P. Amazon’s slowing revenue and supply chain woes all point to the economic engine shifting down a gear.
2022-04-29,The Personal Consumption Expenditures price index climbed 6.6 percent from a year earlier the quickest pace of increase since 1982.
2022-04-29,He raised $8.5 billion in a series of sales this week and said he didn’t have plans to sell any more.
2022-04-29,The grocery delivery start-up changed its leadership slashed its valuation and shifted its strategy after sales slowed.
2022-04-29,The S&P 500 plunged nearly 9 percent in April its worst monthly decline since March 2020 as rising interest rates and high inflation raised concerns about consumer sentiment.
2022-04-29,I went to the town of Clacton-on-Sea and talked to people struggling to get by.
2022-04-29,Geoff Morrell’s brief tenure was defined by the company’s being drawn into the partisan political fray most notably in Florida.
2022-04-29,Despite pleas from the Biden administration for more supply both companies said their global production fell in the first three months of the year.
2022-04-30,It’s highly unusual to move from a “poison pill” to a $44 billion deal in under two weeks. But Twitter’s board ran out of options.
2022-04-30,Financially speaking the billionaire’s buyout of the social media network breaks all the usual rules.
2022-04-30,Warren Buffett at the conglomerate’s annual meeting said Berkshire had been buying stock in the video game company Activision. And dissident shareholder proposals failed.
2022-04-30,Elon Musk joined an amicus brief that could have big implications for how the S.E.C. brings cases and whether defendants who settle can ever talk about them.
2022-04-30,Fear among older and other vulnerable people is building as war in Ukraine aggravates energy costs that inflation had already pushed higher.
2022-05-02,The move is not only an attempt to attract subscribers but an acknowledgment that releasing some films theatrically has become more of a gamble.
2022-05-02,Regulators said Apple had blocked PayPal and others from access to technology in the iPhone that lets people make a purchase with a quick tap.
2022-05-02,A stock market dive complicates the fight against inflation.
2022-05-02,The researchers are considered a key to the company’s future. But they have had a hard time shaking infighting and controversy over a variety of issues.
2022-05-02,The results were a setback for the upstart Amazon Labor Union which won a landmark victory last month at a larger Amazon warehouse nearby.
2022-05-02,An editor’s note has been placed on each article and the plagiarized sections have been removed.
2022-05-02,The airline said regulators would be skeptical of letting the companies merge as long as JetBlue was in a partnership with American Airlines.
2022-05-03,Russia wants to sell more oil and coal to China and India but Western sanctions may make that hard unless Russia offers deep discounts on the price.
2022-05-03,The energy company said quarterly profit had more than doubled from a year earlier.
2022-05-03,After a Supreme Court bombshell companies may find themselves thrust further into the political fray.
2022-05-03,The publication knew it was onto something big. But first its leaders had to host a prominent Washington event and say nothing.
2022-05-03,New government data suggests that the economy remains far from normal as employers struggle to fill jobs and workers seek better positions.
2022-05-03,A leaked Roe v. Wade draft ruling could raise pressure on business leaders to take a stand.
2022-05-03,Some digital inventions have seemed brilliant but their business plans might not work.
2022-05-03,Policymakers want to stop financial support to a war machine. Replacing that energy supply is going to be difficult and expensive for consumers.
2022-05-03,I bonds — low-risk savings bonds indexed to inflation — are earning far more than a typical federally insured savings account or certificate of deposit.
2022-05-03,The drug company will effectively give up on marketing Aduhelm which comes with unproven benefits and serious safety risks.
2022-05-04,Mr. Musk who has a deal to buy the platform said accounts for casual users would always remain free.
2022-05-04,The purchase of The Athletic helped the company get closer to its new subscriber goal but the sports site lost $6.8 million over two months eating into overall profits.
2022-05-04,If you have decades of family history stored on old slides and negatives you can easily convert those pictures to digital photos.
2022-05-04,We idolize founders with brilliant ideas but triumph often results from business savvy combined with imagination.
2022-05-04,But despite the sanctions German companies still sold 1 billion euros in goods to Russia in March.
2022-05-04,The funds claim Activision failed to turn over records as they investigate whether Activision secured a fair price in its planned sale to Microsoft.
2022-05-04,In a settlement the software company admitted no wrongdoing but agreed to repay fees it had charged millions of Americans for returns that the authorities said were falsely advertised as free.
2022-05-04,The bank let creditors take funds from customers’ accounts even when state laws should have barred them from doing so. And it charged those customers fees for the operation.
2022-05-04,In a deeply divided nation public statements on Roe v. Wade can affect everything from recruiting to a company’s bottom line. So far that has kept almost everyone quiet.
2022-05-04,The Federal Reserve is combating the fastest price increases in four decades and is trying to cool the economy before high inflation becomes embedded.
2022-05-05,The notion of a return to some kind of prepandemic normal without intervention has been abandoned.
2022-05-05,OPEC Plus announced plans to increase output even as its member nations are bumping up against their ability to pump more.
2022-05-05,The central bank predicted inflation would peak above 10 percent this year which would be the fastest pace in four decades.
2022-05-05,Climate concerns investor reticence and political disputes complicate a shift to supplies from the United States North Africa and the Mediterranean.
2022-05-05,Many marketers were already lukewarm on the service. Now some may move their money elsewhere if the content moderation policies are relaxed.
2022-05-05,The White House visit by rank-and-file union members was an unusual show of support by an administration of either party.
2022-05-05,Chris Licht the new head of CNN global told employees on Thursday that he planned to experiment at the crucial prime-time hour this summer.
2022-05-05,The Tesla challenger said it continued to have problems finding needed parts.
2022-05-05,Swings in the stock market have become amplified lately as investors worry that inflation and fast-rising interest rates could hit spending profits and — ultimately — economic growth.
2022-05-05,The move underscores the importance of the federal government to the aerospace giant’s business.
2022-05-06,Critics have accused the Federal Reserve of not reacting quickly enough to tame rising prices. On Friday a Fed governor explained why it took so long.
2022-05-06,The race between Representative Tim Ryan and J.D. Vance will require them to win over establishment Republicans and working-class voters.
2022-05-06,Here’s what Mr. Musk is projecting for Twitter’s finances over the next few years according to a pitch deck he presented to investors.
2022-05-06,Workers had accused the companies of unlawful behavior during recent union campaigns.
2022-05-06,Company officials said the terminations were the result of an internal review while the fired managers saw it as a response to the recent union victory.
2022-05-06,Head-spinning volatility in financial markets isn’t all that puzzling when you consider the problems the Federal Reserve is grappling with our columnist says.
2022-05-06,The Federal Reserve’s efforts to slow inflation might hit hiring as well.
2022-05-06,Investors are on edge amid uncertainty about the fate of the economy.
2022-05-06,The Labor Department reported a gain of 428000 jobs in April along with a 5.5 percent increase in average hourly earnings from a year earlier.
2022-05-06,The company recently moved to Texas which is home to some of the country’s most restrictive abortion laws.
2022-05-07,Officials warned that extreme weather events could cause outages and that power bills would increase as providers covered rising energy costs.
2022-05-07,When Florida revoked Disney’s tax privileges business leaders were shocked. Now a Supreme Court leak has made some of them terrified of speaking out. More than a decade after the rise of the employee activist movement corporate America faces tougher decisions.
2022-05-08,It could take years for Russian assets seized by the United States to be permanently confiscated and sold to benefit the Ukrainian people. The Biden administration wants to speed up the process.
2022-05-08,Inflation is at the highest level in four decades. But how you experience it can vary greatly depending on what you eat how you travel and a host of other factors.
2022-05-08,No law or written code of conduct prescribes how an investigation into the leak of a draft opinion should proceed or whether journalists will be swept into it.
2022-05-09,Here’s the full list of winners and finalists.
2022-05-09,The owner of the dating services Tinder and OkCupid claims Google violated antitrust laws.
2022-05-09,The New York Times won multiple awards and The Washington Post won the prestigious public service category for its reporting on the attack on the Capitol.
2022-05-09,The facial recognition software maker is largely prohibited from selling its database of photos to private companies.
2022-05-09,Stocks reach bear market territory when they fall 20 percent from their last peak a sign that investors are pessimistic about the state of the economy.
2022-05-09,The financial markets are coming to grips with the Federal Reserve’s policy change as geopolitical factors complicate the outlook for the global economy.
2022-05-09,The Supreme Court is grappling with one of the most significant disclosures of a government secret in half a century: the release of a draft opinion that sets the framework for overturning Roe v. Wade writes The New York Times’s Jeremy Peters.
2022-05-09,New data from China is adding to worries over high inflation rising interest rates and supply chain disruptions.
2022-05-09,The island’s energy grid has struggled to recover after Hurricane María almost wiped it out in 2017. While solar-power systems can fill gaps they aren’t cheap.
2022-05-09,Elvira Nabiullina got another five-year term as head of Russia’s central bank after quelling the initial market panic over the invasion of Ukraine.
2022-05-10,Restrictions would damage their economic prospects the nation’s first female treasury secretary said in a Senate hearing.
2022-05-10,Household debt levels are increasing but very few consumers are showing deep signs of distress according to the New York Fed.
2022-05-10,The operator of Ukraine’s natural gas grid said Russian troops were endangering the pipeline system’s “stability and safety.”
2022-05-10,The average gallon of regular fuel reached $4.37. But West Texas crude fell below $100 a decline of roughly 10 percent since the weekend.
2022-05-10,Mr. Musk has said he wants Twitter to be a forum for debate and he called the barring of Mr. Trump “morally wrong.” The former president has said he would not rejoin the platform.
2022-05-10,Central bankers have been asking whether they should have reacted faster to rising inflation last year — and are learning from the recent past.
2022-05-10,After nearly 22 years Apple is stopping production of the devices that changed consumer electronics and led to the creation of the iPhone.
2022-05-10,The Partnership for New York City found a wider embrace of hybrid workplaces with 78 percent of businesses adopting the model.
2022-05-10,Ms. Cook is the first Black woman ever confirmed as a governor at the Federal Reserve.
2022-05-10,After the Jan. 6 attack on the Capitol by supporters of President Donald J. Trump social media sites including Twitter and Facebook were urged to limit hate speech and the glorification of violence on their platforms.
2022-05-11,The cryptocurrency’s plunging value has mirrored losses in the Nasdaq a benchmark that’s weighted toward tech stocks.
2022-05-11,Delivery apps are making fresh food available to millions who couldn’t have easily gotten it otherwise.
2022-05-11,Hillary Frey will lead the online publication as it tries to find its way after a number of high-level departures.
2022-05-11,Ms. Logan will lead a central bank district that encompasses Texas northern Louisiana and southern New Mexico starting in August.
2022-05-11,New releases like Pixar’s “Turning Red” helped the service surpass analyst estimates for new subscribers globally.
2022-05-11,The confirmation of a third Democrat creates an opportunity for Lina Khan the Federal Trade Commission’s chair to advance efforts to rein in corporate power.
2022-05-11,Artificial intelligence is being woven into an array of the company’s products. But the change — for now — is subtle.
2022-05-11,The company encountered supply-chain problems and investor concern after its initial public offering last year gave it a huge market value.
2022-05-11,Lawmakers have now confirmed three of Mr. Biden’s nominees to the seven-person Fed Board of Governors in Washington.
2022-05-11,J. Shia the owner of Madhouse Motors in Boston repairs and refurbishes vintage bikes but she also creates motorcycle sculptures shown in exhibits.
2022-05-12,Concerns about inflation and interest rates ignited the sell-off. But it has taken on a life of its own. Bringing inflation down will “include some pain” the Fed chair said.
2022-05-12,A $50 million agreement by Nelson Partners over a high-rise near the University of Texas may force it to sell interests in other properties.
2022-05-12,An internal memo shared with employees said the platform’s general manager and general manager for revenue would be departing.
2022-05-12,America still doesn’t have a federal data privacy law. But look what we have found — hope!
2022-05-12,Jerome Powell whom the Senate confirmed to a second term on Thursday said allowing rapid inflation to persist would be more painful.
2022-05-12,The law prompted by complaints from conservatives allows people to sue large online platforms that remove posts expressing a particular viewpoint.
2022-05-12,The Federal Reserve chair spoke on Marketplace radio in an episode that aired Thursday.
2022-05-12,“We knew that we had made mistakes; we’re trying to learn from those mistakes” John Kirby the Pentagon spokesman told reporters.
2022-05-12,A steep sell-off that gained momentum this week starkly illustrated the risks of the experimental and unregulated digital currencies.
2022-05-12,The central bank has made few strides in hiring a more racially diverse staff of economics doctorates. Entry-level jobs are a different story.
2022-05-13,Mr. Musk said he wanted to confirm Twitter’s findings that spam and fake accounts make up less than 5 percent of its users.
2022-05-13,The crypto world went into a full meltdown this week in a sell-off that graphically illustrated the risks of the experimental and unregulated digital currencies.
2022-05-13,Xi Jinping has redoubled his country’s efforts to control the virus even as a growing number of leaders call on Beijing to change course.
2022-05-13,The market has been producing double-digit returns for investors even at moments of great national strife. But the party has ended and it may be a long time before it begins again.
2022-05-13,Some early morning tweets fed into speculation that he could back out of the deal.
2022-05-14,Some research has shown that lingering Covid symptoms are more prevalent in people in their 30s and 40s — when workers are often in the prime of their careers. How will companies support employees with debilitating symptoms that can linger for months or even years after infection?
2022-05-15,The national oil company of Saudi Arabia said quarterly income reached nearly $40 billion reflecting volatile energy markets.
2022-05-15,They’re quieter and better for the climate. But snow and water create new technological challenges for designers.
2022-05-15,Domestic travel has returned faster than international. And some destinations like Las Vegas are rebounding more quickly than big cities like New York.
2022-05-16,The carrier made a tender offer valued at $3.2 billion and said it was willing to pay more if Spirit cooperated with an acquisition.
2022-05-16,“This is a complicated issue that’s without precedent and with profound consequences” said Chris Kempczinski the chief executive of McDonald’s.
2022-05-16,The former chairman of the Federal Reserve has a new book out on Tuesday explaining the powers of the Fed and Congress to juice or slow our economy amid a supply-chain crunch and sky-high demand.
2022-05-16,Authorities moved quickly to censor videos and photos that showed students at Peking University demonstrating.
2022-05-16,The French company will sell its stake in Russia’s largest automaker for one ruble with the option of returning within six years.
2022-05-16,A new regulatory filing by the company in talks to merge with the Trump Media & Technology Group also warned that regulators may not let the deal go through.
2022-05-16,In a memo on Monday the company said it wanted to ensure that its employees had “access to quality health care.”
2022-05-16,Mr. Musk has been creating confusion around whether the Twitter deal will close causing the social media company’s share price to fall.
2022-05-16,The former Federal Reserve chair warns that the U.S. could be headed for a period of “stagflation.”
2022-05-16,To some the pursuit of workplace happiness — and its price like an $18000 “happiness M.B.A.” for managers — can seem like a corporate attempt to turn feelings into productivity.
2022-05-17,In a filing on Tuesday Twitter said it was still committed to its agreement with Elon Musk and urged shareholders to vote in favor of it.
2022-05-17,The former chief investment officer for the funds that collapsed early in the pandemic was charged with securities fraud and obstruction of justice.
2022-05-17,Russia’s war in Ukraine is combining with a global tightening of credit and an economic slowdown in China to sow misery in low- and middle-income countries.
2022-05-17,The news was welcomed by an employee group worried about growing coronavirus rates.
2022-05-17,The organization offered the first official accounting of its finances recently disclosing a filing to the I.R.S.
2022-05-17,Jerome Powell the Fed chair said the central bank is prepared to raise rates more quickly and higher if price pressures fail to fade.
2022-05-17,“Our slowing revenue growth means we are also having to slow our cost growth as a company” the company said in a statement.
2022-05-17,Crypto boosters such as Matt Damon Reese Witherspoon and Gwyneth Paltrow have been criticized for hyping virtual currency without highlighting the risks.
2022-05-17,The Treasury Department is expected to let a sanctions carve-out lapse next week raising the prospect of a Russian default.
2022-05-17,The Justice Department said that by serving as a middleman for the Chinese government Mr. Wynn acted as a foreign agent and must register as one.
2022-05-18,The rapidly expanding practice which authorities say helps combat disinformation from abroad has fueled a whole new type of online battle.
2022-05-18,Do Kwon a South Korean entrepreneur hyped the Luna and TerraUSD cryptocurrencies. Their failures have devastated some traders though not the investment firms that cashed out early.
2022-05-18,Social network companies want to block a Texas law that restricts content moderation.
2022-05-18,The retailer pointed to “unexpectedly high costs” as a hit on its bottom line.
2022-05-18,Target reported that inflation was taking a toll on its bottom line a day after Walmart reported the same.
2022-05-18,Lafarge faces a court battle over allegations that it put employees at risk and financed terrorist groups in a bid to keep operating in Syria.
2022-05-18,S&P cited racial discrimination claims in deciding to exclude the electric carmaker from a listing of socially responsible companies.
2022-05-18,The ruling by an appeals court covering Texas Louisiana and Mississippi applies only in that territory but it’s the latest challenge to the way the agency handles enforcement actions.
2022-05-18,The firm lost billions of dollars as it scrambled to cover its bets against the video game retailer that became a darling of retail traders.
2022-05-18,The Department of Homeland Security suspended the work of a panel focused on the subject of disinformation. The group had provoked accusations of government overreach.
2022-05-19,After leaving the labor force in unusual numbers early in the pandemic Americans approaching retirement age are back on the job at previous levels.
2022-05-19,Black and female candidates are sometimes interviewed after the recipient of a job is identified current and former employees say.
2022-05-19,The S&P 500 was down 0.6 percent at the close of trading after falling 4 percent on Wednesday. Stocks in Europe were also sharply lower.
2022-05-19,After California introduced a law requiring public companies to add at least one female director the share of companies in the state without women on their boards fell to 1 percent.
2022-05-19,The billionaire railed against E.S.G. after Tesla was dropped from a popular index.
2022-05-19,The new policies are being added even as Elon Musk who is in the process of acquiring the company aggressively criticizes its moderation rules.
2022-05-19,Tell us about your experiences in the volatile crypto market.
2022-05-19,For a fee the app will allow businesses to build a custom dashboard so they can chat with customers and offer customer services more easily.
2022-05-19,The company relies on automated systems to spot violent content but people are still uploading and sharing the Buffalo video.
2022-05-19,Dozens of recordings of a 2019 massacre in Christchurch New Zealand remain online in a sobering reminder of the internet’s permanence.
2022-05-20,The world of deal making has always been rough and tumble. But Mr. Musk blows any predecessors away.
2022-05-20,The administration says federal spending trends are helping rein in price increases but the economic calculus may be more complicated.
2022-05-20,Investors are selling as they worry about inflation interest rates and a potential recession.
2022-05-20,The euro hasn’t fallen below the one-to-one exchange rate with the U.S. dollar for two decades. But as economic risks grow more analysts predict deeper lows for the shared currency.
2022-05-20,Musk has denied claims of sexual misconduct against an employee saying that Insider wrote the story to interfere with his acquisition of Twitter.
2022-05-20,Production problems in China and Elon Musk’s pursuit of Twitter are leading investors to wonder whether the electric car company is worth as much as they thought.
2022-05-20,Jason Lawrence Geiger known professionally as Austin St. John made false claims to obtain money from the Paycheck Protection Program prosecutors said.
2022-05-20,This week’s upfronts when the media industry sells its programming to advertisers showed how much has changed in the past few years.
2022-05-20,A complaint by the agency accuses the coffee chain of illegally intimidating and retaliating against workers in an election that the union lost.
2022-05-20,Flush with cash Facebook Apple Amazon Microsoft and Google are positioned to emerge from a downturn stronger and more powerful. As usual.
2022-05-22,The former chief foreign affairs correspondent is now a popular guest on podcasts hosted by vaccine skeptics and deniers of the 2020 election.
2022-05-23,Stuart Kirk the head of responsible investing for the bank’s asset management division said the risks of climate change had been overblown. “Who cares if Miami is six meters underwater in 100 years?”
2022-05-23,The proposed deal for a smaller and cheaper kind of nuclear plant built by an American firm could start a race to export small reactors.
2022-05-23,The S&P 500 briefly entered bear market territory on Friday and pulled higher late in the day.
2022-05-23,The coffee chain said it had closed 130 stores in the country where a licensing partner employs about 2000 workers and ended its brand presence there.
2022-05-23,The new union affects only a small group of workers — 28 quality-assurance workers at Activision’s Raven studio.
2022-05-23,Market volatility will increase revenue from trading while borrowers will be shelling out more as rates rise bank officials said.
2022-05-23,The home rental service is the last remaining large U.S. internet business in China.
2022-05-23,The contract workers are resisting a plan to resume in-person work citing health concerns and commuting costs.
2022-05-23,Snap’s announcement comes amid a slowdown for tech start-ups as venture capital funding has fallen and young companies have been cutting costs and laying off employees.
2022-05-23,Gwynne Shotwell SpaceX’s president and chief operating officer addressed sexual harassment allegations against Mr. Musk in a company email last week.
2022-05-24,Innovations like cloud computing and artificial intelligence are hailed as engines of a coming productivity revival. But a broad payoff across the economy has been elusive.
2022-05-24,Ms. Psaki President Biden’s first press secretary left her job at the White House this month.
2022-05-24,Four years ago many young Chinese liked to use the hashtag #Amazing China.
2022-05-24,Fatih Birol the head of the International Energy Agency says he has been urging leaders to draw up contingency plans.
2022-05-24,Chinese merchants have been huge on Amazon. But now we’re seeing the trend reverse.
2022-05-24,Solar panels are less expensive than they were a decade ago but they're still an investment. Here's some advice for figuring out if you can install a system.
2022-05-24,The automaker which owns Jeep and Ram is seeking to catch up in a global race to build electric cars and trucks.
2022-05-24,U.S. prosecutors said the settlement followed “a multiyear scheme to manipulate benchmarks used to set prices for oil at two of our country’s busiest ports.”
2022-05-24,The Federal Trade Commission said it would examine patterns of mergers and acquisitions to better understand how the industry became so concentrated.
2022-05-24,A draft document contains the names of dozens of hedge funds and others behind the $1 billion private investment announced in December.
2022-05-25,Parag Agrawal Twitter’s chief executive is grappling with a takeover where nobody “would want to be in those shoes.”
2022-05-25,After shootings investors often anticipate appeals for tighter gun laws and an increase in sales.
2022-05-25,This could be the mass shooting that leads to significant change — or it could join the long list of other atrocities that have been followed by policy stalemates.
2022-05-25,The strategy risks increasing economic stress and trying people’s patience.
2022-05-25,Chinese trends have shaped online experiences for Americans and U.S. tech companies have inspired those in China.
2022-05-25,Minutes of the Federal Reserve’s May meeting underscored the deep concern within the central bank about rapidly rising prices that have far exceeded the Fed’s target.
2022-05-25,The Silicon Valley company cut jobs on Wednesday amid a souring fund-raising environment for start-ups.
2022-05-25,False and unfounded claims started to spread online shortly after the killings.
2022-05-25,Twitter did not do enough to tell its users that the personal data it had collected was used partly to help marketers target ads the F.T.C. and Justice Department said.
2022-05-25,The Congressional Budget Office provided an update on the path for deficits at a moment when the Federal Reserve is trying to cool the economy to tame rapid inflation.
2022-05-26,Buyers have been turning to cheaper substitutes and finding to their surprise that some are the equal of the more established collectible.
2022-05-26,Daniel Defense was one of nearly 500 gun and ammunition makers and retailers that collected a total of $125 million from the Paycheck Protection Program.
2022-05-26,Amid an industrywide downturn venture investors are preaching austerity and halting new deals particularly for companies that have spent aggressively on growth.
2022-05-26,More than 90 percent of chickens eaten by Americans are raised by farmers under contracts with poultry processing companies.
2022-05-26,Ticket sales are climbing faster than the airline industry expected as more people plan summer vacations and business trips.
2022-05-26,The activist investor had nominated two directors to the company’s board as part of an animal welfare campaign.
2022-05-26,Macy’s Dollar General and Dollar Tree bucked a trend of retailers struggling to overcome inflationary pressures.
2022-05-26,The tax on the “extraordinary” profits of oil and gas companies is expected to raise 5 billion pounds and help fund £15 billion in payments to households.
2022-05-26,The $61 billion combination is one of the biggest of the year and may signal more tech deals to come.
2022-05-26,The resulting combination of chip company and software maker would be one of the most important suppliers of technology to the cloud computing market.
2022-05-27,Investors this week put more money into stocks than they have in months as markets regained some lost ground.
2022-05-27,To keep up with rising prices Americans are saving less but economists expect expenditures to slow in the months ahead.
2022-05-27,Logan Paul Paul Pierce and other celebrities have promoted risky and obscure digital currencies sometimes failing to mention their conflicts of interest.
2022-05-27,Our takeaways from Davos plus how some influencers hype crypto without disclosing their financial ties.
2022-05-27,Companies that sourced cotton from the region in China are weighing evidence of forced labor a lack of visibility into operations and new regulation.
2022-05-27,A gallon has jumped by about 50 cents over the last month as Russia’s war in Ukraine has continued to unsettle the global energy market.
2022-05-27,Goldman Sachs is the latest company to let workers take as much time off as they want. That means no more unused days — and no need to pay them out later.
2022-05-27,The regulator questioned whether the Tesla chief executive had disclosed his stake at the right time.
2022-05-27,A government measure of disposable income rose 0.3 percent last month but was flat when rising prices are taken into account.
2022-05-27,In his quest to get more workers back to the city the mayor tried to reassure employers that he was taking steps to address crime especially on the subways.
2022-05-28,Daniel Defense which makes military-style rifles was an early adopter of direct-to-consumer marketing and has a history of running provocative ads.
2022-05-28,Recent legislation requires firms to declare that they don’t “discriminate” against the firearm industry — or risk losing lucrative business with the state.
2022-05-28,Farmers are turning to workers on seasonal visas and mechanizing what they can. Many labor-intensive crops are shifting south of the border.
2022-05-29,The dominance of Netflix and Disney in streaming has forced many companies to join forces. So far Paramount has gone its own way.
2022-05-29,Weary from the pandemic and pressured by inflation retail employees of the tech giant are holding votes on whether to unionize.
2022-05-30,The European Union reached an agreement to ban most Russian oil imports which may cause Russian production to drop about 10 percent analysts say.
2022-05-30,The state is seeking to replace coal and oil with solar energy aiming to rely extensively on rooftop panels on single-family homes.
2022-05-30,A massive machine in Tennessee has been deemed the world’s speediest. Experts say two supercomputers in China may be faster but the country didn’t participate in the rankings.
2022-05-31,Several states are putting more money and effort into combating false and misleading information about elections.
2022-05-31,Big risks threaten economic growth around the world as central banks try to bring prices under control.
2022-05-31,The economic toll of Russia’s war on Ukraine keeps widening with price rises in Germany hitting a record and inflation in Estonia topping 20 percent.
2022-05-31,What an embargo means for oil prices plus a one-issue candidate whose issue is Elon Musk.
2022-05-31,Senator Sherrod Brown of Ohio the chairman of the chamber’s Banking Committee rebuked Charles W. Scharf for the bank’s continued problems.
2022-05-31,The agency approved only a three-year renewal it said because it wants to ensure that Boeing is carrying out certain changes to the program.
2022-05-31,Cryptocurrency firms have been setting up or expanding office space in New York but the recent market turbulence could hamper their longevity.
2022-05-31,Will this meltdown permanently damage the tech world or is this one more temporary blip?
2022-05-31,The century-old business magazine had aimed to go public through a blank-check company based in Hong Kong but changed course after the market flipped.
2022-05-31,Institutional Shareholder Services which advises large investors said shareholders should opt for a higher offer for Spirit by JetBlue.
2022-06-01,The Vox Media Union’s contract expires at midnight on June 13. The union is seeking cost-of-living raises and affordable benefits.
2022-06-01,In emails to workers at SpaceX and Tesla Mr. Musk said they were required to spend a minimum of 40 hours a week in the office.
2022-06-01,Uber and Lyft are pushing a ballot measure that would bar their drivers from full employment status but a court could throw it out.
2022-06-01,The court blocked a Texas law that would have forced large social media companies to publish all viewpoints.
2022-06-01,It’s not clear whether Ruger one of a small number of public gun manufacturers will follow the nonbinding proposal.
2022-06-01,The Education Department said it would wipe out the debts of 560000 borrowers who had enrolled in the for-profit college chain which collapsed in 2015.
2022-06-01,They spoke at an investor conference.
2022-06-01,The longtime chief operating officer of Facebook’s parent company Ms. Sandberg has had a lower profile during Mark Zuckerberg’s pursuit of the so-called metaverse.
2022-06-01,Pamela Abdy and Michael De Luca left MGM in April following its purchase by Amazon.
2022-06-01,The effort could hurt Russia but could also help drive up already high oil prices hurting the global economy and enriching energy companies.
2022-06-02,The oil producers said they would raise by 50 percent a planned production increase after U.S. lobbying to ease price pressures.
2022-06-02,Sheryl Sandberg is leaving at a time when Meta’s C.E.O. and founder Mark Zuckerberg has begun an aggressive effort to take it in a new direction.
2022-06-02,The employee of OpenSea was released on $100000 bail after pleading not guilty.
2022-06-02,Lael Brainard the vice chair of the Federal Reserve said another big rate increase in September might be appropriate if inflation did not moderate.
2022-06-02,Sandberg transformed digital advertising and was a voice on big issues but she also denied problems and deflected blame.
2022-06-02,We’d like to hear your story.
2022-06-02,The automaker said the move would further its electric-vehicle goals. It may also defuse tensions with the U.A.W. ahead of contract talks next year.
2022-06-02,The government released its annual reports on the financial health of the programs.
2022-06-02,Mr. Zuckerberg Meta’s chief executive has restructured his company so that he no longer has a top deputy.
2022-06-02,The high-profile executive’s decision to leave Meta is also a moment to reflect on the impact of her best-selling book and philosophy about success in the workplace.
2022-06-03,Prosecutors believe Sanjay Shah was behind an elaborate scheme to cheat the Danish tax system.
2022-06-03,The Labor Department reported 390000 new jobs in May as policymakers try to ease inflation without inducing a recession.
2022-06-03,With nearly twice as many open jobs as available workers and rising inflation many economists and policymakers say a slowdown is just what the economy needs.
2022-06-03,Dave Clark who was also the architect of the company’s sprawling warehouse operations said he would depart after 23 years.
2022-06-03,The electric carmaker has been growing fast in recent years but Elon Musk its chief executive appears to be concerned about a weakening economy.
2022-06-03,Silicon Valley is losing one of its most visible outspoken and powerful women. Any gains have been incremental at best.
2022-06-03,The carmaker’s U.S. division formerly Fiat Chrysler was accused of trying to evade federal standards. It pleaded guilty to a conspiracy charge.
2022-06-03,Both the women making accusations and the press when it publishes them assume the considerable risk that comes with antagonizing the rich powerful and litigious.
2022-06-04,Some corporate leaders are grasping at whatever they can to get back to the way things were. But they might find themselves fighting a culture shift beyond their control.
2022-06-04,The company has enlisted Hollywood directors like Jon Favreau to help its effort to create products that blend the physical and virtual worlds.
2022-06-04,As truck drivers are forced to adapt to increasing difficulties on the road the support system that serves them is at risk of disappearing.
2022-06-05,The president’s trip to Saudi Arabia is unlikely to reduce oil and gasoline prices and it is not clear that anything else he might do would work either.
2022-06-05,Chris Licht the new CNN chairman is encouraging a more nuanced approach to coverage. Some at the network are skeptical.
2022-06-06,OpenSea one of the highest-profile crypto start-ups is facing a backlash over stolen and plagiarized nonfungible tokens.
2022-06-06,The Chinese capital relaxed pandemic rules at midnight on Monday including a ban on dining in after a partial lockdown that lasted more than a month.
2022-06-06,The President’s comment on Friday dismissing the billionaire entrepreneur is the latest barb in Biden’s unfortunate feud.
2022-06-06,Mr. Musk’s lawyers said Twitter was “actively resisting” his requests.
2022-06-06,The company for the first time since the pandemic started invited technologists and press to a kickoff for its annual developer conference at its Silicon Valley campus.
2022-06-06,In new court filings the F.B.I. said it had traced the aircraft to the Russian oligarch despite the shell companies involved in their ownership.
2022-06-06,The bank’s leaders will study how its “diverse slate” requirement is being carried out and what needs to change before restarting it in July.
2022-06-06,The German carmaker said possible corrosion could cause the brakes in two of its S.U.V.s and in a luxury minivan model to malfunction.
2022-06-07,A picture of Jordie Jordan an online gamer has been attached to a fake name and numerous bogus reports of his death including from the mass shootings in Uvalde Texas.
2022-06-07,The move shows how inflation and changing consumer behavior are souring the business outlook for many retailers.
2022-06-07,“For many countries recession will be hard to avoid” David Malpass head of the bank said.
2022-06-07,The Lone Star State enters the Musk-Twitter fray highlighting Texas’ willingness and Republicans in general to break with traditional free market thinking.
2022-06-07,The European oil company has been expanding into green energy even as many U.S. energy giants have kept their focus on fossil fuels.
2022-06-07,Its sister network the lower-rated Fox Business will carry live coverage while star prime-time hosts like Tucker Carlson and Sean Hannity will proceed as usual.
2022-06-07,What do Google Glass and Pokémon Go have in common? They didn’t change the world.
2022-06-07,A European Union mandate set to begin in 2026 will require all new smartphones tablets and laptops to use a common charger.
2022-06-07,Mr. Kramer currently the president of the academy’s museum in Los Angeles will replace Dawn Hudson who has been in the role for 11 years.
2022-06-07,Soon iPhone owners will be able to edit text messages and Android owners will be able to send high-resolution photos. Many of the changes are long overdue.
2022-06-08,Automakers and technology companies say they are making driving safer but verifying these claims is difficult.
2022-06-08,“A sea of red arrows” pointing downward in the Organization for Economic Cooperation and Development forecast.
2022-06-08,A merger of Spirit with either Frontier or JetBlue would create the fifth-largest airline in the United States which could better compete with the nation’s dominant carriers.
2022-06-08,S.E.C.s Gary Gensler is expected to preview new market rules about a year after shares of GameStop and others shot up in “meme stock” trading frenzy.
2022-06-08,Ms. Summers a political news veteran who has worked for start-ups like Mashable and traditional outlets like The Associated Press hopes to freshen up the newsmagazine with coverage of topics like sports.
2022-06-08,Inflation is upending voter confidence and posing a glaring political liability that looms over the Biden administration’s major policy decisions.
2022-06-08,For Ken Paxton the state attorney general there are positives. Aligning with Elon Musk? Check. Politically helpful? Check.
2022-06-08,Electric scooters have had their share of haters but some cities have found ways to make them more appealing.
2022-06-08,The move may make it tougher for Mr. Musk who has said he is not getting enough information from the company to end the $44 billion acquisition.
2022-06-08,Credit Suisse has been unsettled by a number of setbacks including billion-dollar entanglements with bankrupt lenders and hedge funds large legal settlements and management upheaval.
2022-06-09,Some in the entertainment business had once seen him as a possible candidate to succeed Bob Chapek as Disney’s chief executive.
2022-06-09,A group that includes Eric Schmidt and Peter Thiel isn’t simply funding the effort itself: It wants American taxpayers to help foot the bill.
2022-06-09,The executive Luis Silberwasser will be responsible for crucial talks with the N.B.A. at a time when the value of live sports rights are soaring.
2022-06-09,NHTSA will take a broad look at whether the electric-car maker’s driver-assistance system can increase the risk of crashes.
2022-06-09,Eric Schmidt and Peter Thiel want taxpayers to help fund a revival of U.S. semiconductor manufacturing.
2022-06-09,Authorities are investigating whether the bank violated federal anti-discrimination laws by conducting sham interviews of minority candidates.
2022-06-09,Ms. Sonmez a national political reporter has been at the center of a debate over The Post’s social media policies.
2022-06-09,While the Treasury secretary predicted rising gas prices she said strong employment and household finances would avert an economic downturn.
2022-06-09,Speaking at The Times’s DealBook D.C. policy forum Howard Schultz said safety concerns have prompted Starbucks to reconsider its 2018 policy on customer use of restrooms.
2022-06-09,So why do all these settings even exist?
2022-06-10,The government is expected to report on Friday that consumer prices climbed by 8.2 percent in the year through May as inflation hovers near the fastest rate in four decades.
2022-06-10,Already a maverick in business circles Zhou Hang has dared to openly criticize the government’s zero Covid policy — and urges his peers to speak out too.
2022-06-10,Factors that were expected to fade have become stubbornly entrenched.
2022-06-10,The data suggested that policymakers would need to take aggressive steps to cool the economy spooking investors.
2022-06-10,Restricted so far in the name of domestic food security: Indian wheat Malaysian chicken and Indonesian cooking oil. Experts warn of unwanted consequences.
2022-06-10,But there are rules around opening one for a child. First: The child must have earned income.
2022-06-10,The outlook for the U.S. economy and more at DealBook’s D.C. summit
2022-06-10,Housing costs make up a big part of the overall inflation index so they are keeping pressure on prices overall.
2022-06-10,The number is in the ballpark of big television events like a “Sunday Night Football” game.
2022-06-10,The Consumer Price Index picked up by 8.6 percent as price increases climbed at the fastest pace in more than 40 years.
2022-06-11,Mr. Schultz the chief executive of Starbucks discussed the challenges he’s faced since returning to lead the company as it faces rising worker discontent and China’s ever-increasing role in global business.
2022-06-11,Inflation is a tricky problem but it has a few clear causes and consequences and policymakers are working to bring it to heel.
2022-06-11,The unrelenting march higher continues as the average price touches a new milestone according to AAA.
2022-06-11,James Goldston was a longtime producer at ABC News and then its president for seven years.
2022-06-12,The Securities and Exchange Commission has stepped up scrutiny of sustainable investing which has become popular but is said to lack accountability.
2022-06-12,Blake Lemoine the engineer says that Google’s language model has a soul. The company disagrees.
2022-06-13,The value of cryptocurrencies like Bitcoin and Ether plummeted over the last day as investors continued to show nervousness about their stability.
2022-06-13,The rights which sold for nearly $3 billion went to Viacom18 a joint venture between Paramount and Reliance Industries
2022-06-13,The accord could ease the path for thousands of workers to unionize at the game company which Microsoft is acquiring and addresses an antitrust objection.
2022-06-13,Mr. Stirewalt a former politics editor at Fox News is among those testifying on Monday.
2022-06-13,Traders now expect a three-quarter-point interest rate increase the largest since 1994 by September. Wall Street is bracing for the fallout.
2022-06-13,From the Great Depression to the 2008 financial crisis here are some examples of past bear markets.
2022-06-13,Central bankers had signaled that they would raise rates by half a point if data shaped up as expected. Inflation is instead running hotter.
2022-06-13,Steep downturns of stocks by 20 percent or more are relatively rare but how long they last could portend damage — for you and the economy.
2022-06-13,At Fox News there was little drama over the decision to project Joseph R. Biden the winner of Arizona. But the relationship between Trump and the network was never the same.
2022-06-13,History shows that the U.S. stock market has always recovered from declines in the past.
2022-06-14,The cryptocurrency exchange’s chief executive said it had “over-hired” during the bull market as adoption of crypto products was booming.
2022-06-14,A survey by election researchers argues that efforts to confuse or scare away prospective voters disproportionately target minority groups in battleground states.
2022-06-14,The auction cemented the league’s position among the world’s most valuable sports properties as a once-staid game has become a commercial juggernaut.
2022-06-14,Officials said fire damage at the Freeport LNG terminal in Texas would take months to repair blocking exports to Europe and elsewhere.
2022-06-14,The ruling ends a $17.8 million campaign by companies like Uber and Lyft that would have led to the classification of their drivers as independent contractors.
2022-06-14,The market for tech talent and for workers of all types at tech companies remains hot.
2022-06-14,A critical piece of pipeline equipment was sent to Canada for repairs. Its return has been held up by sanctions against Russia.
2022-06-14,Lawyers for the country’s government tried to convince a court that the bank had violated its duty to protect Nigerian funds from fraud.
2022-06-14,Crypto companies are laying off staff freezing withdrawals and trying to stem losses raising questions about the health of the ecosystem.
2022-06-14,The central bank has hoped to cool down the economy without pushing unemployment much higher. Stubborn inflation narrows that path.
2022-06-15,The bank is concerned about a widening divergence in borrowing costs among the countries that use the euro.
2022-06-15,Oil production in Russia remained lower than it was before the war the International Energy Agency said but was creeping higher.
2022-06-15,The National Highway Traffic Safety Administration released data on 10 months of crashes involving cars with automated components. A few were fatal.
2022-06-15,The toymaker said it would invest $1 billion in the plant which will be in Virginia in an effort to shorten its supply chain in the Americas.
2022-06-15,In a letter to seven large energy firms the president said excessive margins were “worsening that pain” for American consumers.
2022-06-15,Germany says Gazprom aims to drive up fuel prices.
2022-06-15,Central bankers raised interest rates by three-quarters of a percentage point and signaled that they expect rates to be sharply higher by the end of the year.
2022-06-15,Jesse Powell who leads the crypto exchange Kraken has challenged the use of preferred pronouns debated who can use racial slurs and called American women “brainwashed.”
2022-06-15,Redfin and Compass are letting employees go citing a drop in home sales and rising mortgage rates.
2022-06-15,A new agreement could pave the way for more natural gas exports from these countries to reach Europe.
2022-06-16,Karolina Waclawiak its executive editor of culture takes over the newsroom at a difficult moment for the digital media company.
2022-06-16,Mr. Musk answered questions from Twitter’s 8000 workers for the first time in a virtual meeting on Thursday.
2022-06-16,The employees said that the chief executive’s behavior online was “a frequent source of distraction and embarrassment.”
2022-06-16,The climb in mortgage rates coupled with skyrocketing home prices has eroded what prospective home buyers can afford.
2022-06-16,The technology is hard and the economics of mass deliveries may never make sense.
2022-06-16,Regulators said 1 percent of the vehicles recalled could have the defect. The products affected include 1.7 million Escape S.U.V.s.
2022-06-16,The company has struggled to attract younger shoppers who are choosing celebrity makeup lines like those from Kylie Jenner and Rihanna.
2022-06-16,Musk will take questions from employees as his $44 billion acquisition of the company moves ahead despite his hand-wringing about bots.
2022-06-16,Price pressures are reaching deeper into the British economy the bank said as it raised its benchmark rate to 1.25 percent.
2022-06-16,The articles were removed after an investigation identified stories with sources that appeared to be fabricated USA Today said.
2022-06-17,In an email Gwynne Shotwell SpaceX’s president said the letter had made other employees “feel uncomfortable intimidated and bullied.”
2022-06-17,The selling was fueled by persistently high inflation and fears that the Fed’s efforts to tame it with higher interest rates will choke growth.
2022-06-17,After more mass shootings one side is gaining donors and political will; the other is galvanized by gun rights. Will anything be different?
2022-06-17,Even as companies struggle to coax employees back to the office some bars report that their after-work crowds are nearing prepandemic levels.
2022-06-17,Plus with Revlon’s bankruptcy Wall Street bankers get ready for a wave of distressed situations.
2022-06-17,As cryptocurrencies have plunged attention has focused on a potential point of vulnerability: the market’s reliance on a so-called stablecoin called Tether.
2022-06-17,The agreement is a limited measure that is likely to have little impact on global vaccine supply.
2022-06-17,The app is trying to convince the U.S. government that it won’t expose Americans’ information to China.
2022-06-17,Rossann Williams president of retail for North America will depart after 17 years at the company which said she declined a new position with Starbucks.
2022-06-17,The aim of Sally Buzbee The Post’s editor is to broaden the newspaper’s reach. A year into the job she’s dealing with internal tumult over some longstanding grievances.
2022-06-18,Paige Thompson’s lawyers said she had been looking for cracks so they could be fixed. A jury found her guilty of wire fraud and hacking charges.
2022-06-18,Its fall was accelerated in recent weeks by the collapse of two major cryptocurrency projects while sowing doubts about the stability of the overall cryptocurrency market.
2022-06-18,Firefighters were able to put the blaze under control but it caused residents of a nearby neighborhood to flee their homes.
2022-06-18,Mr. Galloway an outspoken N.Y.U. professor speaks with DealBook about the crypto crash and what Silicon Valley will look like on the other side.
2022-06-18,France typically exports electricity but now it risks blackouts and a need for imported power because of problems at the state nuclear operator.
2022-06-19,PARIS — As the European Union moves to cut ties to Russian oil and gas in the wake of Moscow’s war on Ukraine France has been betting on its nuclear plants to weather a looming energy crunch. Nuclear power provides about 70 percent of France’s electricity a bigger share than any other country in the world.
2022-06-19,Roughly two-thirds of employees at the store in Towson Md. voted to join the union.
2022-06-20,The government will allow more burning of coal to generate electricity as gas supplies tighten.
2022-06-20,Google is charging some small businesses for email and other apps after more than a decade of free use. Business owners say Google is being callous.
2022-06-20,New home prices in China have fallen and would-be buyers are thinking twice. That’s bad news for the overall economy.
2022-06-20,Federal law requires banks to reimburse customers for unauthorized electronic transfers but they often refuse stranding victims.
2022-06-21,The tennis star who has struggled on the court of late is behind an entertainment company called Hana Kuma in partnership with Mr. James’s fast-growing SpringHill.
2022-06-21,The technology giant will stop offering automated tools that predict a person’s gender age and emotional state and will restrict the use of its facial recognition tool.
2022-06-21,They accuse the companies of depriving them of employee benefits while also denying them the freedoms of independent contractors.
2022-06-21,The fraud trial of Ramesh Balwani the chief operating officer of the failed blood testing start-up Theranos is heading to a verdict soon.
2022-06-21,Some online stars from our past just won’t die.
2022-06-21,The Justice Department had accused Meta’s housing advertising system of discriminating against Facebook users based on their race gender religion and other characteristics.
2022-06-21,The agency started the tax season with more than eight million unfinished returns from the previous year.
2022-06-21,The possibility of an economic downturn has become a major point of discussion with chatter on Wall Street in the White House and beyond.
2022-06-21,The company’s consumer and operations business has experienced a significant shake-up in recent weeks.
2022-06-21,The agreement comes after a three-year deal the former president and first lady had with Spotify lapsed.
2022-06-22,The decision broadens the possible legal exposure to the highest ranks of the Fox media empire.
2022-06-22,The Biden administration has come under pressure to ease tariffs as a way to help deal with inflation.
2022-06-22,The media mogul’s fourth divorce is unlikely to change the ownership structure of Mr. Murdoch’s empire but it could reverberate through companies such as Fox News and The Wall Street Journal.
2022-06-22,Not long ago it seemed impossible to find a laptop. The pandemic has upended that too.
2022-06-22,Home sales are flagging and the rest of the economy is expected to slow maybe sharply as rates increase. Why is the Federal Reserve doing this?
2022-06-22,The National Labor Relations Board is aiming to stop what it says is extensive illegal activity by the coffee chain amid a national union campaign.
2022-06-22,Afterpay Apple and other financial tech companies are popularizing installment plans for paying off shopping splurges. These programs can also cause confusion and a loss of control.
2022-06-22,The news start-up Semafor has raised $25 million from wealthy individuals with a goal of cultivating direct relationships between its journalists and its audience.
2022-06-22,The national taxpayer advocate criticized the Biden administration for being slow to make changes at the Internal Revenue Service.
2022-06-22,A court found Zhang Guo guilty of “forcible indecency.” The tech giant fired his accuser last year after she claimed that he had molested her and that her boss had raped her.
2022-06-23,These selfies taken with an ultra-wide-angle lens aren’t fussed over. Sometimes they are just “distorted and crazy.”
2022-06-23,The streaming service is reportedly talking to Comcast and Google as it seeks to create an ad-supported offering.
2022-06-23,Central bankers are taking aggressive action to lower price increases. On Thursday they signaled a willingness to keep going despite the economic pain it could cause.
2022-06-23,Around 200000 who sought relief after attending schools that the Education Department said showed signs of “substantial misconduct” will have their federal student loans wiped out.
2022-06-23,Mitoshi Matsumoto who defied corporate edicts by closing for a few hours every night was ordered by a judge to hand over his store near Osaka Japan and pay damages to the corporate giant.
2022-06-23,The company is trying to reduce costs while it confronts declining subscriber growth.
2022-06-23,It’s not just you — what you can buy on your phone makes less and less sense.
2022-06-23,The annual tests hold new significance as inflation persists and signs of a coming downturn continue to accumulate.
2022-06-23,Germany’s economy minister triggered the second stage of a contingency plan a week after Russia cut back on gas to Europe sending prices soaring and raising fears of shortages.
2022-06-23,The hedge fund made the announcement after simmering tensions between its founder and the Illinois governor.
2022-06-24,Plus Intel pressures Congress to provide funding for U.S. chip production.
2022-06-24,Elsie Eiler operates the only remaining business in her tiny Nebraska town. What will happen once she’s gone?
2022-06-24,The S&P 500 had a weekly gain of about 6.5 percent only its second positive week in the past twelve.
2022-06-24,In May Politico’s reporters published a draft opinion outlining the Supreme Court’s decision to overturn Roe v. Wade. Today the high court made it official.
2022-06-24,With famine threatening millions Europe is intent on finding alternatives to one of world’s biggest food exporters whose landlocked crop is stranded by war.
2022-06-24,Credova a little-known fintech company is leading the way in offering installment plans to buyers of guns and hunting supplies.
2022-06-24,The Dallas and Boston regional Fed presidents whose 2020 trades caused an uproar resigned late in 2021. Their transactions from last year were excluded from a new wave of disclosures.
2022-06-24,The action was the latest attempt by the company to suppress contentious internal debates after years of employee unrest and leaks to media outlets.
2022-06-24,The corporate response to the Supreme Court’s Friday decision was more muted and the companies that did speak out mostly talked about their health care policies.
2022-06-24,A handful of companies have committed to helping their employees access abortion services.
2022-06-25,After Frontier raised its offer for Spirit on Friday the firm ISS reversed its recommendation that shareholders consider a rival bid from JetBlue.
2022-06-25,Three posts on Friday night signaled the resurfacing of a figure who used a variety of conspiracy theories to marshal support for Donald J. Trump.
2022-06-25,Reeling from competing demands from stakeholders — including activists clients consumers shareholders and elected officials — businesses are increasingly caught in the middle of the country’s bruising culture wars.
2022-06-26,The market for weapon detectors and crisis alert badges in schools is booming. But there are questions about whether the new technology is effective.
2022-06-26,Vast surveillance data allows the state to target people whose behavior or characteristics are deemed suspicious by an algorithm even if they’ve done nothing wrong.
2022-06-27,A risky compensation plan at Tesla paid off and laid the groundwork that has pushed other executives’ compensation sky high.
2022-06-27,A federal grand jury in Manhattan has issued subpoenas regarding the merger which is also under investigation by financial regulators.
2022-06-27,The move by the United States Britain and others builds on steps to cut off Russia from the international financial system.
2022-06-27,Even as more companies have become outspoken on social causes the reaction by corporate America on Friday after the Supreme Court overturned Roe v. Wade was relatively muted.
2022-06-27,The goal is a way to tighten Russia’s finances while preventing big rises in oil prices. But it’s unclear if such a plan could succeed.
2022-06-27,MSNBC’s president said Ms. Wagner’s experience covering politics would be crucial as the network prepared to cover the midterm elections.
2022-06-27,The bank which has been struggling with losses and management turmoil said it would appeal the decision by a Swiss court.
2022-06-27,Some have offered to cover travel and other expenses for employees and are working to ease worker fears about safety and confidentiality.
2022-06-27,CVS temporarily set a three-pack purchase limit to ensure “consistent supply on store shelves” and Walgreens said it was pausing deliveries.
2022-06-27,Dozens of companies have committed to helping their employees get access to reproductive care.
2022-06-28,Assaults at stores have been increasing at a faster pace than the national average. Some workers are tired of fearing for their safety.
2022-06-28,The range of forecasts is wide but economists generally see a rising probability that the U.S. economy will shrink.
2022-06-28,The S.E.C. said the cheating involved hundreds of the firm’s workers from 2017 to 2021 resulting in the largest penalty ever imposed by the agency against an auditing firm.
2022-06-28,A rush to stock up on emergency contraception could mean huge profits for the investors behind the well-known morning-after pill.
2022-06-28,With companies like Apple Amazon and Netflix muscling in on Hollywood it’s been harder for smaller agencies to compete.
2022-06-28,The company has faced major challenges recently leading some to question whether Mr. Chapek would last. His contract was extended three years.
2022-06-28,He oversaw the company’s growth into a place where 431 million people mostly women save and share ideas for shopping hobbies and recipes.
2022-06-28,From 2013 to 2018 as much as $197 million in payments that were the subject of fraud complaints were sent or received at Walmart according to the Federal Trade Commission.
2022-06-28,Moderators’ work on Reddit and Facebook is crucial but not paid. We should be creative in how we compensate them.
2022-06-29,Revised first-quarter figures show spending rose only 0.5 percent a slowdown from the 0.6 percent growth recorded in the final quarter of 2021.
2022-06-29,The Federal Reserve chair Jerome Powell and his counterparts in Britain and the European Union spoke at a conference in Portugal.
2022-06-29,Brendan Carr a Republican member of the Federal Communications Commission said he was concerned that the Chinese-owned app could provide Beijing with access to the data of Americans.
2022-06-29,Financial companies collect a lot of payment data from customers. Prosecutors could subpoena those records for evidence of abortion legal experts say.
2022-06-29,The same pace — about two closures per week — was occurring before the pandemic.
2022-06-29,Without a federal right to abortion questions about how states can regulate speech about it suddenly become much murkier.
2022-06-29,The newsletter start-up discussed raising funding last year but abandoned the plan after the market for venture investments cooled.
2022-06-29,Sales of items including flags and books were blocked in the country where homosexuality is criminalized.
2022-06-29,Spirit Airlines said it would continue to talk with both suitors putting off a shareholder vote until July 8.
2022-06-29,There is so much digital information about us out there that we can’t possibly control it all.
2022-06-30,The group confirmed its decision to restore production to about 44 million barrels a day. But difficult questions remain about its relationships with Russia and the United States.
2022-06-30,The Personal Consumption Expenditure index which the central bank officially targets has been running hot for more than a year.
2022-06-30,After the latest monthly consumer data some analysts expect a second straight quarter of decline in the U.S. gross domestic product.
2022-06-30,News organizations join other businesses that will reimburse employees who need to travel to access reproductive health care.
2022-06-30,Many women are worried that their data might be used against them — whether it’s period tracking apps digital receipts or other information collected by companies.
2022-06-30,Uniper an important energy provider said it was forced to spend more to buy gas after Gazprom cut deliveries to just 40 percent of ordered amounts.
2022-06-30,An international group of tax authorities had moved two years ago to stop the boutique online bank from serving as a vehicle for suspected tax evasion and money laundering.
2022-06-30,An arbitration settlement ends a dispute between D.E. Shaw and one of its former partners Daniel Michalow who was ousted over sexual misconduct allegations.
2022-06-30,The company’s second safety report delayed by the pandemic is part of a campaign to assure customers that its rides are not dangerous.
2022-06-30,Long Hollywood’s leading innovator the streaming service is staying the course despite serious challenges to its business and questions about its content.
2022-07-01,Nearly half the countries in the currency area have now reached double-digit inflation.
2022-07-01,Shell and two Japanese companies Mitsui and Mitsubishi are minority shareholders in the Sakhalin-2 joint venture.
2022-07-01,Plus what to do about the airlines’ cancelation-athon ahead of a busy holiday travel weekend.
2022-07-01,General Motors Toyota and Honda reported substantial declines in second-quarter sales but not for lack of demand.
2022-07-01,“We know we are among the most scrutinized platforms from a security standpoint” the video app’s chief executive wrote.
2022-07-01,Films like “Top Gun: Maverick” and “Jurassic World Dominion” performed very well at the box office and “Minions: The Rise of Gru” is expected to continue the trend.
2022-07-01,The investigation threatens to delay a merger that would provide Trump Media and its platform Truth Social with up to $1.3 billion.
2022-07-01,Under pressure from employees and supporters of reproductive rights the company announced privacy changes for the post-Roe era.
2022-07-01,In an internal meeting this week Mr. Zuckerberg said the tech giant was facing one of the “worst downturns that we’ve seen in recent history.”
2022-07-01,After shedding staff in the pandemic airlines are scrambling to respond to increased demand.
2022-07-02,Lochner v. New York a 1905 decision on labor law is imprinted on today’s law students as an example of bad jurisprudence. But those old days could be returning.
2022-07-02,Around the world from South Asia and Africa to Europe and Latin America the cost of filling a car’s tank getting to work and cooking dinner has spiked.
2022-07-02,After more than a decade of worrying about low inflation the European Central Bank is trying to tackle the problem of high inflation across the eurozone’s economies.
2022-07-02,Airlines dealing with bad weather and staffing shortages struggle to keep up with high demand over the July 4 weekend.
2022-07-02,The decline in deliveries by the electric carmaker in the second quarter was the first drop since the beginning of 2020. The main culprit was factory shutdowns in China.
2022-07-03,With the technology improving and costs falling 3-D printing could be poised to play a major role in manufacturing.
2022-07-03,A decade-long effort to transform industrial relics is showing signs of progress and expanding the city’s population for the first time in 70 years.
2022-07-03,Carriers were dealing with a combination of staff shortages and passenger volume that approached or in some cases exceeded prepandemic levels.
2022-07-03,Martin Guzmán had negotiated a deal to restructure $44 billion of the country’s debt. His departure threatens to destabilize an already shaken economy.
2022-07-04,High energy prices and disrupted supply chains dent the image of “Made in Germany” as May imports exceeded exports for the first time in decades.
2022-07-05,Questions are surfacing once again about whether TikTok poses a national security threat because it is owned by a Chinese company.
2022-07-05,It’s even harder now to understand what the U.S. wants to accomplish with its computer chip plans.
2022-07-05,Oil prices tumbled and other markets around the world reflected renewed recession worries.
2022-07-05,The automaker sold 483688 vehicles in the United States in the second quarter.
2022-07-05,A former analyst at the firm said it had forced employees to contribute to a $500 million deferred compensation plan that it told them was guaranteed.
2022-07-05,For about $200000 an unidentified person or group is offering what is described as data on a billion Chinese citizens. A sampling seemed to show the data to be genuine.
2022-07-05,Plus a legal twist for collapsed investment firm and founder Bill Hwang.
2022-07-05,Twitter’s lawsuit is part of a broadening battle between the biggest tech companies and governments around the world over who gets to control information and how.
2022-07-05,The carrier’s woes are part of a summer full of problems for Europe’s travel industry including staffing shortages and walkouts by fed-up employees.
2022-07-05,As cryptocurrency prices plunged and funds failed strict rules on risky assets helped Wall Street companies sidestep the worst. Retail investors weren’t as lucky.
2022-07-06,The political instability comes as Britain gears up for a difficult summer amid surging energy prices and labor shortages.
2022-07-06,The commentator who is no stranger to controversy claimed he had declined several times to have the former president on his influential podcast on Spotify.
2022-07-06,The number of U.S. positions available was 11.3 million in May the second straight monthly decline.
2022-07-06,New rules would undo Trump administration actions and give borrowers an easier path through loan forgiveness programs.
2022-07-06,Next time you laugh at musty old tech remember that new technologies are often built on it.
2022-07-06,Central bankers raised rates by the most since 1994 last month and minutes from the gathering explained their logic.
2022-07-06,This new hand-held gaming device by Valve is lots of fun. But perhaps not as much if you’re a casual gamer.
2022-07-06,Previously only doctors nurses or physician assistants were allowed to prescribe the treatment known as Paxlovid.
2022-07-06,As the Federal Reserve battles rapid inflation officials are likely to stay on an aggressive path even as signs of economic cooling emerge.
2022-07-06,Oil prices have been slipping over the last two weeks but the drop has accelerated in recent days.
2022-07-07,The operator of Tinder Hinge and other dating sites said it would no longer give money to groups representing Republican and Democratic attorneys general.
2022-07-07,The bargain carrier’s shareholders are now scheduled to deliver their verdict on July 15.
2022-07-07,Lawmakers passed a bill to allow bailouts of companies essential to energy security. Uniper Germany’s largest Russian gas importer may become the first company saved.
2022-07-07,The newspaper said his job would be to expand the section nationally and globally.
2022-07-07,A central bank governor and president spoke in favor of a 0.75 percentage point rate increase this month even as recession worries abound.
2022-07-07,The verdict for Ramesh Balwani who helped lead the failed blood testing start-up was more severe than the one for his ex-girlfriend Elizabeth Holmes.
2022-07-07,The e-commerce giant planned to build an airport cargo center hire 1000 workers and invest hundreds of millions of dollars over 20 years.
2022-07-07,And yet we demand that it protect us.
2022-07-07,A lack of child care and elder care options has forced some women to limit their hours or sidelined them altogether hurting their career prospects.
2022-07-07,The number of users has plummeted and its stock price has dropped. Former employees point to an emphasis on short-term growth over customer service.
2022-07-08,The strong Labor Department report comes as consumers and businesses express increasing concern about a downturn.
2022-07-08,Mr. Musk has appeared reluctant to proceed with the $44 billion agreement citing uncertainty about the number of fake accounts on the platform.
2022-07-08,Why a country known for blazing broadband and innovative devices remains tethered to a browser that most of the world abandoned long ago.
2022-07-08,Plus: Elon Musk may be preparing for the next chapter in his Twitter takeover journey — court.
2022-07-08,A growing number of economists are predicting a recession in 2023 but there are signs that a slowdown has already begun.
2022-07-08,Service businesses continue to climb back but government payrolls are still short of February 2020 levels.
2022-07-08,The Federal Reserve is trying to cool down the economy to bring inflation under control but the job market is still going strong.
2022-07-08,Russian gas cutoffs are causing huge losses for the utility in the “middle double-digit million” euro area Uniper’s chief executive said.
2022-07-08,Central bankers are closely watching wage growth which has been picking up rapidly before accounting for inflation.
2022-07-08,In a regulatory filing on Friday Mr. Musk said Twitter was in “material breach” of the acquisition agreement.
2022-07-09,Most legal experts say Twitter has the upper hand. But Musk revels in brinkmanship.
2022-07-09,Bots can tweet at people share tweets follow and be followed by other people. And there are good bots and bad.
2022-07-09,Shinzo Abe Japan’s longest serving prime minister was shot while campaigning for a candidate for the Upper House of Parliament.
2022-07-09,Some of the largest companies in the U.S. have pledged to adopt climate-friendly agricultural techniques. But some farmers say they haven’t provided enough incentive.
2022-07-10,Pilots feel frustrated and overworked issues that they say the air travel rebound has magnified by disrupting operations.
2022-07-10,Several states run by Democrats are pushing for stiffer rules on the spread of false information while Republican-run states are pushing for fewer rules.
2022-07-11,After a rare mass demonstration bank depositors demanding their money back were beaten kicked to the ground and dragged away in the city of Zhengzhou.
2022-07-11,Supplies via Nord Stream 1 dropped to zero as the pipeline began a 10-day maintenance period amid uncertainty over how long the shutdown would really last.
2022-07-11,Twitter is in a good position to sue under a legal doctrine called specific performance which allows courts to force a transaction to be completed even if one of the parties wants out.
2022-07-11,Oil and gas companies say charging them a 25 percent tax on profits could deter future investment at a critical time for Britain.
2022-07-11,Shares have lost a third of their value since April 25 when the company’s board accepted Mr. Musk’s offer.
2022-07-11,As the central bank sharply increases borrowing costs it could lock would-be home buyers into rentals and keep a hot market under pressure.
2022-07-11,The organization overseeing the negotiations pushed back the rollout of new rules a move that is expected to postpone the agreement until 2024.
2022-07-11,Mr. Musk swooped in and exposed Twitter’s lack of business and financial prospects. After criticizing the company’s weaknesses he now wants to back out of buying it.
2022-07-11,The billionaire behind it Bill Ackman said he was “unable to consummate a transaction that both meets our investment criteria and is executable.”
2022-07-11,Twitter has sued Mr. Musk to force a sale of the company and the case will be determined by a 230-year-old court in Delaware.
2022-07-12,The pace of automation has accelerated in the pandemic as big players invest billions in their efforts to streamline how goods are sorted and shipped.
2022-07-12,A company in Taiwan that already produces some of Peloton’s bikes and treadmills will now become the company’s primary manufacturer.
2022-07-12,Facing staff shortages that have significantly constrained capacity the airport’s chief executive asked airlines to stop selling tickets until September.
2022-07-12,One thing is for sure: Musk has left Twitter worse off than it was when he said he would buy it.
2022-07-12,Probably not very judging by our past flings with online fads.
2022-07-12,The question of whether Elon Musk must buy Twitter as he agreed to do in April is headed to a court in Delaware.
2022-07-12,The company is passing higher prices for soda and potato chips on to consumers for now but there are “plenty of unknowns” about how they will react in the future it said.
2022-07-12,China’s lockdowns have dimmed demand prospects and Russia has kept supplies flowing despite Western sanctions.
2022-07-12,Three years after promising to work “long into the future” with the man behind its candy-colored computers Apple and Mr. Ive are through.
2022-07-12,Mr. Williams the company’s founder and a co-founder of Twitter and Blogger said in a post that he planned to start a new holding company and research lab.
2022-07-13,The sheer amount of tech tools and knowledge required to discreetly seek an abortion underlines how wide open we are to surveillance.
2022-07-13,Prices in June climbed 9.1 percent from a year earlier the fastest pace since 1981 as soaring gas prices rising rents and swelling grocery bills made everyday life more expensive for American households. The pickup in prices was broad and faster than expected spelling trouble for the Federal Reserve.
2022-07-13,The company contends that Musk breached his agreement to buy it by not using “reasonable best efforts” to close the deal and so has no right to bail out.
2022-07-13,U.S. carriers see no slowdown in demand despite unease about the economy. But problems with staffing and operations are eating into profits.
2022-07-13,In recent months pressure on the euro has been mounting while investors have been flocking to the U.S. dollar a haven in times of economic upheaval.
2022-07-13,The organization still run by Bill Gates and Melinda French Gates will eventually spend $9 billion a year up from $6 billion on causes like global health and education.
2022-07-13,A four-week decline has offered some relief to drivers. Weather war and demand will influence how long the decline lasts.
2022-07-13,The streaming giant hopes a less expensive offering will boost subscription numbers which have dropped for the first time in a decade.
2022-07-13,The London airport’s capacity troubles because of staff shortages and soaring demand have contributed to delays cancellations and lost bags.
2022-07-13,How much we buy online affects the whole economy but right now there are lots of question marks.
2022-07-14,Companies in the United States are starting to report their earnings for the second quarter a chance for investors to assess how hard businesses are being hit by economic headwinds.
2022-07-14,Tell us about your experience with work friendships when you’re not in the office.
2022-07-14,The agency questioned whether a tweet Mr. Musk sent in May about the acquisition of Twitter should have been disclosed to the agency and investors.
2022-07-14,Ms. Reed who joined The Intercept in 2015 will start in the fall.
2022-07-14,As profits slowed at Morgan Stanley and JPMorgan Chase executives said that lending to consumers and businesses remained healthy but that risks loomed “down the road.”
2022-07-14,A sell-off of tech stocks in the public markets has prompted private start-ups to evaluate whether their soaring valuations over the past two years will hold up.
2022-07-14,The story of a 10-year-old girl in Ohio became the focus of a heated political debate that played out in the news media.
2022-07-14,Christopher Waller a Federal Reserve governor could support an even bigger July rate increase than the Fed’s large June move if economic data continue to come in hot.
2022-07-14,The Fed’s chair and vice chair did not violate any rules the report found. Still some found the description of the vice chair’s trades unsatisfying.
2022-07-14,An automated fraud filter improperly froze thousands of customers’ accounts regulators said.
2022-07-15,Europe’s largest economy and key energy hub still depends on gas supplies now ensnared in conflict. Here’s how Germany is preparing and what is at stake.
2022-07-15,High unemployment a housing market in crisis and sluggish consumer spending during lockdowns are putting pressure on Beijing in a year when officials are focused on projecting stability.
2022-07-15,Widespread lockdowns and mass quarantines in China has had far-reaching consequences for the global economy.
2022-07-15,A New York Times/Siena poll shows remarkable pessimism despite the labor market’s resilience. That could be costly for the Democrats and the economy.
2022-07-15,Central bank officials are watching closely for signs that the economy is running hot stoking inflation and strong spending in June could push them closer to a bigger interest rate increase.
2022-07-15,Institutional Shareholder Services said a rival offer from JetBlue was more valuable despite concerns about regulatory hurdles.
2022-07-15,Inflation expectations eased even as retail sales looked strong. That gives central bankers room to stick to their rate plan — or speed it up.
2022-07-15,Mr. Musk formally responded to Twitter’s attempt to force him to buy the company arguing that there was no reason to hurry the case.
2022-07-15,Ms. Hannah-Jones who won a Pulitzer Prize for the 1619 Project had said she was considering legal action against the University of North Carolina at Chapel Hill.
2022-07-15,In their latest financial reports Wells Fargo showed signs of trouble but Citigroup revealed results that were better than expected.
2022-07-16,Well more than two years into the worst pandemic in a century the accompanying economic shock continues to assault global fortunes.
2022-07-16,The value of the U.S. dollar is the strongest it has been in a generation devaluing other currencies and unsettling the global economic outlook.
2022-07-17,The streaming service hopes its latest release can be the start of a blockbuster franchise that attracts much-needed subscribers.
2022-07-17,Central banks in the U.S. Europe Canada and parts of Asia are lifting interest rates rapidly as they try to wrestle breakneck inflation under control.
2022-07-18,One of Germany’s largest energy providers is hoping that Berlin will help keep it afloat as limited gas from Russia and high prices drive its losses into the millions.
2022-07-18,Wall Street bank executives said consumer spending was up markets were volatile and they did not think the economy was headed for a recession.
2022-07-18,The longtime lieutenant to Jeff Bezos has made more changes than many expected since becoming C.E.O.
2022-07-18,The toymaker will reintroduce three toy lines Major Matt Mason Big Jim and Pulsar this week at Comic-Con as part of a strategy to dig deeper into its intellectual property portfolio.
2022-07-18,The purchase reflects confidence that the large version of the aircraft the Max 10 will win regulatory approval.
2022-07-18,The Justice Department sued Uber last year for charging fees to passengers who took extra time to get into their vehicles.
2022-07-18,The company hopes a new interface — replacing a much-maligned predecessor — will make the streaming service easier and more inviting for viewers.
2022-07-18,Federal authorities are investigating a surge in trading that preceded the announcement of a $300 million deal with the former president’s media company.
2022-07-18,The board said it had found nothing to discredit the entries after reviewing the prize submissions from The New York Times and The Washington Post.
2022-07-18,Despite better-than-expected profit the Wall Street giant’s leaders said they would slow hiring and review stock repurchases as the economy becomes more “uncertain.”
2022-07-19,The government offered to buy the shares it doesn’t already own in EDF which operates all of the country’s nuclear plants in the face of a worsening energy crisis after Russia’s invasion of Ukraine.
2022-07-19,Britain this morning recorded its highest temperature ever bringing parts of the country to a standstill and testing infrastructure.
2022-07-19,Shifting demographics are reshaping complexes built for older Americans who are looking for a variety of rates and services.
2022-07-19,The e-commerce site said the groups targeted its sites in the United States Britain France Germany Italy Spain and Japan.
2022-07-19,School is out for the summer — but in some cases so are the bosses.
2022-07-19,Investors surveyed by Bank of America have never been more pessimistic about the economic outlook.
2022-07-19,Twitter had sought to expedite the case by requesting a trial in September which Mr. Musk had countered by asking for a trial in February.
2022-07-19,If Elon Musk buys Twitter there are steps he could take to expand the boundaries of online expression.
2022-07-19,The toymaker was able to raise prices to offset higher costs but its revenue took a hit overseas because of a strong dollar.
2022-07-19,The streaming giant facing significant headwinds had said it expected to lose two million subscribers in the second quarter.
2022-07-20,The case showed the intensity of the kingdom’s interest in tracking dissidents and the timing this week is fraught for U.S.-Saudi relations.
2022-07-20,The move stems from concerns that Mexico is violating the United States-Mexico-Canada Agreement which seeks to level the playing field for industries across the continent.
2022-07-20,The hedge fund manager who did a brief stint in Trump’s White House is facing a wave of redemption requests amid lackluster performance.
2022-07-20,Judge Kathaleen McCormick granted the social media giant’s request for an expedited hearing. Now the two sides are gearing up for a trial in October.
2022-07-20,Mr. Licht who joined CNN after a stormy period at the network has chosen a band of insiders to lead it.
2022-07-20,The now-defunct retailer sold overpriced goods to members of the military with high-interest loans prosectors said.
2022-07-20,The shutdown was announced hours before a hearing on a possible vote to unionize the location which employees said was understaffed.
2022-07-20,The carrier expects travel demand to remain strong despite concerns about a recession.
2022-07-20,A veteran war reporter in Afghanistan was told she would go to jail if she didn’t tweet an apology for her reporting. She has since safely left the country.
2022-07-20,The world’s largest maker of electric cars struggled with production problems in China.
2022-07-21,Amazon has ordered 100000 trucks to cut its carbon dioxide emissions but Rivian will take years to deliver.
2022-07-21,Rapidly rising borrowing costs for Italy in recent months intensified focus on so-called market fragmentation.
2022-07-21,Take roof trusses.
2022-07-21,The network will keep its usual prime-time lineup instead. Its sister network Fox Business will air the hearing.
2022-07-21,The case is the first time criminal insider-trading charges have been filed that involve cryptocurrency assets a U.S. attorney said.
2022-07-21,The video service said it would take a closer look at the abortion content on its platform.
2022-07-21,The truckers say they’re concerned that a law classifying many freelance workers as employees could hurt their ability to operate independently.
2022-07-21,Revenue for the second quarter was $1.2 billion up from $1 billion in the same quarter last year which helped the toymaker swing to a profit of $66.4 million.
2022-07-21,The company declined to forecast its future financial performance citing “uncertainties related to the operating environment.”
2022-07-21,Lawyers for the man who was arrested in 2019 said he had simply gained access to user accounts while doing his job for the company.
2022-07-22,Russia’s central bank cut its interest rate to 8 percent on Friday lower than before the invasion of Ukraine citing “subdued” consumer demand.
2022-07-22,Russia’s decision to restart the flow of natural gas through a vital pipeline on Thursday brought a moment of relief to Germany which uses the fuel to power its most important industries and heat half its homes. But it is unlikely to be much more than that Melissa Eddy reports for The New York Times.
2022-07-22,The internet giant acquired One Medical a national chain of primary care clinics for $3.9 billion.
2022-07-22,Start with a seasonal tuneup of your air-conditioning system experts say. Close shades or blinds during the day. And raise your thermostat — even by just one degree.
2022-07-22,The social media company swung to a loss in the second quarter and cited “uncertainty” over its pending takeover by the billionaire Tesla chief executive as a factor.
2022-07-22,Mr. Diess who had vowed to rebuild the company after the diesel emissions scandal led its move into electric cars.
2022-07-22,Weak economic data has generated worries about slowing economic growth.
2022-07-22,In a legal filing the attorney general for the U.S. Virgin Islands said the two men sheltered the money from the liquidation of an investment fund in which the deceased financier had a stake.
2022-07-22,The company’s leader for 40 years he was under scrutiny after a report of a $3 million settlement with an employee.
2022-07-22,Mr. Carney who was press secretary to President Barack Obama joined Amazon in 2015.
2022-07-23,The engineer Blake Lemoine contends that the company’s language model has a soul. The company denies that and says he violated its security policies.
2022-07-23,The resignation was the latest setback for the embattled Chinese property developer which is expected to announce a plan to restructure its debt of more than $300 billion.
2022-07-23,The company which said the hacking had affected 76.6 million people agreed to pay $350 million to settle claims and spend $150 million to bolster security.
2022-07-24,Many of Donald J. Trump’s allies in the media believe the reports about violence and criminal conduct committed by Trump supporters have been exaggerated.
2022-07-24,The Genesis Communications Network built a lucrative business alongside the radio host whose show the company has syndicated for more than two decades.
2022-07-24,Competing for rights to broadcast games from the N.F.L. and other leagues could be hard for broadcast and cable companies that “aren’t playing by the same financial rules.”
2022-07-25,While few with ties to the conspiracy theory are winning their primaries themes pushed by QAnon followers have become Republican talking points.
2022-07-25,Several signs of economic stress may keep the Fed from raising interest rates to a full percentage point.
2022-07-25,Fuel prices are up 90 percent from a year ago. Food costs have surged over 35 percent. Many people with incomes no higher than before the war are being squeezed.
2022-07-25,Tesla said it expected capital expenditures to be $6 billion to $8 billion in 2022 up from an April forecast of $5 billion to $7 billion.
2022-07-25,Gazprom Russia’s state energy giant said it would halve the amount of gas it sends to Germany through the Nord Stream 1 pipeline bringing it down to 20 percent of capacity.
2022-07-25,The loan will help the automaker and its supplier build electric vehicle battery factories in Ohio Tennessee and Michigan.
2022-07-25,The federal authorities filed criminal and civil charges against nine people in a series of unrelated cases that netted more than $7 million in gains from trading ahead of corporate mergers.
2022-07-25,Central bankers around the world have been picking up the pace of rate increases. Now the big question looms: When will they slow down?
2022-07-25,Citing the need to cut prices to move inventory the company slashed its earnings outlook for the year sending its stock price tumbling in after-hours trading.
2022-07-25,The department said three major processors participated in a decades-long scheme to suppress wages and stifle competition.
2022-07-26,The e-commerce platform made the “wrong” bet on the continued boom in online shopping the chief executive said in a memo to employees.
2022-07-26,As vacancies for industrial space tighten developers are building warehouses and labs on speculation hoping a tenant will lease the space when construction is done.
2022-07-26,Facebook’s founder is setting a relentless pace as he pushes his company through a tech transformation during a global economic slowdown.
2022-07-26,Sports are the lifeblood of TV but also choking it. Big Tech is following a similar playbook.
2022-07-26,The Treasury Department is investigating whether the crypto exchange allowed users in Iran to buy and sell digital tokens said people with knowledge of the matter.
2022-07-26,After Verizon drops the network at the end of this week OAN’s cable TV audience will shrink dramatically.
2022-07-26,Meta is meeting backlash for changes that make some of its platforms act more like TikTok.
2022-07-26,The tech giant cited the strong U.S. dollar falling consumer demand and production slowdowns of PCs for its performance.
2022-07-26,The earnings by Google’s parent company were below analysts’ expectations of $17.5 billion in net profit on $69.9 billion in revenue.
2022-07-26,In the trial of a former employee accused of spying for the Saudis a Twitter executive said the account of King Salman had also been looked at.
2022-07-27,The company said it was close to restarting deliveries of its 787 Dreamliner plane and was on track to end the year with positive cash flow.
2022-07-27,The central bank made its second consecutive increase of three-quarters of a point as it tries to combat the fastest pace of inflation in 40 years.
2022-07-27,Technology is everything. Why are there hardly any blockbuster tech companies of the smartphone age?
2022-07-27,Trident Mortgage discouraged minorities in Philadelphia from applying for home loans the authorities say.
2022-07-27,The Swiss bank’s weak performance stood in contrast to more upbeat reports from Deutsche Bank and UBS.
2022-07-27,The cancellations were announced after 3000 employees walked off the job to protest for better wages.
2022-07-27,The move is a potential blow to Meta’s metaverse efforts and signals a shift in how the Federal Trade Commission is approaching tech deals.
2022-07-27,The decision could improve prospects for Spirit to reach a deal with JetBlue a suitor it had previously rejected.
2022-07-27,It was the first time the social media giant’s revenue had fallen since it went public a decade ago as it confronts increased regulatory scrutiny and a turbulent economy.
2022-07-27,Overcoming the worst of a global chip shortage the automaker sold more cars and trucks and prices were higher.
2022-07-28,Mr. Cruz has been the Culture editor at The Times since January 2018 leading coverage of arts and culture.
2022-07-28,Speaking at a news conference Ms. Yellen said that she did not believe the U.S. was in a recession
2022-07-28,A book by a reporter from the newspaper has ignited debate about the way editors dealt with an explosive article he helped write in 2017.
2022-07-28,Both Newsmax and OAN are known for their loyalty to Donald Trump and for serving as platforms for his debunked claims of rampant voter fraud in 2020.
2022-07-28,It is the only one of the company’s more than 500 stores with a formal union but similar moves are afoot elsewhere.
2022-07-28,Lina Khan may set off a shift in how Washington regulates competition by filing cases in tech areas before they mature. She faces an uphill climb.
2022-07-28,Celebrities like Kylie Jenner and Kim Kardashian were among the upset users who said the updates made the app too much like TikTok.
2022-07-28,The iPhone maker said it was hurt by Covid-related shutdowns of factories in Shanghai but benefited from its growing services business.
2022-07-28,Tech companies are slowing their frenetic hiring but a combination of dominance and diversity is turning out to be — yet again — an overwhelming asset.
2022-07-28,Growth has slowed from its pandemic highs as people return to shopping in-person and pull back on spending in an uncertain economy.
2022-07-29,The energy industry’s windfall followed a spike in prices resulting mostly from Russia’s invasion of Ukraine and the global economic rebound from the coronavirus pandemic.
2022-07-29,The Federal Reserve’s preferred inflation gauge climbed rapidly in June. Wage and benefit gains are fast too separate data showed.
2022-07-29,The Senate’s proposal aims to accelerate electric car sales and promote domestic battery manufacturing at China’s expense.
2022-07-29,Some of the companies’ enormous earnings have been reinvested in expanding operations but a lot of money has also gone toward share buybacks which primarily reward shareholders.
2022-07-29,West Virginia’s banning of five big Wall Street banks for doing business with the state is yet another step toward a politicized world of red brands and blue brands.
2022-07-29,The rebound in stocks is a reflection that the current round of updates from corporate America are not as bad as feared. But there are still reasons for investors to be wary.
2022-07-29,Vice Media which is exploring a sale of its business has a longstanding relationship with the Greek broadcaster.
2022-07-29,Neel Kashkari the president of the Federal Reserve Bank of Minneapolis said the Fed had more work to do in trying to control price increases.
2022-07-29,The former president hasn’t been interviewed on the Rupert Murdoch-owned cable network in more than 100 days and other Republicans often get the attention he once did.
2022-07-29,A House subcommittee investigation found four firms were responsible for nearly 15000 eviction filings while there were moratoriums on evictions.
2022-07-30,The conspiracy broadcaster faces a judgment of as much as $150 million for defaming Sandy Hook families.
2022-07-30,The planes were grounded for more than a year over quality concerns. The agency will still inspect them before they are handed over to customers.
2022-07-30,Consumers are buying fewer discretionary goods and returning more. To clear their shelves retailers are selling to liquidators at steep discounts.
2022-07-30,A long-term switch to more renewable sources has been overtaken by a short-term scramble to stave off a crisis.
2022-07-31,At a moment when education technology firms are stockpiling sensitive information on millions of school children safeguards for student data have broken down.
2022-07-31,After his predecessors’ imprisonment the union’s president is being challenged for re-election in the first direct vote by its membership.
2022-08-01,The closing of a meatpacking plant near downtown Los Angeles has left its workers reeling and amplified questions about doing business in the state.
2022-08-01,The price has fallen sharply from its peak after one major producer Russia invaded another Ukraine. But that hasn’t ended fears of a global hunger crisis.
2022-08-01,They were once Democrats and Republicans. But fears for their children in the pandemic transformed their thinking turning them into single-issue voters for November’s midterms.
2022-08-01,John Lasseter was toppled five years ago by allegations about his workplace behavior. He’s back with an animated film and a studio that could be Pixar 2.0.
2022-08-01,Visa faces questions about whether it enabled a porn site to profit from images of child sexual abuse and both Mastercard and Visa face a new antitrust suit from Disney.
2022-08-01,The bank will reinstate a requirement to assemble a “diverse slate” of job candidates while adding flexibility according to an internal memo.
2022-08-01,When the largest publisher in the country Penguin Random House struck a deal in the fall of 2020 to acquire its rival Simon & Schuster publishing executives and antitrust experts predicted that the merger would draw intense scrutiny from government regulators Alexandra Alter Elizabeth A. Harris and David McCabe report for The New York Times.
2022-08-01,The trial to decide whether the publishing giant may buy Simon & Schuster is a test of the Biden administration’s push to expand antitrust enforcement.
2022-08-01,Cubicles are largely empty in downtown San Francisco and Midtown Manhattan but workers in America’s midsize and small cities are back to their commutes.
2022-08-01,The Federal Trade Commission accused Opendoor of deceiving customers into offering their properties to the online platform for less than they would have made on the open market.
2022-08-02,The largest coffee chain in the world said it saw no signs that consumers were giving up their nitro cold brews or iced espressos despite higher prices.
2022-08-02,The trading app that helped drive the meme stock frenzy announced staff cuts for the second time this year.
2022-08-02,“Consolidation is bad for competition” Mr. King said in the trial that will determine whether Penguin Random House may acquire Simon & Schuster.
2022-08-02,He has helped guide many of the newsroom’s most ambitious projects in recent years.
2022-08-02,The U.S. wants to stop Penguin Random House from buying Simon & Schuster. The elephant in the room is Amazon.
2022-08-02,Forbes has tapped Citigroup to sell at a price of at least the $630 million valuation declared in its earlier plan to go public.
2022-08-02,The network is on a pace to drop below $1 billion in profit for the first time in years according to people familiar with its operations amid steep declines in TV viewership.
2022-08-02,Employers appear to be responding to rising interest rates and a slowing economy by reducing open positions.
2022-08-02,Twitter has sent out requests for information from the banks that are backing the billionaire’s purchase which he is trying to walk away from.
2022-08-02,Stocks rose after the Federal Reserve’s recent meeting with investors hoping the central bank would dial back rate increases. Not so soon officials indicated on Tuesday.
2022-08-03,Politically the paltry increase would appear to be a snub of President Biden who went to Saudi Arabia seeking assurances from big producers that they would act to cool oil markets.
2022-08-03,Olaf Scholz showed off a refurbished turbine for the Nord Stream 1 pipeline that Russia has said is the reason it can’t send more gas to Germany.
2022-08-03,A cottage industry is persuading people to spend thousands to create video businesses on YouTube. Disclaimer: It is harder than it looks.
2022-08-03,Revenue from digital advertising fell slightly in the second quarter but subscription revenue continued to rise sharply the company said.
2022-08-03,Keeping up with new software features can be a chore but here are a few tools from recent updates that may be useful — and potentially lifesaving.
2022-08-03,Lessons from how the U.S. (poorly) handled Chinese phone and internet technology.
2022-08-03,Officials said there was no evidence of widespread fraud.
2022-08-03,The maker of luxury electric cars that hopes to challenge Tesla struggled to get parts and build vehicles in the second quarter.
2022-08-03,The move comes a week after the company announced it was lowering its profit forecast as inflation was catching up with consumer spending.
2022-08-03,More fallout may be ahead for businesses and investors from a visit that tested China’s appetite for confrontation.
2022-08-04,A number of lawyers and experts say measures to safeguard citizens online are badly needed but the bill was criticized by both privacy advocates and tech companies.
2022-08-04,The measures include a cap on rent increases and an extension of fuel subsidies.
2022-08-04,One proposal from investors that would allow investors to nominate directors to the electric car company’s board was approved.
2022-08-04,The drop from $120 a barrel just two months ago could be a sign that investors are worried about a global recession.
2022-08-04,New regulations in Indonesia show that strict online controls are no longer confined to autocratic countries like China.
2022-08-04,If a new federal policy goes into effect Americans will have more recourse when airlines cancel or significantly delay flights.
2022-08-04,The company also said it would launch next summer a combined paid service that would reach 130 million subscribers by 2025.
2022-08-04,Twitter called the claims false and irrelevant in a high-profile legal fight over whether the billionaire can back out of a $44 billion deal to acquire the company.
2022-08-04,Prosecutors said the man had used his access to Twitter user accounts to spy for the government of Saudi Arabia. His lawyers said he had just been doing his job.
2022-08-04,If it is given an additional $80 billion the agency said the money is expected to go toward efforts to crack down on wealthy tax evaders and to modernize its technology.
2022-08-05,Senator Kyrsten Sinema had one main request before she would support a key spending bill: Preserve a tax loophole that mainly benefits people in private equity.
2022-08-05,The increase of 528000 outstripped expectations and the gains were spread widely across industries. The jobless rate fell to 3.5 percent.
2022-08-05,Have France’s distinctive food and automobiles slipped in their cultural cachet? The celebrity chef and serial owner of French cars has opinions on the matter.
2022-08-05,In a survey most say that it is a good time to find work and that the labor market favors employees. They see little change ahead for at least six months.
2022-08-05,But the unexpectedly strong employment growth reported for July also appeared to contradict forecasts that the economy was cooling off.
2022-08-05,A sweeping bill that would enact the strongest restrictions on Big Tech companies in the United States has been stalled in the Senate.
2022-08-05,The latest effort to narrow the preferential tax treatment used by private equity executives failed after Senator Kyrsten Sinema objected.
2022-08-05,In just over a year the United States’ largest cryptocurrency exchange went from a triumphant public offering to a “crypto winter” of cost cutting and layoffs.
2022-08-05,Employers hired rapidly and paid more in July suggesting the Federal Reserve may have to remain aggressive in its effort to cool the economy.
2022-08-05,Changes demanded by Senator Kyrsten Sinema will preserve a tax loophole that Democrats have complained about for years.
2022-08-06,The drug company Eli Lilly said it “will be forced” to look outside the state for employment growth. The engine maker Cummins said the law will “impede our ability to attract and retain top talent.”
2022-08-06,Jobs aplenty. Sizzling demand. If the United States is headed into a recession it is taking an unusual route with many markers of a boom.
2022-08-06,His success has inspired a new generation of conspiracy theorists who have learned how to stay away from legal trouble.
2022-08-06,Some lenders and retailers have a pretty neat business model: You pay them before your wages ever hit your bank account. And sometimes they give you no choice.
2022-08-06,A state agency said the electric carmaker had misled the public in describing its driver-assistance service as autonomous.
2022-08-08,Americans with low incomes are pulling back from buying even as their richer counterparts keep spending — with potentially big consequences.
2022-08-08,The Federal Maritime Commission traditionally obscure has been cast by Congress and the administration to help lead the campaign to tame inflation.
2022-08-08,Masayoshi Son the Japanese conglomerate’s founder said SoftBank would take fewer big risks in the future.
2022-08-08,Battery-powered vehicles are considered essential to the fight against climate change but most models are aimed at the affluent.
2022-08-08,The digital media company’s founders Jim VandeHei Mike Allen and Roy Schwartz will continue to run the company.
2022-08-08,The crackdown was the government’s latest effort to rein in the crypto industry.
2022-08-08,Falling prices and upheaval in the industry do not appear to have curbed Koreans’ appetite for crypto blockchain and all things web3.
2022-08-09,A state-owned operator of a Russian pipeline to Europe said its payment to the Ukrainian operator of the pipeline had been returned blaming issues linked to European sanctions against Russia.
2022-08-09,Investors are pinning their hopes on a rosy outcome for inflation and growth driving the S&P 500 up 12 percent in the past two months.
2022-08-09,The retail giant is exploring bundling a streaming service into its Walmart+ membership program.
2022-08-09,Demand for electric vehicles has been far stronger than the supply of battery materials like lithium nickel and cobalt.
2022-08-09,The Securities and Exchange Commission and the F.B.I. have been investigating Concord Management people close to the firm said.
2022-08-09,A federal jury in San Francisco deliberated for nearly three days before convicting him on six charges while acquitting him on five others in the two-week trial.
2022-08-09,Two months after regulators there suspended the boutique online bank the outspoken libertarian economist said he had agreed to return $66.7 million in deposits.
2022-08-09,The city contended that the fast-food chain violated scheduling and sick-leave laws for more than four years affecting 13000 employees.
2022-08-09,The Justice Department for more than a year has investigated whether Google abuses its dominance over the interlocking technologies that deliver ads online.
2022-08-09,The cryptocurrency exchange lost more than $1 billion in the second quarter.
2022-08-10,Higher-income households built up savings and wealth during the early stages of the pandemic as they stayed at home and their stocks houses and other assets rose in value The New York Times’s Jeanna Smialek and Ben Casselman report. Between those stockpiles and solid wage growth many have been able to keep spending even as costs climb.
2022-08-10,Inflation slowed to 8.5 percent as fuel costs cooled but price increases on many other goods and services remain rapid.
2022-08-10,Fed officials are waiting for an inflation slowdown and economists have predicted that this could signal the start of a deceleration.
2022-08-10,Ukrainians forced from their hometowns by Russia’s invasion find some solace and success setting up shop in a new city.
2022-08-10,Fares fell nearly 8 percent in July from June a drop that helped to bring down overall inflation.
2022-08-10,Speaking at the White House the president declared that his “economic plan is working.”
2022-08-10,What a $280 billion law signed by President Biden this week might mean for Americans.
2022-08-10,Prices have increased rapidly since last year but barely budged in July — a positive development though not yet enough for a victory lap.
2022-08-10,The company unveiled details of an ad-supported Disney+ as demand at its theme parks rebounded.
2022-08-10,The billionaire entrepreneur said he wanted “to avoid an emergency sale of Tesla stock” if he was forced to complete the buyout of the social media company.
2022-08-11,After peaking in June they are back where they were in March offering some relief to consumers and policymakers amid inflation worries.
2022-08-11,As the country puts a growing price on greenhouse emissions investors are rushing to buy up pastures and plant carbon-sucking trees.
2022-08-11,McDonald’s said it would begin reopening stores in Kyiv and western Ukraine as fighting continues in the east.
2022-08-11,Sometimes it’s better to be safe than first.
2022-08-11,She will be the first woman to hold the role in the program’s 26-year history.
2022-08-11,The maker of electric pickup trucks vans and sport utility vehicles affirmed its production forecast for the year.
2022-08-11,The company sued by cancer patients who claimed its talc was contaminated with asbestos stopped using the ingredient in North America in 2020.
2022-08-11,In August U.S. gas prices retreated to their lowest level since March providing relief for Americans overwhelmed by high prices at the pump. Here is what to know.
2022-08-11,The investor which has taken positions in Adobe Citigroup and Nintendo is pushing The Times to sell bundled subscriptions to readers more aggressively.
2022-08-12,The vote at a location in Minneapolis suggests the campaign at the grocery chain may be poised to expand.
2022-08-12,Calls for violence surged after the search of Mar-a-Lago this week but other posters saw them as evidence of a federal plot to smear the right and confiscate guns.
2022-08-12,The maker of fitness bikes once a pandemic darling said it would reduce its retail footprint and end its last-mile delivery network in a cost-cutting strategy.
2022-08-12,The country’s gross domestic product from April through June declined 4 percent from a year earlier new government data shows.
2022-08-12,The slight contraction 0.1 percent comes as Britons face high and rising inflation squeezing household budgets.
2022-08-12,Positive economic signs have sent the S&P 500 higher for four consecutive weeks but some investors worry about how long the rally can last.
2022-08-12,Moguls and investors from the tech industry which endorses housing relief banded together to object to a plan for multifamily homes near their estates in Atherton Calif.
2022-08-12,The economic bans that China imposed on Taiwan for hosting Speaker Nancy Pelosi were not especially painful. Increasing the pressure could hurt China’s own economy.
2022-08-12,Carmakers may need several years to revamp their supply chains to meet new rules but the legislation is still seen as a win for electric vehicles.
2022-08-12,The companies collectively worth hundreds of billions of dollars issued a flurry of statements amid tensions between Beijing and Washington over regulation and broader political issues.
2022-08-13,The suit filed by Dominion Voting Systems could be one of the most consequential First Amendment cases in a generation.
2022-08-14,The fast-growing platform’s poor track record during recent voting abroad does not bode well for elections in the U.S. researchers said.
2022-08-14,The surge of readers has buoyed a part of the digital media world that has gradually declined in recent years.
2022-08-14,National security concerns over the Chinese-owned viral video app remain unresolved. Lawmakers and regulators are increasingly pushing for action.
2022-08-14,The giant oil producer said it earned nearly $50 billion last quarter the latest energy company to record outsize profits after the surge in crude prices since Russia’s invasion of Ukraine in February.
2022-08-14,The author of the “Harry Potter” books was threatened on Twitter after she posted condolences for the novelist Salman Rushdie who was stabbed on Friday in western New York.
2022-08-14,Fears of pointless consumerism were no match for the joy and relief our gear provided.
2022-08-14,Mechanical failure sleep deprivation and esprit de corps are all part of the Great Race an annual rally of vintage vehicles some more than a century old.
2022-08-15,After his spectacular rise and fall at WeWork Mr. Neumann is getting back into the real estate industry with backing from a major Silicon Valley player.
2022-08-15,A set of weak economic data and unexpected interest rate cuts in China led to a sharp sell-off driven by concerns over sluggish demand in the world’s biggest oil importer.
2022-08-15,The move by Russia to loosen financial controls imposed after its invasion of Ukraine won’t affect investors in the United States or European Union.
2022-08-15,The government is working to save hundreds of businesses from Russian bombs remaking western Ukraine into the country’s new economic heartland.
2022-08-15,Third Point the firm founded by billionaire investor Dan Loeb has bought back into Disney and proposed a spinoff of ESPN takeover of Hulu and new board members.
2022-08-15,The coffee chain which has filed numerous complaints about procedural issues asked the National Labor Relations Board to investigate allegations of misconduct during a union vote.
2022-08-15,Oil is under $90 a barrel and consumers are benefiting. Geopolitics the economy and unforeseen events will determine whether the relief will last.
2022-08-15,The airport said the cap had led to fewer cancellations shorter wait times and better punctuality.
2022-08-15,The retail giant said it would include the Paramount+ streaming service as part of its Walmart+ membership bundle.
2022-08-15,The area that was most affected was the unscripted and live-action family programming divisions at the streaming service which was created in May 2020.
2022-08-16,Building owners are trying to figure out how to pay for upgrades needed to comply with city regulations intended to fight climate change.
2022-08-16,Profit at the nation’s largest retailer fell as inflation raised costs and altered shopping habits but the company issued a slightly improved outlook for the rest of the year.
2022-08-16,Plus the Tornado that is the latest threat to stability in cryptoland.
2022-08-16,The company joins several others that are introducing self-driving services — but the cars often have drivers or are otherwise limited in their autonomy.
2022-08-16,Owners of battery-powered cars sometimes struggle to refuel on longer trips because public chargers don’t work or malfunction while cars are plugged in.
2022-08-16,He will be replaced by KC Sullivan the president and managing director of NBCUniversal’s global advertising and partnerships business.
2022-08-16,The former president has pushed frenetic and sometimes contradictory claims about the F.B.I.’s search of his Florida home.
2022-08-16,Data can make our lives richer but let’s not forget that people are not machines.
2022-08-16,The agency also sought to recoup $24 million from another for-profit college chain DeVry University to cover the costs of discharging its former students’ loans.
2022-08-16,Democrats hope the tax will encourage companies to spend more on workers and operations but strategists think it’s unlikely to deter corporations from repurchasing their stock.
2022-08-17,The surge in prices is expected to peak in the autumn when household energy bills are likely to sharply increase.
2022-08-17,The travel industry is recovering from the pandemic but messily. These apps and tips can help us navigate the chaos and maximize our comfort.
2022-08-17,In a rare act of defiance people across the country who bought property from indebted developers are refusing to repay loans on their unfinished apartments.
2022-08-17,The Treasury Secretary’s priorities include clearing a backlog of unprocessed tax returns revamping antiquated technology and hiring thousands of new employees.
2022-08-17,The retailer’s second-quarter profit fell 90 percent from the year before far below what Wall Street analysts were expecting.
2022-08-17,Sales of other goods rose more than expected in July with food building materials electronics and other goods posting gains.
2022-08-17,It’s the type of tax-and-spend legislation that investors usually frown upon. But analysts are seeing plenty of positives in the Inflation Reduction Act.
2022-08-17,No social app remains free of arguments over politics and social issues once it becomes popular.
2022-08-17,Minutes from the Fed’s meeting in July showed officials remain committed to raising rates until inflation cools meaningfully.
2022-08-17,Uniper Germany’s largest importer of natural gas has had to pay high prices for gas on the open market to make up for the drop in Russian deliveries.
2022-08-18,Inflation has been worse in Southern cities burdening residents and prompting the question: What can it teach the rest of the country?
2022-08-18,There have been conflicting signals in the housing market. And several factors may stop any slowdown from turning into a slump.
2022-08-18,The department-store chain under pressure to bolster its finances said that the beauty shops are a way to attract new and younger consumers.
2022-08-18,Sales are down but there is no need to pity the Chromebook.
2022-08-18,Chris Licht the new chairman of CNN has told employees that he is retooling the network’s programming.
2022-08-18,Sales of existing homes dropped 5.9 percent last month from June a slowdown that is expected to drag on the market for the rest of the year.
2022-08-18,A judge gave the company five days to bring back seven workers who were fired after their efforts to unionize a branch in Memphis.
2022-08-18,Trading in the retailer’s stock was turbulent after an investor disclosed a 10 percent stake and then indicated that he had cashed out.
2022-08-18,The social networking company said that Children’s Health Defense a group led by Mr. Kennedy an anti-vaccine activist had “repeatedly” violated its guidelines by spreading medical misinformation.
2022-08-18,Data and video recorded by Tesla and other automakers to hone driver-assistance systems can also be an investigative tool for regulators and lawyers.
2022-08-19,Borrowing by the riskiest companies was higher this week than in all of July but some warn that the window may not be open for long.
2022-08-19,The law seeks to determine how all sorts of organizations including private businesses can address race gender and nationality.
2022-08-19,The Arkansas-based retailer the country’s largest employer said its health plans would cover abortions in specific cases and related travel expenses.
2022-08-19,In earnings reports this week companies showed it has been a struggle to adapt to a consumer mind-set that is vastly different from what it was during much of the pandemic.
2022-08-19,Electric vehicle batteries are composed of hundreds or thousands of individual lithium-ion cells or pouches.
2022-08-19,Turbulent trading in shares of companies like AMC Entertainment and Bed Bath & Beyond can no longer be explained as simply a pandemic phenomenon experts say.
2022-08-19,The online furniture retailer boomed in the early months of the pandemic but it has failed to maintain that momentum.
2022-08-19,The Federal Energy Regulatory Commission approved a request from Warren Buffett’s company to take a bigger stake in the oil company.
2022-08-19,The company blamed its financial performance for the potential bonus cut.
2022-08-19,In the web browser used within the TikTok app supplementary code lets the company track every character typed by users. The company said the capability was for troubleshooting.
2022-08-20,Introduced 10 years ago the app has slowly become a popular way to keep track of friends. But it comes with considerable privacy concerns.
2022-08-20,Two years of economic recovery brought strong gains to workers at the top and the bottom but headwinds for those in between. Consider the pharmacist.
2022-08-21,The U.S. blacklisted the company last year after reports that governments had used its software to target journalists dissidents and opposition politicians.
2022-08-21,The media mogul also said news channels should do a better job of distinguishing between news and opinion.
2022-08-21,Google has an automated tool to detect abusive images of children. But the system can get it wrong and the consequences are serious.
2022-08-22,The bill President Biden signed into law recently will greatly expand government loans and loan guarantees for clean energy and automotive projects and businesses.
2022-08-22,Neo Performance Materials of Canada announced a deal to begin mining in Greenland for the metals which are a key component for electric cars.
2022-08-22,The restaurant chain has made the first big change to its board in three years after seeing off a campaign by the activist investor Carl Icahn.
2022-08-22,Increasing pessimism about the possibility of a recession and the Federal Reserve’s efforts to rein in inflation have put the brakes on a market rebound.
2022-08-22,The fast-food chain has wrestled with some shareholders and franchisees as it faces the effects of inflation and weak economic growth.
2022-08-22,The automaker said the move was needed to be competitive and reallocate resources.
2022-08-22,Tell us about your experiences working for crypto companies.
2022-08-22,Mr. Murdoch has threatened to sue Crikey a small news organization over an opinion article he said contained defamatory claims.
2022-08-22,The network said viewership for the “Game of Thrones” spinoff was the biggest start for a series in its history.
2022-08-22,Tell us about your experience taking on a new job or source of income.
2022-08-23,The chain said in its earnings report that selling its excess inventory had become harder as shoppers pulled back on discretionary spending.
2022-08-23,The whistle-blower also said Twitter had lied to Elon Musk who is trying to back out of a $44 billion deal to buy the social media service.
2022-08-23,A slowdown in consumer spending in conjunction with an uptick in construction may spoil the favorable conditions that allowed owners to expand and raise rates.
2022-08-23,The company billed the arrangement as a new way to raise money. Corporate governance experts and finance pros are keen to see if it catches on.
2022-08-23,Many of Britain’s employers faced with a labor shortage are raising wages to attract workers. That’s sowing the seeds of faster inflation.
2022-08-23,In a letter to staff the I.R.S. commissioner cited “an abundance of misinformation and false social media postings” as the agency faces a flood of unfounded conspiracy theories.
2022-08-23,The Biden administration said its new forecast captured the effects of the Omicron wave of the pandemic and Russia’s invasion of Ukraine.
2022-08-23,The agency said it made the decision after Meta promised Mr. Zuckerberg would not try to personally purchase the start-up his company wants to acquire.
2022-08-23,New research suggests that ride services in India might cut pollution. We haven’t seen this in the U.S.
2022-08-23,The Jackson Hole event is a forum to discuss pressing economic issues and often a venue for making big announcements or floating significant ideas.
2022-08-24,It was the first time that an influence operation promoting U.S. interests abroad had been discovered and taken down from the social media platforms.
2022-08-24,Last month the company said it planned to acquire One Medical a much larger competitor to its own health care business.
2022-08-24,President Biden’s move means the student loan balances of millions of people could fall by as much as $20000.
2022-08-24,The narrative created by the company’s former head of security is “false” executives said at an all-hands meeting.
2022-08-24,Research has found that Americans’ spending during the pandemic accounted for about 60% of inflation from 2019-21.
2022-08-24,The deal which will help expand distribution of its stationary bikes comes in the middle of a turnaround effort by the company’s new chief executive.
2022-08-24,New figures show the extent to which the British government’s economic sanctions against Russia are having an effect.
2022-08-24,The agreement to buy a big stake in Yoox Net-a-Porter is a step toward consolidation in the online luxury retail industry.
2022-08-24,Critics of President Biden’s plans to forgive student loan debt argue that it will increase the rate of inflation but others say the effect will be relatively small.
2022-08-24,British researchers and a team from Google found that teaching people how to spot misinformation made people more skeptical of it.
2022-08-25,Reverberations from the war in Ukraine have “distorted” the market for natural gas forcing energy prices up.
2022-08-25,President Biden’s landmark move to wipe out billions in student loan debt has drawn criticism and praise from all corners.
2022-08-25,The maker of exercise bikes attributed part of the loss to restructuring charges related to supply chain and inventory problems.
2022-08-25,American consumers are gravitating toward less expensive stores as inflation drives up rent food and fuel costs.
2022-08-25,It’s the logo of the United Nations’ Sustainable Development Goals. And Japan is all in.
2022-08-25,The bank will wind down its retail and local commercial banking services in the country by closing branches and laying off workers.
2022-08-25,The dream was to sell directly to customers. Now Peloton is on Amazon Casper is in a furniture shop and it’s awkward.
2022-08-25,The National Labor Relations Board is seeking compensation for workers whom it said the company had shortchanged.
2022-08-25,The move to phase out gasoline-powered cars with other states expected to follow matches automakers’ plans. The challenge will be making it happen.
2022-08-25,The depositions are one of the clearest indications yet of how aggressively Dominion Voting Systems is moving forward with its suit against the media company.
2022-08-26,The Personal Consumption Expenditures inflation index fell on a monthly basis in July as gas prices swooned. An annual gauge slowed.
2022-08-26,Two lawsuits filed in Massachusetts and Germany claim the Pfizer-BioNTech Covid-19 vaccine violated Moderna’s mRNA patents.
2022-08-26,Personal income after taxes rose 0.2 percent the Commerce Department said. A drop in gasoline prices offered relief.
2022-08-26,The agreement could prevent Chinese companies from having to depart U.S. stock exchanges but U.S. officials remain wary of whether China will fulfill its terms.
2022-08-26,The S&P 500 fell 3.4 percent its worst daily showing since mid-June after the Federal Reserve chair spoke about the path ahead for monetary policy.
2022-08-26,Jerome Powell the Federal Reserve chair is speaking at the Jackson Hole Economic Symposium the central bank’s most prominent annual gathering.
2022-08-26,A U.K. regulator determines how much utilities can charge customers. The latest increase is almost entirely due to higher wholesale energy costs.
2022-08-26,Even the consideration of such a move shows the waning influence of traditional broadcast TV.
2022-08-26,We want to hear about what President Biden’s debt cancellation plan means for your life and finances.
2022-08-26,The Federal Reserve chair pledged to resolutely fight rapid price increases arguing the bigger mistake would be allowing inflation to become entrenched.
2022-08-27,The company said manufacturing would resume at a Michigan plant that had been shut over contamination concerns which triggered a nationwide formula shortage.
2022-08-28,Artificial intelligence systems can process vast amounts of data in seconds but they can’t make sense of the world or explain their decisions. David Ferrucci wants to change that.
2022-08-28,Interest in camping soared in the pandemic and now as social-distancing restrictions are winding down the sector is showing signs that it may maintain its popularity.
2022-08-28,Chi Kee Sawmill and Timber in business since the 1940s will soon make way for a vast development project. But it is still bringing new life to old wood.
2022-08-28,Peloton struggles to emerge from the pandemic. The Federal Reserve chair issues a warning from Jackson Hole. Economists await August’s jobs report.
2022-08-29,If signed by Gov. Gavin Newsom the measure would create a state council to establish minimum pay and safety conditions on an industrywide basis.
2022-08-29,Federal regulators said the sale of geolocation information on tens of millions of smartphones could expose people’s visits to private places.
2022-08-29,Peiter Zatko’s accusations of false statements and security shortcomings at Twitter may be used by Mr. Musk in the legal battle over a $44 billion acquisition of the company.
2022-08-29,The announcement comes as the auto industry ramps up its efforts to switch to electric vehicles.
2022-08-29,Eighteen Democrats in Congress are demanding answers from Credova Financial about its no-interest loans for gun and ammunition purchases.
2022-08-29,Twitter’s former security chief could loom large in Mr. Musk’s legal efforts to undo his $44 billion acquisition of the social network.
2022-08-29,Stocks slipped across Asia and Europe and futures pointed to a downward opening on Wall Street.
2022-08-29,More than 100 subpoenas have been issued to techies like Jack Dorsey and Marc Andreessen as Twitter tries to force Elon Musk to complete a $44 billion deal. Law firms are stoked.
2022-08-29,The abrupt departure of Kewsong Lee as Carlyle Group’s chief executive followed conflicts over how to run the financial firm.
2022-08-29,After heavy national investment in semiconductors to break a dependence on global chips Mr. Xi seems unhappy with the results.
2022-08-30,Shenyang in China’s northeast was a hub for North Korean workers and a launchpad for visits to Pyongyang. Covid restrictions have battered its economy.
2022-08-30,The Education Department intends to wipe out the federal debt of those who attended the for-profit school from 2002 until it closed in 2016 without requiring them to apply.
2022-08-30,The billionaire said in a letter to Twitter that allegations made by a whistle-blower have had a “material if not existential” effect on the company.
2022-08-30,The worker said the company had tried to retaliate against her activism opposing a deal with the Israeli military while co-workers argued the company had an anti-Palestinian bias.
2022-08-30,The bill which would create a state council to establish minimum pay and safety conditions was the subject of a giant lobbying battle.
2022-08-30,The solar panel maker will build a factory in the Southeast and expand three Ohio plants creating nearly 1000 jobs.
2022-08-30,Even with the Fed raising interest rates employers are still eager to hire.
2022-08-30,Gazprom said the Nord Stream 1 pipeline would undergo three days of maintenance raising worries about a complete shutdown of Russian gas deliveries to Germany.
2022-08-30,The social media app is not available on Google’s app store and the former president’s company and Google are publicly disagreeing about why.
2022-08-30,With digital subscriptions and digital advertising revenue stagnating the company is on a pace to lose money this year.
2022-08-31,Brands like Fashion Fair and Madam founded with the goal of serving Black communities faded at the end of the last century. Now they’re being revived with similar missions in mind.
2022-08-31,Price rises in the eurozone hit another record in August with Estonia reaching 25 percent and eight other countries registering double-digit annual inflation.
2022-08-31,The retailer confirmed that it has taken out more than $500 million in new financing as it seeks to shore up its struggling business.
2022-08-31,The European Central Bank when it meets next week is expected to raise interest rates again to curb eurozone inflation which just set a record.
2022-08-31,The beleaguered retailer’s latest rescue plan embraces a “back-to-basics philosophy” its chief said an effort to reverse falling sales negative cash flow and supply chain woes.
2022-08-31,The maker of Snapchat discontinued some of its products and appointed a chief operating officer amid financial struggles.
2022-08-31,The plan is part of a global push by the automaker to develop and produce electric vehicles.
2022-08-31,The publication date was postponed by almost two months until Oct. 25.
2022-08-31,Seeking to fulfill a promise to make Disney+ profitable by 2024 the company is weighing stepping up its efforts to cross-sell its offerings.
2022-08-31,New research from the Pew Research Center shows nearly three-quarters of respondents are very concerned about the spread of false information online.
2022-09-01,The pullback preceded the U.S. government’s latest update on the state of the job market on Friday.
2022-09-01,Finally.
2022-09-01,The government said much of the infrastructure under construction to supply L.N.G. could be reused to import hydrogen which Europe is backing as an important clean fuel of the future.
2022-09-01,The chairman of Lukoil Russia’s second-largest oil company fell to his death from a sixth-floor hospital window in Moscow.
2022-09-01,After the Supreme Court overturned Roe v. Wade Alinea an investing app geared toward young adults saw a new focus on companies that support reproductive health.
2022-09-01,Laws to encourage more development and denser housing don’t do much good if no one enforces them. As the state political calculus shifts Gavin Newsom is trying to change that.
2022-09-01,Sunnova Energy is seeking permission from state regulators to develop microgrids for new housing developments that would not be reliant on established electric utilities.
2022-09-01,Laxman Narasimhan who will take over for Howard Schultz in April will lead the company at a time of a growing unionization movement and rising costs.
2022-09-01,The case was seen as a test of a more aggressive policy by the agency.
2022-09-01,The labor official concluded that Amazon’s objections to the election should be set aside and that the Amazon Labor Union should be certified to represent workers at the warehouse.
2022-09-02,Backed by unions and tired of years of low wage growth workers are making bold pay demands to cope with the rising cost of living. Some say this is just the beginning.
2022-09-02,Policymakers are looking for signs that interest rate increases are cooling off the labor market affecting wages purchases and ultimately prices.
2022-09-02,The monthly employment report suggested that the Federal Reserve might be able to tame inflation without causing a recession.
2022-09-02,Laxman Narasimhan most recently led Reckitt Benckiser where he was tasked with turning around the consumer products conglomerate.
2022-09-02,The proposal aims to stabilize unsettled energy markets in the wake of Russia’s invasion of Ukraine. But it faces considerable obstacles.
2022-09-02,Slowing job growth and rising worker participation follow the president’s road map for economic transition
2022-09-02,“I won and I didn’t break any rules” the artwork’s creator says.
2022-09-02,The former president’s activity on his social network Truth Social openly promotes far-right and conspiratorial ideas that are usually confined to corners of the internet.
2022-09-02,Google said that Parler had more robust content moderation practices than it did when it was banned in the aftermath of the Jan. 6 riot.
2022-09-02,Gazprom postponed restarting the flow of natural gas through a closely watched pipeline that connects Russia and Germany an unexpected delay that appeared to be part of a larger struggle between Moscow and the West over energy and the war in Ukraine.
2022-09-03,Mr. Rubenstein who started the Carlyle Group over 30 years ago discusses its former chief executive’s sudden departure the carried interest loophole and what he’s learned from the industry’s titans.
2022-09-03,Businesses have fewer protections than residential users against higher electricity and gas costs and industry groups warn of widespread closings this winter.
2022-09-04,Hits like “Top Gun: Maverick” seemed to lead a revival yet one chain is preparing for bankruptcy another is awash in debt and blockbusters are in short supply.
2022-09-04,Many states have passed laws cracking down on rogue stunt-driving events in the past year but drivers have new tactics for evading law enforcement.
2022-09-04,The country’s success with two- and three-wheeled vehicles that sell for as little as $1000 could be a template for other developing countries.
2022-09-04,Jobs growth is slowing but still strong. Bed Bath & Beyond gets a reprieve. A former Uber executive goes to trial.
2022-09-04,He joined the home goods retailer in 2020 during an executive shake-up.
2022-09-05,The deal for Signify Health which has a network of doctors who make home visits would cement the drugstore chain’s move away from its traditional roots.
2022-09-05,The measure will create a state council to establish minimum pay and regulate safety conditions on an industrywide basis.
2022-09-05,Irish regulators said Instagram violated European data protection rules. It was the latest move by authorities in Europe and the U.S. related to child protection online.
2022-09-05,The company seeking to acquire the social media site needs shareholder approval to extend the time to complete the deal. The results of the vote are to be announced on Tuesday.
2022-09-05,Liz Truss the Conservative Party’s choice will face a falling British pound and myriad economic troubles.
2022-09-05,The oil producers group is worried about slipping prices weak demand in China and a deal with Iran.
2022-09-05,Mr. Mistry who was unceremoniously removed from his job in 2016 was killed in a car accident.
2022-09-05,The government is helping residents with soaring gas and electric costs but some businesses are already shutting down amid fears of rationing and blackouts.
2022-09-06,In the newly created role Meredith Whittaker will guide policy and strategy for the messaging app and work to expand its business.
2022-09-06,Energy costs are expected to rise even faster than overall inflation but a key assistance program will lack the extra funds it got for Covid relief.
2022-09-06,Amalgamated Bank and the nonprofit Guns Down America are trying a different way to use the financial system to clamp down on mass shootings.
2022-09-06,Through a combination of tax credits and direct funding the Inflation Reduction Act aims to increase the manufacturing of sustainable materials used in infrastructure projects.
2022-09-06,Laura Crossen will assume the duties of Gustavo Arnal the retailer’s chief financial officer who died by suicide on Friday.
2022-09-06,The move would make companies liable for labor law violations by franchise holders an issue that has shifted with White House control.
2022-09-06,The company that hoped to merge with Trump Media is set to hold a shareholder vote Thursday on extending the deadline to complete the deal and has a backup plan.
2022-09-06,Apple has long supported privacy and shunned those intrusive ads. What happens when it sells more ads too?
2022-09-06,Apple is taking small steps toward India. But the production of its latest phone introduced on Wednesday shows how difficult it will be to make big changes.
2022-09-06,But analysts warn that investor confidence in Britain is waning as British assets have slumped.
2022-09-07,The company is in talks to develop a content partnership with MBC a Saudi Arabian media giant partly owned by the government.
2022-09-07,The European Union’s competition authority blocked a merger of Illumina and Grail even though Illumina said Grail had no business in Europe.
2022-09-07,The carrier asked regulators to let it schedule more flights at the New York airport where it resumed operations only last year.
2022-09-07,Lael Brainard the Federal Reserve’s vice chair said the central bank was “in this for as long as it takes to get inflation down.”
2022-09-07,Elon Musk’s lawyers had asked for a delay to review the accusations by a former Twitter executive which the judge denied while allowing the information to form part of their case.
2022-09-07,Closing the online gap in America will require everything we’ve got including video game-playing teenagers.
2022-09-07,The Apple Watch Ultra is aimed at endurance athletes a market dominated by Garmin. Apple also introduced updated AirPods.
2022-09-07,The editor Brian McGrory will become the chair of Boston University’s journalism department.
2022-09-07,A federal trial began on Wednesday for Joe Sullivan a former federal prosecutor who is accused of not disclosing a data breach while at the company.
2022-09-07,Cineworld the world’s second-largest theater chain after AMC Theaters said it would seek to reduce its debt through restructuring.
2022-09-08,The Federal Reserve chair has taken a hawkish tone in recent appearances seeking to underscore the central bank's commitment to bringing down prices.
2022-09-08,Tornado Cash was banned last month to prevent hacking money-laundering and other cryptocurrency crimes.
2022-09-08,The European Central Bank said it expected to continue raising rates and raised its forecast for inflation.
2022-09-08,The firm commonly known as Ernst & Young announced a plan to separate into two companies one that does mainly auditing work and the other consulting and advisory work.
2022-09-08,In Shira Ovide’s last On Tech newsletter she looks back at how the past two and a half years have shifted her thinking on technology.
2022-09-08,The agreement is a rare example of cooperation between a traditional carmaker and an upstart.
2022-09-08,The deal would involve the creation of a new brand focused on lifestyle and entertainment coverage and could be worth at least $50 million over several years.
2022-09-08,In Michigan Janet L. Yellen the Treasury secretary said investments made by Democrats would reshape the U.S. economy.
2022-09-08,Lawyers for Elon Musk mentioned a $7 million payment to Peiter Zatko Twitter’s former top security executive in a court hearing this week.
2022-09-08,Digital World Acquisition adjourned by a month an important shareholder meeting after it came up short in votes supporting a one-year extension for the deal.
2022-09-09,Because of Xi Jinping’s unrelenting policy the Chinese people put up with a precarious existence filled with lockdowns quarantines and mass testing.
2022-09-09,Millions of the messages still crisscross Japan each year offering congratulations or condolences in a way that more modern communications cannot.
2022-09-09,The billionaire investor behind the cryptocurrency exchange FTX has bought a 30 percent stake in the hedge fund SkyBridge Capital.
2022-09-09,Sales of electric cars are surging as more people become interested in the technology and grow concerned about climate change.
2022-09-09,The Windsors benefit from a complex array of holdings which face the same economic challenges as Britain as a whole.
2022-09-09,The former president’s social media company said “improper political considerations” by regulators have caused “unnecessary financial harm” as it scrambles to keep a money-raising merger deal alive.
2022-09-09,The move was approved by a group that sets standards for business transactions but it was unclear how companies and banks would carry it out.
2022-09-09,Officials from 14 countries met in Los Angeles this week to discuss a potential economic agreement covering digital trade secure supply chains decarbonization and other issues.
2022-09-09,Gary Gensler the S.E.C. chair said he would work with Congress to create new legislation.
2022-09-10,Tennis may appear to be on a roll with exciting young players and record ratings. But if it were a company activist shareholders would have already called for a restructuring.
2022-09-10,Since 2020 four dozen pilot programs have started with Los Angeles running one of the largest to provide cash assistance.
2022-09-11,At this weekend’s D23 Expo in California Bob Chapek worked to rebrand himself after a difficult start to his tenure.
2022-09-11,Some traders worry that the $25 trillion U.S. Treasury market is becoming more fragile and the Federal Reserve’s removal of support could make it worse.
2022-09-11,Some are nostalgic for the silence they had at home especially since in-office perks aimed at luring people back can make it harder to concentrate.
2022-09-12,Prosecutors say Trevor Milton former chief executive of Nikola lured retail investors with lies about the electric truck company’s technology.
2022-09-12,The creation last week of a new merchant code for gun sales could give financial firms the tool needed to flag suspicious purchases advocates hope.
2022-09-12,The bank reported in July that its profit had fallen because of shakier economic conditions.
2022-09-12,The labor market appears hot but the share of people who are either working or actively looking for a job still hasn’t quite recovered.
2022-09-12,The organizer of New York Fashion Week has pledged to achieve a net-zero goal by 2050 but agreements among fashion houses risk violating competition rules.
2022-09-12,Administration officials are pushing for a settlement to head off a walkout by tens of thousands of workers on Friday.
2022-09-12,The Office of the Comptroller of the Currency which oversees big banks hired a chemical engineer to review the risks climate change poses to banks.
2022-09-12,New Jersey demanded back taxes from the ride-hailing company claiming it misclassified drivers as independent contractors.
2022-09-12,The departures are part of an executive shake-up after the exercise equipment company announced a $1.2 billion quarterly loss last month.
2022-09-12,The Treasury secretary will deliver a speech to staff laying out the modernization plans.
2022-09-13,Most of the economy appears to be doing well but slowing down — all while the latest trends don’t look like recessions of the past.
2022-09-13,After struggling to respond to a crushing Covid caseload many hospitals are remodeling so that when the next crisis comes they’ll be better able to meet it.
2022-09-13,A measure that accounts for all federal subsidies also showed a reduction of almost half in the number of children below the poverty level.
2022-09-13,At a Senate hearing Peiter Zatko Twitter’s former head of security told lawmakers that the company lied about its data practices.
2022-09-13,The chief executive of the experimental crypto bank Celsius has told employees about an audacious plan to revive the firm which filed for bankruptcy in July.
2022-09-13,Executives signaled that job cuts would be coming after WarnerMedia and Discovery merged in April.
2022-09-13,About 5.9 million people tuned in to watch the ceremony according to Nielsen.
2022-09-13,Russia used a formal meeting in Geneva to air its unsupported accusations but faced considerable diplomatic pushback.
2022-09-13,The coffee giant intends to speed up drink-making and open thousands of additional locations in China over the next three years.
2022-09-13,Stocks plummeted and government bond yields jumped higher as investors were wrong-footed by data showing stubbornly high price increases last month.
2022-09-14,The two oil-producing countries have extended their partnership even as the United States and Europe have sought to punish and isolate Russia for invading Ukraine.
2022-09-14,TikTok’s chief operating officer Vanessa Pappas faced questions about whether the company would ever hand over user data to Chinese officials.
2022-09-14,The passenger railroad said trains would operate only if they could complete trips by 12:01 a.m. Friday. Most Northeast Corridor service will continue.
2022-09-14,If freight trains stop rolling the result could be chaos for business shortages for consumers and fresh momentum for rising prices.
2022-09-14,Rob Bonta California’s attorney general said the retailer punishes companies that offer lower prices on other websites.
2022-09-14,A stubbornly high inflation reading has divided experts on what the Fed should do when it weighs another interest rate hike next week.
2022-09-14,A court rejected Google’s appeal of a record-setting antitrust fine related to Android and online search.
2022-09-14,For more than a decade Catherine Engelbrecht a Texas mom turned election-fraud crusader has sown doubts about ballots and voting. Her patience has paid off.
2022-09-14,Apple and Google have added useful features to texting apps yet the apps still lack a major component: an effective way to set limits.
2022-09-14,Retirees will learn the amount of the increase for 2023 in October and the current estimate is that it will be 8.7%.
2022-09-15,The morning slot will be hosted by Don Lemon Poppy Harlow and Kaitlan Collins. The move leaves open Mr. Lemon’s prime-time slot.
2022-09-15,Many fans think it will. But it might end up creating some new problems.
2022-09-15,The rail service had started canceling all long-distance passenger trains on Wednesday because of the possible work stoppage on freight railroads.
2022-09-15,The acquisition comes as deal-making in the United States cools and technology company valuations fall amid rising fears of a possible recession.
2022-09-15,They have been on the rise since the start of the year as the Federal Reserve has affirmed its commitment to tame soaring inflation.
2022-09-15,Employees say the inflexibility of scheduling upended their personal lives. The companies say they maintained service while using fewer resources.
2022-09-15,The bill could require many social media sites games and other online services used by children to install protections for minors.
2022-09-15,The Yeezy Gap apparel line deal announced with much fanfare in 2020 was supposed to last 10 years and generate $1 billion in annual sales.
2022-09-15,The shipping giant warned of a $500 million revenue shortfall ahead of its quarterly financial results next week hitting its stock price hard.
2022-09-15,The agency is trying to motivate more people to come forward through the promise of leniency or other benefits to identify wrongdoing.
2022-09-16,Need to find a restaurant or figure out how to do something? Young people are turning to TikTok to search for answers. Google has noticed.
2022-09-16,The company said on Thursday that it was looking into the scope of the apparent hack.
2022-09-16,The video platform will let more creators earn payments and place ads in Shorts its TikTok competitor according to audio from an internal meeting.
2022-09-16,Simultaneous declines in bonds stocks and the pound could set the stage for rising borrowing costs and persistent inflation.
2022-09-16,Shou Zi Chew TikTok’s chief executive is balancing how to be an autonomous leader while juggling the demands of the app’s Chinese parent company.
2022-09-16,Patagonia founder Yvon Chouinard’s decision to give away billions to fight climate change was made possible by an increasingly popular tax maneuver.
2022-09-16,The bank reduced its key rate by half of a percentage point to 7.5 percent. Last spring the rate was 20 percent.
2022-09-16,Pessimism is deepening as bellwether companies like FedEx and General Electric warn of worsening economic and business conditions.
2022-09-16,Dara Khosrowshahi is a star witness at the trial of Joe Sullivan who has been accused of obstructing justice for failing to disclose the 2016 breach.
2022-09-16,Berlin placed the German subsidiary of Russia’s Rosneft in a trust a step aimed at maintaining energy supplies.
2022-09-17,The law which had been blocked by a lower court makes it possible to sue large social media platforms for taking down political viewpoints.
2022-09-17,In recent years financial firms have revamped dozens of mutual funds into E.S.G. dedicated funds — seeking to cash in on growing demand for such investments.
2022-09-18,The Civil War drama “Emancipation” finished filming early this year. Now Apple faces a quandary on what to do with the movie.
2022-09-18,Elizabeth II appears on postal boxes stamps and coins. But placing Charles's visage on these items might not be the huge expense one would expect.
2022-09-18,After a Florida man was accused of vehicular homicide his lawyer used Clearview AI’s facial recognition software to prove his innocence. But other defense lawyers say Clearview’s offer rings hollow.
2022-09-18,Experts worry that aspects of President Biden’s debt relief plan could lure unscrupulous schools and unknowing students.
2022-09-19,Manufacturers are furloughing workers and shutting down lines because they can’t pay the gas and electric charges.
2022-09-19,Economists expect the Federal Reserve to raise interest rates by 75 basis points this week adding to fears a recession is coming.
2022-09-19,Freight railways pushed to streamline their operations and improve their profit margins. Critics say the approach left the system stretched thin.
2022-09-19,As the war in Ukraine has put pressure on the global markets for food Russia has spread conspiracy theories that blame the West.
2022-09-19,Three outlets will open in Kyiv for delivery before a wider reopening in the capital and west of the country over the next two months.
2022-09-19,The automaker said shortages of parts are continuing to hurt its ability to make and sell vehicles.
2022-09-19,The public offering values the luxury sports car maker at up to $75 billion.
2022-09-19,Ahead of a pivotal Federal Reserve meeting on Wednesday prominent investors and business leaders have warned that the worst may be yet to come for the markets.
2022-09-19,The report by New York University’s Stern Center for Business and Human Rights argues that the companies fuel false conspiracies about election fraud despite promises to combat them.
2022-09-19,The world’s largest asset manager advised Ukraine on how to revive the country’s shattered economy by attracting public and private investment.
2022-09-20,The “net zero” carbon goal aligns the fund which has stakes in over 9000 companies with many other large asset managers.
2022-09-20,The project also illustrates how difficult it is to get lithium out of the ground and break China’s dominance in processing the metal and turning it into batteries.
2022-09-20,New research from Mozilla shows YouTube users have little control over what is recommended to them.
2022-09-20,Wall Street will watch the central bank’s economic forecasts closely on Wednesday when another jumbo-size rate increase is expected.
2022-09-20,A prominent critic of investing that factors in climate and social considerations wants to use shareholder pressure to refocus companies on profits.
2022-09-20,Therabody will use the money to invest in digital content and acquisitions and is set to announce new products.
2022-09-20,Interest in special purpose acquisition companies has waned as the fear of rising inflation pushes investors toward more conservative assets.
2022-09-20,The company said it was bringing the awards show back under a one-year agreement to be broadcast on Jan. 10 and streaming on Peacock.
2022-09-20,After going dark during Hillary Clinton’s 2016 presidential campaign the Clinton Global Initiative is back.
2022-09-20,Hoping to firm up finances or secure a permanent home museums and theater groups across the nation are teaming up with developers to add housing retail and restaurants to their sites.
2022-09-21,Federal Reserve officials ramped up their battle against the fastest inflation in 40 years on Wednesday ushering in a third straight supersize rate increase while projecting a more aggressive path ahead for monetary policy one that would lift interest rates higher and keep them elevated longer.
2022-09-21,The chief executives of JPMorgan Chase Bank of America and Citigroup are among the Wall Street leaders set to testify in Washington.
2022-09-21,The accessibility features Apple and Google include in their mobile software can help people of all abilities get more from their devices.
2022-09-21,Yes the Federal Reserve raised rates on Wednesday. But Wall Street is focused on what the Fed has planned for the rest of this year and beyond.
2022-09-21,In a lawsuit filed in California a former employee said the media company did not appropriately handle her complaints about a top editor.
2022-09-21,As the platform draws more political content it is putting up barriers to prevent politicians from spending or making money by promoting themselves.
2022-09-21,Jesse Powell the chief executive has battled with employees after posting messages about race and gender and urging those who disagreed with his values to leave.
2022-09-21,National Labor Relations Board officials said the company had applied its workplace rules unfairly and asked it to change or scrap the regulations.
2022-09-21,The video game streaming service is struggling to strike the right balance between popularity and profit.
2022-09-21,The Federal Reserve is raising interest rates to fight inflation. Some economists want more; some politicians want less. What’s the logic?
2022-09-22,The S.E.C. said Boeing had misled investors by suggesting that human error was to blame for two deadly crashes and omitting the company’s concerns about the plane.
2022-09-22,Federal Reserve officials and their counterparts around the world are trying to defeat inflation by rapidly raising interest rates. They know it will come at a cost.
2022-09-22,A federal watchdog tripled its earlier estimate of benefits that the U.S. government paid to people who weren’t entitled to them.
2022-09-22,The currency’s decline to a point not seen in 24 years prompted the rare action as officials keep interest rates low.
2022-09-22,A cache of nearly 160000 files from Russia’s powerful internet regulator provides a rare glimpse inside Vladimir V. Putin’s digital crackdown.
2022-09-22,The Federal Reserve has more jumbo-size interest rises planned stoking fears of downturns in the housing labor and stock markets.
2022-09-22,Britain is fighting inflation which is running near its fastest pace in decades. Policies to cap energy costs and cut taxes complicate the outlook.
2022-09-22,A network of fast charging stations in the Canadian province could serve as a template for how to make road trips easier for drivers of electric cars.
2022-09-23,The new economic policies are meant to hark back to Thatcher-era policies but they come at a fraught time for Britain’s public finances.
2022-09-23,Stocks bonds and the pound were jolted by policy details from the new government that entailed a huge rise in borrowing.
2022-09-23,The S&P 500 fell 1.7 percent putting the index on track for a second consecutive weekly decline and the yield on the 10-year Treasury note a benchmark for borrowing costs rose slightly.
2022-09-23,The U.S. benchmark oil price fell below $80 a barrel for the first time since the start of the year.
2022-09-23,Ukraine estimates it would cost $750 billion to rebuild the war-battered country.
2022-09-23,For those who worked from home for two-and-a-half years and are only now returning to an office an entire lifestyle needs to be undone or readjusted. We want to hear about it.
2022-09-23,In some corners of the market investors just don’t see how the Federal Reserve can lower inflation without risking high unemployment.
2022-09-23,Central banks around the world raised interest rates this week to combat inflation. That’s raising concerns among investors about an economic slump.
2022-09-23,The agreement which headed off a strike last week must still pass muster with union members.
2022-09-23,The Stoxx 600 index which includes large companies from 17 European countries fell 2.3 percent on Friday pushing the index down about 21 percent from its Jan. 5 peak.
2022-09-24,The AOL co-founder Steve Case sees a need for entrepreneurial hubs beyond the coasts. “Let’s have it be a few dozen cities” he says.
2022-09-24,With the help of a consulting firm the Providence hospital system trained staff to wring money out of patients even those eligible for free care.
2022-09-24,A study that looked back at those tests found that relatively weak social connections were more helpful in finding jobs than stronger social ties.
2022-09-25,Two airlines allow dispatchers who share operational authority over flights to do their jobs remotely. Some in the industry take issue with that.
2022-09-25,Extreme heat is testing the way energy is generated delivered and traded — and raising the prospect of perpetual emergencies.
2022-09-26,The renminbi which is tightly controlled by China’s central bank has consistently traded at the weaker end of its range in recent weeks.
2022-09-26,Prosecutors in Seoul issued an arrest warrant last week for Mr. Kwon on charges of violating South Korea’s financial laws. His cryptocurrencies Luna and TerraUSD crashed in May.
2022-09-26,The British currency briefly reached a low point against the U.S. dollar and statements from the government and central bank did little to steady the markets.
2022-09-26,Stocks and bonds in Europe and Asia fell on Monday as did futures in American markets as developments in Britain and Italy weighed on investors.
2022-09-26,The company’s chief marketing officer announced her departure on the heels of a management shake-up that included the exit of two of its founders.
2022-09-26,The global economy is paying “a very heavy price” for Russia’s war in Ukraine the Organization for Economic Cooperation and Development said.
2022-09-26,The Federal Reserve may have no choice but to wage a relentless inflation fight but countries rich and poor are feeling the pain of plunging currencies.
2022-09-26,We want to hear from you.
2022-09-26,The likenesses of King Charles III and Queen Elizabeth II will be in circulation simultaneously in Britain the Bank of England said.
2022-09-26,British regulators have sent a warning notice to the company the first major case under new rules in Britain that protect minors online.
2022-09-27,The Justice Department charged three men with fraud for their role in a scheme to bolster the value of a New Jersey sandwich shop that brought in less than $40000 in annual sales.
2022-09-27,The rising cost of land in city centers an increased interest in walkable neighborhoods and growth in online car shopping have made urban dealerships tempting targets for redevelopment.
2022-09-27,The parent of Facebook and Instagram said that it had taken down what was the first targeted Chinese campaign to interfere in U.S. politics and that the effort was limited.
2022-09-27,The cryptocurrency has risen 6.5 percent over the past seven days bucking the trend as a strong dollar sinks other currencies.
2022-09-27,Publicly traded corporate landlords are reporting some of their highest margins ever while smaller operators say rent increases are eaten up by costs.
2022-09-27,A lawyer at a conservative legal group said in a complaint that he would personally be financially harmed by the government’s approach.
2022-09-27,The Bank of England’s chief economist offered a first glimpse into how it will assess the government’s sweeping package of tax cuts borrowing and spending.
2022-09-27,Alex Mashinsky the founder of Celsius which filed for bankruptcy in July said his role had “become an increasing distraction.”
2022-09-27,The S.E.C. fined several big banks for not monitoring employees who used private apps to discuss work or preserving those messages.
2022-09-27,Federal Reserve officials say they can cool down the economy without causing a recession. They admit that there are risks.
2022-09-28,Officials are saying the city will bounce back. But even before 2020 Chinese control was changing Hong Kong’s character and driving people away.
2022-09-28,The purchases are designed “to restore orderly market conditions” the central bank said after days of turmoil that followed the government’s plan for sweeping tax cuts and higher borrowing.
2022-09-28,Natural gas prices soared in Europe and stocks fell as officials  investigate the causes of the Nordstream 1 and 2 gas pipeline explosions.
2022-09-28,The athleisure brand bought the interactive fitness company Mirror for $500 million in 2020 when at-home workouts were booming because of Covid lockdowns.
2022-09-28,Less than two years after announcing the marriage and their intent to give money away together Ms. Scott has parted ways with her second husband a teacher.
2022-09-28,The S&P 500 rose at the beginning of trading after six consecutive days of trading the longest streak since the beginning of the pandemic.
2022-09-28,The Bank of England had to step in Wednesday after markets deemed a new government economic plan unwise but the pound has been on a longer slide.
2022-09-28,Member countries vote on Thursday for an American or a Russian to lead the International Telecommunication Union which sets standards for new technologies.
2022-09-28,Several banking trade groups have sued the Consumer Financial Protection Bureau claiming it has exceeded its authority with anti-discrimination enforcement.
2022-09-28,From more photo-based results to neighborhood “vibe” checks the company announced updates meant to keep two of its most popular products on trend.
2022-09-29,Volkswagen spun off the German carmaker on the Frankfurt Stock Exchange where its stock began trading higher despite a broader decline in European markets.
2022-09-29,Consumer prices rose 10.9 percent over the year through September much higher than expected driven by high energy and food prices.
2022-09-29,Gross domestic income adjusted for inflation grew more modestly than first estimated. Unlike gross domestic product though it remained positive.
2022-09-29,The administration’s move has brought down gasoline prices. Some experts say continued withdrawals could test the nation’s energy security.
2022-09-29,As severe weather events become more frequent pricing the risk associated with them will only get trickier.
2022-09-29,Investors are worried about a global slowdown as central bankers take a hard line against inflation looking to cool the economy by raising interest rates.
2022-09-29,The Federal Reserve will put big banks through climate scenario tests next year but the exercises will not force banks to raise capital.
2022-09-29,After nearly three years Google has decided to winnow its video game ambitions because Stadia was less popular than it had anticipated.
2022-09-29,The company’s chief executive had signaled for several months that he wanted to rein in costs as he shifts attention toward the metaverse.
2022-09-29,The use of propaganda in the country has been on overdrive in the pandemic with some Chinese citizens arguing the language has bordered on “nonsense.”
2022-09-30,Inflation stayed far above the Federal Reserve’s goal in August as prices climbed more quickly than economists expected.
2022-09-30,Americans earned more and spent more in August the latest sign that the economic recovery remains on track despite rising interest rates.
2022-09-30,The losses in tech stocks and bonds is wrecking investor portfolios and analysts warn of more sell-offs.
2022-09-30,The S&P 500 has fallen for three consecutive quarters the kinds of losses investors have not faced since 2009.
2022-09-30,Indonesia has cleared an mRNA Covid-19 vaccine developed by a Chinese company. But those types of shots considered among the most effective aren’t yet available in China.
2022-09-30,Complex financial instruments that pension funds use to minimize the impact of interest rate changes led to the bond market rout.
2022-09-30,The airline said it was too small to compete at the airport and would cease flights there at the end of October.
2022-09-30,Transcript withholding can make it difficult for students to apply for jobs even if they’ve graduated since they can’t prove to prospective employers that they have a degree.
2022-09-30,The financial turmoil in Britain has led to soaring interest rates prompting many lenders to withdraw products and stoking worry among homeowners about rising costs.
2022-09-30,Jumps in energy and food prices again pushed inflation in the 19 countries that use the euro to the highest annual rate recorded since the currency was created.
